url,centroid_sim
http://sitnik61.livejournal.com/category/%D0%BB%D1%8B%D1%82%D0%B4%D1%8B%D0%B1%D1%80,0.83348036
http://aspasia14.livejournal.com/309257.html,0.82857895
http://chetvergvecher.livejournal.com/category/%D1%86%D0%B2%D0%B5%D1%82%D1%8B,0.82604575
http://az118.livejournal.com/1054767.html?view=comments,0.8258536
http://labas.livejournal.com/844777.html,0.8256389
http://analizator-sam.livejournal.com/category/%D0%B1%D0%B5%D0%BB%D0%B0%D1%80%D1%83%D1%81%D1%8C,0.8254562
http://dergachev-va.livejournal.com/214588.html,0.8223052
http://eugene771.livejournal.com/category/%D0%BA%D0%B8%D0%BD%D0%BE,0.8202101
http://selenadia.livejournal.com/category/%D0%BF%D1%83%D1%82%D0%B5%D1%88%D0%B5%D1%81%D1%82%D0%B2%D0%B8%D1%8F,0.81932515
http://ladstas.livejournal.com/4246.html,0.81897545
http://dibr.livejournal.com/485776.html,0.8187295
http://zinoviev-alex.livejournal.com/category/%D1%8D%D0%B7%D0%BE%D1%82%D0%B5%D1%80%D0%B8%D0%BA%D0%B0,0.8182242
http://essentialsaltes.livejournal.com/448122.html,0.8179437
http://artbuket.livejournal.com/2836853.html,0.81773335
http://mymaster.livejournal.com/category/%D0%BF%D1%80%D0%BE%D0%B8%D0%B7%D0%B2%D0%BE%D0%B4%D1%81%D1%82%D0%B2%D0%BE,0.8162985
http://lussien.livejournal.com/239251.html,0.81616396
http://judeomasson.livejournal.com/47404.html,0.81606096
http://dipkor.livejournal.com/64090.html,0.81587803
http://az118.livejournal.com/1744350.html,0.81582713
http://kungurov.livejournal.com/278145.html,0.8140978
http://a-bugaev.livejournal.com/1005608.html,0.8140516
http://essentialsaltes.livejournal.com/609388.html,0.8138341
http://shakko.ru/566898.html,0.81229794
http://inesacipa.livejournal.com/899545.html,0.8121339
http://landrover110.livejournal.com/138987.html,0.8112659
http://putnik1.livejournal.com/2012/11/16,0.81092715
http://prokhozhyj.livejournal.com?category=%D0%BA%D0%BE%D1%81%D0%BC%D0%BE%D1%81&skip=10,0.8103674
http://akozmin-7.livejournal.com/447213.html,0.81023854
http://little-details.livejournal.com/2007/12/20,0.80958176
http://shakko.ru/1614985.html?utm_source=3userpost,0.8094379
http://landrover110.livejournal.com/119682.html,0.8082893
http://koreanst.livejournal.com/39016.html,0.808224
http://anirik-01.livejournal.com/1648123.html,0.80783486
http://oleg-kozyrev.livejournal.com/4339836.html,0.80694866
http://elisa-rolle.livejournal.com/1791692.html,0.8059043
http://ysabetwordsmith.livejournal.com/4845547.html,0.804092
http://kcooss.livejournal.com/529958.html,0.8022211
http://hippy-end.livejournal.com/258490.html,0.80219924
http://chern-molnija.livejournal.com/2776388.html,0.80154335
http://liana-lll.livejournal.com/593340.html,0.8012714
http://chern-molnija.livejournal.com/category/%D0%BE%D1%82%D0%B7%D1%8B%D0%B2%D1%8B,0.8003617
http://little-details.livejournal.com/2008/10/28,0.8001048
http://little-details.livejournal.com/2008/03/29,0.79850745
http://ajbolit444.livejournal.com/882708.html,0.79848486
http://javax-slr.livejournal.com/399704.html,0.7965831
http://funcrunch.livejournal.com/349077.html,0.79548585
http://alex-rozoff.livejournal.com/341063.html,0.79463375
http://little-details.livejournal.com/2013/11/01,0.79397786
http://navalny.livejournal.com/776000.html?thread=430132544,0.7930343
http://dolphin-ca.livejournal.com/298736.html?utm_source=3userpost,0.788844
http://igrotop.com/tags/levels/posts,0.7887473
http://bad-service.livejournal.com/2011/01,0.7878245
http://adagamov.info/2015/08/31,0.78240764
http://www.clou.cz/lazury-na-drevo/vodou-reditelne/l12-kastan-2500ml,0.77984464
http://ecp-writes.livejournal.com/37866.html,0.777841
http://forum.stripovi.com/post.asp?FORUM_ID=17&REPLY_ID=2375391&TOPIC_ID=51763&method=ReplyQuote,0.7751676
http://ges.rgo.ru/jour/search/search?abstract=&authors=&coverage=&dateFromDay=&dateFromMonth=&dateFromYear=2011&dateToDay=&dateToMonth=&dateToYear=2011&discipline=&galleyFullText=&journalTitle=&query=climate+global+impact+tool+comprehensive&subject=%22ecosystem%22&suppFiles=&title=&type=,0.7748567
http://kingpin248.livejournal.com/146542.html,0.76966953
http://punkwalrus.livejournal.com/629428.html,0.76948047
http://milforum.net/node/10862/page3?view=stream,0.7667123
http://forum.powerbasic.com/forum/user-to-user-discussions/source-code/40352-verification-word-generation,0.7648792
http://www.twcenter.net/forums/showthread.php?752099-The-Chat-Thread-(Read-OP)=&s=9fe7808803abd86f5eca6107b795f123,0.7641166
http://m188fc.club/id-ID/Slot-Games/CqsGames,0.7581364
http://bulochnikov.livejournal.com/2019/11/22,0.7551617
http://www.vespaonline.de/forum/4825-anhaenger-fuer-p80x,0.75007707
http://nano.papercept.net/conferences/scripts/login.pl?SignIn=ON,0.74925995
http://dinastias.forogratis.es/realeza-y-sexualidad-t2031-384.html,0.7485845
http://lifestyle.netboard.me/profile/6636/followers,0.74821436
http://forum.meendocash.com/index.php?Session=dvkheiqbvq63ub3ejsvdep8or3&topic=41.msg178,0.74610543
http://www.vespaonline.de/forum/226745-falschluft-ueber-motor-oder-doch-vergaser-ich-finde-den-fehler-nicht?postID=965343,0.74565196
http://www.mrunix.de/forums/showthread.php?77083-Formularfelder-einblenden-in-Abhngigkeit-von-Auswahlmenue=&p=362088,0.74288636
http://jezykotw.webd.pl/f/index.php?topic=15.msg10764,0.7403166
http://walkitout.livejournal.com/2013/01/03,0.73986983
http://www.objectivistliving.com/forums/blogs/entry/721-the-arab-tyrants-manual-podcast/page/2?tab=comments,0.73936933
http://www.codeproject.com/script/Forums/View.aspx?df=90&display=PrintAll&fid=1647&fr=1&mpp=25&prof=True&select=5728188&sort=Position&spc=Relaxed&view=Normal,0.7320688
http://www.emath.co.il/forums/%D7%97%D7%93%D7%95%D7%90/102956.htm?s=faf6700c043f1516660329118d8ad2f5,0.731842
http://alexzgr1970.livejournal.com/3793407.html,0.7301434
http://www.vespaonline.de/forum/73455-passt-eine-monositzbank-pk-50-xl2-auf-pk-50-xl1,0.72612154
http://forum.burek.com/p47722/okno,0.7249381
http://www.fmsite.net/files/file/905-fm20-estructura-argentina-regionalizada-8-niveles-3660-clubes,0.72378343
http://www.adventuregamestudio.co.uk/forums/index.php?topic=44093.msg598996,0.72300106
http://intuit.ru/questions/qanda?filter=tags&key=intuit_social&option_id=230&option_id=356&owner_id=0&qanda-list_page=0&question_id=166&service=1&service_path=1,0.722167
http://www.unialien.com/clubhouse-app,0.7216073
http://888slot.cc/id-ID/Fishing-Games,0.7206043
http://orupaper.com/thamarai-23,0.7202925
http://www.adventuregamestudio.co.uk/forums/index.php?topic=54952.msg636585628,0.7183553
http://www.adventuregamestudio.co.uk/forums/index.php?topic=48054.msg636473749,0.71708846
http://practicaldev-herokuapp-com.global.ssl.fastly.net/amckean12/user-authentication-for-a-rails-api-and-a-react-client-part-1-server-side-3fej,0.7167963
http://www.adventuregamestudio.co.uk/forums/index.php?topic=44093.msg598992,0.7135794
http://packagist.org/packages/mozgbrasil/magento-bradesco-php_56,0.7130252
http://overworldgames.com/id-ID/Live-Casino/LiveCasinoMgc,0.712764
http://www.q3df.org/records/details?map=osumlogin,0.7122929
http://login.uniwits.com/en/m-muj7qa5vnidqett06tn87t7jm4/register?returnurl=http%3A//health.x.uniwits.com/m-ot9508p07oqvejlea6b7on2ll6/m/?cmd%3Drelogin%26gotourl%3D%252Fm-ot9508p07oqvejlea6b7on2ll6%252F,0.7117454
http://www.areavag.com/foro/memberlist.php?s=baf115b2fdc91b739a3753308efaf1e3,0.7116331
http://www.valuewalk.com/2016/10/4-investment-lessons-diversify-diversify-diversify-diversify,0.7095438
http://foro.lagrihost.com/tema-reactivacion-de-cuenta--3671,0.70863426
http://intuit.ru/questions/qanda?filter=tags&key=intuit_social&option_id=356&option_id=358&owner_id=0&qanda-list_page=0&question_id=512&service=1&service_path=1,0.70623505
http://intuit.ru/questions/qanda?filter=tags&key=intuit_social&option_id=356&option_id=363&owner_id=0&qanda-list_page=0&question_id=224&service=1&service_path=1,0.70623505
http://intuit.ru/questions/qanda?filter=tags&key=intuit_social&option_id=356&option_id=367&owner_id=0&qanda-list_page=0&question_id=224&service=1&service_path=1,0.70623505
http://flickriver.com/photos/llansades/tags/poitoucharentes,0.70530456
http://intuit.ru/questions/qanda?filter=tags&key=intuit_social&option_id=337&option_id=366&owner_id=0&qanda-list_page=0&question_id=565&service=1&service_path=1,0.70517033
http://intuit.ru/questions/qanda?filter=tags&key=intuit_social&option_id=337&option_id=364&owner_id=0&qanda-list_page=0&question_id=693&service=1&service_path=1,0.70517033
http://www.infoq.com/news/2011/10/heroku-gets-scala,0.7020588
http://www.lenr-forum.com/forum/thread/6140-photons-have-mass-robert-j-martineau-s-photodynamics?pageNo=1,0.70121634
http://webtranslateit.com/en/projects/2056-Sharetribe/locales/en..ca/strings/3815612,0.6980921
http://www.guidacquisto.com/tinta-colorata,0.69685566
http://www.guidacquisto.com/tinta-capelli-4-1,0.6957941
http://www.southperry.net/misc.php?do=bbcode&s=370245f7bcac4682b16f867886fef8ea,0.6957116
http://amalthea.ioff.de/showthread.php?424714-Pakete-Briefe-manchmal-kommen-sie-sogar-an-irgendwo/page6=&s=e5b6aa3306de93e08f22e853e8eab203,0.69569767
http://www.kia-board.de/forum/index.php?pageNo=9&s=3cdd7618649d2f2d0b5203c45e2477656df912aa&thread/32713-verbrauch-1-7-crdi/=,0.69560015
http://flickriver.com/photos/alanchanflor/50821584348,0.69537437
http://intuit.ru/questions/qanda?filter=tags&key=intuit_social&option_id=520&option_id=578&owner_id=0&qanda-list_page=1&question_id=362&service=1&service_path=1,0.6947668
http://intuit.ru/questions/qanda?filter=tags&key=intuit_social&option_id=308&option_id=532&owner_id=0&qanda-list_page=1&question_id=353&service=1&service_path=1,0.69388425
http://machprinciple.com/post/burning-ice-planet-gliese-436-b,0.6932446
http://webtranslateit.com/en/projects/2056-Sharetribe-Go/locales/pl..en/strings/2202537,0.69277024
http://childrenoflight.xyz/kazino-onlajn-goxbet-v-ukraine,0.69192374
http://www.scuolainfanziacortina.it/laboratorio-psicomotricita,0.6909815
http://flickriver.com/photos/properjobproductions/tags/steppeeagle,0.6904738
http://researcherssite.com/how-to-import-and-use-csv-file-into-julia-windows,0.6879324
http://www.aaemusic.com/artist/beaux-arts-trio,0.68767846
http://www.6thcorpscombatengineers.com/forumnew/misc.php?action=syndication,0.68728995
http://learn.forumvi.com/login?redirect=/u413,0.68628293
http://joop.bnnvara.nl/opinies/geert-doe-er-wat-aan,0.6861957
http://astronomy.activeboard.com/t4381685/hawking-interview?page=5,0.686195
http://nomadlist.com/nomad-guide/tallinn,0.68618655
http://www.austriansoccerboard.at/topic/118011-die-austria-und-das-liebe-geld/page/527?tab=comments,0.68606156
http://www.oldunreal.com/cgi-bin/yabb2/YaBB.pl?board=OtherUEngineGames&tsort=6,0.685793
http://intuit.ru/questions/qanda?filter=tags&key=intuit_social&option_id=458&option_id=597&owner_id=0&qanda-list_page=1&question_id=546&service=1&service_path=1,0.6852346
http://vestnikdv.ru/jour/article/view/245/246,0.68385214
http://modelshipworld.com/profile/36717-bill97/content?type=gallery_image,0.683818
http://www.lanuovaecologia.it/scuola-mare-biodiversita-progetto-goletta-verde-catholica,0.6836605
http://www.translatum.gr/forum/index.php?topic=11967.msg186009,0.6830338
http://obkladkamen.cz/en/fotogalerie,0.6813829
http://aboutbasquecountry.eus/en/2016/04/04/importando-el-rito-del-txotx-a-carolina-del-norte,0.6810146
http://forum.mrmoneymustache.com/antimustachian-wall-of-shame-and-comedy/relatives-who-just-don't-get-it/msg1076450,0.6800486
http://forum.mrmoneymustache.com/antimustachian-wall-of-shame-and-comedy/relatives-who-just-don't-get-it/msg2194050,0.6800486
http://www.alternatehistory.com/forum/threads/stupid-luck-and-happenstance-thread-iii.489281/page-164,0.6795999
http://www.flickriver.com/photos/axle81401/tags/sheridan,0.67924416
http://www.size-explorer.com/de/compare/buildings/23+marina/ponte+city+apartments,0.6789223
http://www.orangemane.com/forum/jibba-jabba/war-religion-and-politics-thread/2378-,0.677879
http://www.q3df.org/records/details?map=koz25&physic=1,0.67742676
http://evo-diver.bplaced.net/forum/index.php?item=user.login&page=Help&s=91a41b2a5ab1d544c2c0194da656ad096fcc9417,0.67692256
http://evo-diver.bplaced.net/forum/index.php?item=user.login&page=Help&s=ec0e4e9c6b81bf0c6338f0496a152ba68e40873a,0.67692256
http://journals.eco-vector.com/0016-853X/search/authors/view?firstName=T.&lastName=Artyomenko&middleName=V.,0.676592
http://f3news.in/shiv-sena-ne-23-candidate-ki-list-jaari-ki%E0%A4%AA%E0%A5%8D%E0%A4%B0%E0%A4%AD%E0%A4%BE%E0%A4%97-%E0%A4%95%E0%A5%8D%E0%A4%B0%E0%A4%AE%E0%A4%BE%E0%A4%82%E0%A4%95-1-%E0%A4%AA%E0%A5%8D%E0%A4%B0,0.67632484
http://flickriver.com/photos/fotonunti/50025302096,0.6759771
http://www.flickriver.com/photos/tags/groupofpeople,0.6757454
http://www.azulweb.net/redes-neuronales-en-javascript-curso-gratuito,0.6755646
http://journals.rudn.ru/world-history/search?subject=+nuclear+disarmament,0.6755478
http://jcc.computationalcreativity.net/about/submissions,0.67554307
http://jazz.org.au/directory/listing/australia-council-for-the-arts?category=0&directory_radius=100&is_mile=1&p=2&tab=nearby&view=list&zoom=15,0.675499
http://www.akiba-online.com/misc/style?redirect=/threads/usenet-migd-358-tsubomi-semen-gulping-idol-special-drinking-198-shots-270-minute-hd.1652430/,0.6751962
http://www.free-photos.biz/photographs/nature/rivers/1506703_visjoan_jan_2010.php,0.674677
http://forums.egullet.org/topic/161657-sanitizing-greens?tab=comments,0.67467535
http://forwardemail.net/fr/about,0.6737021
http://flickriver.com/photos/145003604@N02/50287417233,0.6733747
http://www.pling.com/p/1018259,0.672035
http://hive.blasux.ru/u/ninesigns/BnW/Memes?action=diff,0.6715453
http://africafeeds.com/2020/10/14/500-volunteers-still-battling-fire-on-mount-kilimanjaro,0.67153454
http://www.gsprating.com/tag/battlefield,0.67150223
http://forum.expat.ru/showthread.php?678712-Dear-Ernst=&p=1496807&s=296c7ddb8067e8c91749b3e51cf706b7,0.67142016
http://journals.eco-vector.com/1682-7392/login?loginMessage=payment.loginRequired.forArticle&source=/1682-7392/article/view/50541/en_US,0.6711425
http://www.a7a10.net/forum/index.php?topic=12089.msg108065,0.6709899
http://www.arutelud.com/posting.php?f=5&mode=quote&p=5397,0.66975164
http://hitechgazette.com/fix-netflix-error-codes,0.6692613
http://www.newstvlivestream.com/ksfy-abc-13-news-sioux-falls-sd-live,0.66892684
http://savannah.gnu.org/bugs?func=detailitem&item_id=17100,0.6679921
http://www.kartonbau.de/forum/thema/26648-audi-r18-tdi?postID=450971,0.6678033
http://flickriver.com/photos/tags/anklamerstrase/interesting,0.66716254
http://kunifuchs.de/burningboard/index.php?item=user.login&page=Help&s=ed602f6e5bbd18778ad7e726512f76b2def26580,0.66691124
http://flickriver.com/photos/bugatto/50534286983,0.6668786
http://www.gape.org/cgi-bin/yabb/YaBB.pl?num=1148982906/49,0.6656383
http://atheistdiscussion.org/forums/showthread.php?pid=284723&tid=6343,0.6655023
http://www.secretprojects.co.uk/threads/the-movie-dr-strangelove.5251,0.66544497
http://forums.geocaching.com/GC/index.php?/topic/265307-głosowanie-na-polskiego-suwenira/=,0.6654321
http://hindimein.net/2020/04/terrifying-airports,0.6650888
http://mtg.fandom.com/wiki/Banned_and_restricted_cards/Timeline?action=edit&section=24,0.6647181
http://anne.xobor.de/blog-1645.html,0.66471314
http://www.eevblog.com/forum/projects/tesla-coil-q_s/msg762018,0.66449016
http://fort-russ.com/2018/10/the-swamp-im-just-sayin-were-gonna-need-a-bigger-drain,0.66437805
http://www.flickriver.com/places/Deutschland/Bayern/N%C3%BCrnberg,0.6638893
http://forum.saiga-12.com/index.php?/topic/86389-ak-builders-got-a-question/=&tab=comments,0.6636658
http://www.hardrockforums.com/threads/spread-eagle.16835,0.6634643
http://www.newstvlivestream.com/wjbf-abc-6-news-augusta-ga-live,0.6632264
http://www.orangemane.com/forum/orange-mane-discussion/orange-mane-central-discussion/4721-,0.66317797
http://fai.org.ru/forum/topic/36308-mnogorazovaya-mnogostupenchataya-raketa?page=5,0.6622785
http://flickriver.com/photos/190817540@N03/50789142576,0.6615724
http://www.religiousforums.com/threads/abrahamic-only-who-is-jehovah.79706/page-8,0.66129744
http://journals.eco-vector.com/2410-3764/article/view/24155/en_US,0.6612413
http://fai.org.ru/forum/topic/31238-zheleznyie-dorogi-gruzii-i-zakavkazya-postroennyie-v-1872-1913-gg,0.661083
http://forum.war2glory.com/index.php?item=user.login&page=Help&s=18adf1d30a4cf1bca5a95453ce962baa17ee26e1,0.66042066
http://forums.xonotic.org/showthread.php?pid=40124&tid=3006,0.66020477
http://www.flickriver.com/photos/gothamayurveda/22547102692,0.6599386
http://www.flickriver.com/photos/miro_krol/tags/animal,0.6592195
http://www.flickriver.com/photos/tags/seescape/interesting,0.6589247
http://comedonchisciotte.org/quellaccordo-segreto-per-aiutare-i-migranti-gentiloni-perche-non-parli-di-pontus,0.65860045
"http://mazeto.net/index.php/topic,4910.msg120022.html",0.6585622
http://flickriver.com/photos/tags/17/interesting,0.65831053
http://design-develop-test.com/linux-ssl-error-61,0.657428
http://www.racoblaugrana.com/entorn-barca/carta-oberta-a-santi-nolla-i-joan-vehils,0.6568569
http://forum.czaswojny.interia.pl/index.php?item=user.login&page=Help&s=caba52fb274d6d93605076bfb9449c87546b9257,0.6562098
http://www.mhistory.net/pl/polska-husaria-najskuteczniejsza-i-najpiekniejsza-jazda-swiata,0.6556859
http://journals.rudn.ru/semiotics-semantics/search?subject=+Functions+of+Title,0.65503323
http://remi88.asia/contact.php,0.6548687
http://www.zgkult.eu/2020/06/20/one-hoce-isto-sto-i-mi,0.65458524
http://planetpov.com/2010/12/25/the-112th-congress-new-senate-new-rules-mark-your-calendar-1-5-2011,0.65440464
http://flickriver.com/photos/kirklougheed/50615697116,0.65418065
http://cc-cedict.org/editor/editor.php?handler=InsertSimpleEntry&insertsimpleentry_old_cedict=%E8%B2%AA%E6%B1%82%E7%84%A1%E5%8E%AD+%E8%B4%AA%E6%B1%82%E6%97%A0%E5%8E%8C+%5Btan1+qiu2+wu2+yan4%5D+/insatiably+greedy+%28idiom%29/,0.65416086
http://cc-cedict.org/editor/editor.php?handler=InsertSimpleEntry&insertsimpleentry_old_cedict=%E5%A5%8E%E5%AF%A7+%E5%A5%8E%E5%AE%81+%5Bkui2+ning2%5D+/quinine+%28loanword%29/,0.65416086
http://cc-cedict.org/editor/editor.php?handler=InsertSimpleEntry&insertsimpleentry_old_cedict=%E9%99%B0%E9%AD%82%E4%B8%8D%E6%95%A3+%E9%98%B4%E9%AD%82%E4%B8%8D%E6%95%A3+%5Byin1+hun2+bu4+san4%5D+/lit.+the+soul+of+a+deceased+has+not+yet+dispersed+%28idiom%29/fig.+the+influence+still+lingers+on/the+spirit+%28of+some+doctrine%29+is+still+alive/,0.65416086
http://www.flickriver.com/photos/kirklougheed/50868544206,0.6540059
http://www.guitarscanada.com/threads/class-a-or-class-ab-texture-knob.8038,0.6539967
http://www.crossdressers.com/forums/misc.php?do=bbcode&s=1db5f144294b0f04abd14b354a6bc1fc,0.65354526
http://www6.filmstreaming.to/films/la-catin-2010,0.6527151
http://nextleveltricks.net/hotstar-premium-accounts,0.65263677
http://www.objectivistliving.com/forums/topic/18377-david-de-hilster?tab=comments,0.6521925
http://www.drlaptop.gr/en/5416-samsung-clt-m506s-magenta-ton.html,0.6518866
http://www.ewoutkieckens.com/2020/09/30/database-is-at-the-heart-of-the-italian-art-squad,0.65167046
http://www.flickriver.com/photos/ralf-steinberger/popular-interesting,0.65123594
http://flickriver.com/photos/brigguslad/tags/trees,0.6512344
http://www.flickriver.com/photos/54358344@N05/tags/nonpcv,0.64993936
http://journals.rudn.ru/psychology-pedagogics/search?subject=multidimensional+scaling,0.64986634
http://how-to-learn-any-language.com/forum/forum_posts.asp?PN=0&TID=31338&TPN=56,0.6496984
http://www.flickriver.com/groups/un_cuaderno_que_se_abre/pool/random,0.64967656
http://www.kenyatalk.com/index.php?threads/this-jokers.8427/=,0.64919263
http://overunity.com/3475/appears-to-be-overunity-cicuit/msg55322,0.64878345
http://www.offerte-divani.it/divani-angolari-con-consegna-a-susa-torino,0.64853704
http://cuties.social/terms,0.6482532
http://savannah.nongnu.org/bugs?23398=,0.64810175
http://www.guideofficiel.fr/fallout-new-vegas,0.6479643
http://flickriver.com/photos/strandgutsuche/tags,0.64664966
http://mtg.fandom.com/wiki/Banned_and_restricted_cards/Timeline?action=edit&section=26,0.64651686
http://puma.uni-kassel.de/user/03420493?bibtex.entriesPerPage=50&bookmark.entriesPerPage=5&lang=ru,0.646204
http://www.frontforen.de/index.php?item=user.login&page=Help&s=fbdb37873bdc288c421ca593eee7293901408609,0.64563835
http://www.amazingrrc.com/product/buy-alprazolam-online,0.6451583
http://www.traildino.com/trace/continents-Europe/countries-Germany/trails-Rennweg,0.6444541
http://directory.fsf.org/wiki?action=formedit&title=Elpy,0.64408445
http://www.gardenplansireland.com/forum/post-41515.html,0.6431399
http://tuottavamaa.net/forum/index.php?topic=83.msg404,0.6431193
http://ecorenovator.org/forum/showthread.php?p=12315&s=6afd8e01094f8c5106e5bdc1b7b67f0b,0.6431006
http://healthfactsday.com/ultra-fast-keto-boost-reviews,0.6430458
http://www.wealthypersons.com/pamela-anderson-net-worth,0.64117813
http://www.flickriver.com/photos/27047646@N00/tags,0.6406839
http://en.uesp.net/wiki/Special:Contributions/190.173.125.238,0.6402862
http://nomadlist.com/next/nottingham,0.63877183
http://www.hrwiki.org/w/index.php?action=edit&section=1&title=Chippies%21,0.6377394
http://mybroadband.co.za/forum/threads/bark-stripping-a-concern.1112421,0.63685566
http://overunity.com/18617/rant-caffe-asylum/msg550005,0.6361942
http://www.flickriver.com/photos/146292120@N06/popular-interesting,0.6358335
http://overunity.com/3842/muller-dynamo/msg285432,0.63573587
http://council.smallwarsjournal.com/showthread.php?13879-Turkey-what-is-going-on/page2=&s=7b9f14385f6adf04df3d460a14f1abc1,0.63548374
http://dailycontributors.com/why-people-need-microsoft-office-on-their-pcs,0.6350344
http://www.mylionking.com/w/index.php?returnto=Special%3ARecentChangesLinked&returntoquery=days%3D7%26from%3D%26hidebots%3D0%26limit%3D500%26target%3DPembe&title=Special%3AUserLogin,0.63481516
http://webtranslateit.com/en/projects/15933-Mirror/locales/ro..en-US/strings,0.63464326
http://forums.pubsgalore.co.uk/showthread.php?1410-Tandleman-s-Beer-Blog-Irish-Arithmetic=&goto=nextnewest&s=20a56cb69c1560f2bb7fccf6521918ad,0.6344107
http://forums.highrez.co.uk/viewtopic.php?p=9834,0.6341629
http://directory.fsf.org/wiki?action=formedit&title=Tkabber,0.6340999
http://www.size-explorer.com/en/compare/buildings/93/berlin+cathedral,0.6336644
http://www.cracked.com/article_26164_the-sopranos-movie-has-found-its-new-gandolfini-literally.html,0.6329125
http://in.elogin-db.com/sign-in-f,0.632751
http://ticgmcm2011.wikidot.com/grupo-2,0.6323736
http://museu.ms/museum/details/327/museums-and-art-galleries-of-the-northern-territory,0.6318417
http://job4life.ro/tag/contract,0.6310464
http://overunity.com/16698/free-energy-from-electromagnetic-wave-fields/msg513110,0.63093567
http://overunity.com/3457/selfrunning-cold-electricity-circuit-from-dr-stiffler/msg272636,0.62978697
http://gtaforums.com/topic/662926-general-north-korea-discussion/page/3?tab=comments,0.62951946
http://www.archiefans.com/index.php?frontpage=&p=0,0.62893754
http://forums.ukcs.net/viewtopic.php?f=35&start=1640&t=10263,0.62888813
http://www.wertpapier-forum.de/topic/35354-wann-kommen-die-elektroautos/page/4,0.62815315
http://wiki.cemu.info/wiki/AGMP01,0.62787116
http://overunity.com/17186/the-bifilar-pancake-coil-at-its-resonant-frequency/msg504681,0.62751496
http://bondforum.pf-control.de/index.php?item=user.login&page=Help&s=fe574f267cb130ed3074f74bcf0706e0d68a91bd,0.62739956
http://bondforum.pf-control.de/index.php?item=user.login&page=Help&s=79f851966401c34c50f4b85f9591973f02782912,0.62739956
http://flickriver.com/photos/tags/foodphotography/interesting,0.62704337
http://fryguy64.proboards.com/thread/3985/frog-bell-tolls?page=2,0.62670225
http://journals.eco-vector.com/1560-9588/article/view/37137,0.6256095
http://journals.eco-vector.com/2410-3764/article/view/24352,0.62491906
http://www.narutoforums.org/blogs/my-stance-on-pairings-part-two-indifference.3776,0.6248058
http://puma.ub.uni-stuttgart.de/tag/k%C3%A4ltemaschine?bibtex.entriesPerPage=5&lang=en&sortPageOrder=asc,0.624575
http://de.streema.com/radios/Radio_Netherlands_Worldwide,0.6243851
http://www.l.mediatly.com/cards/view/334960,0.6236831
http://www.netweather.tv/forum/topic/86567-worldwide-mountain-snow-sports-discussion-201617/page/7?tab=comments,0.62241155
http://overunity.com/14029/bashars-spacecraft-engine/msg380136,0.6222279
http://www.musicbanter.com/punk/12694-punk-education-thread-2.html,0.6216469
http://www.srns.ru/mediawiki/index.php?returnto=%D0%94%D1%83%D0%B1%D0%B8%D0%BD%D0%B8%D0%BD&returntoquery=&title=%D0%A1%D0%BB%D1%83%D0%B6%D0%B5%D0%B1%D0%BD%D0%B0%D1%8F%3A%D0%92%D1%85%D0%BE%D0%B4,0.62135625
http://www.forum.cosmoquest.org/showthread.php?138205-What-are-you-watching=&p=2528107&s=72e08e283b2d7e89806cf8c100e120e1,0.6203466
http://cosmoschronicle.com/egypt-pushing-for-political-settlement-in-syria,0.62013024
http://forums.xonotic.org/showthread.php?pid=60051&tid=4272,0.6191348
http://wordpress.tv/subtitle?video=83542,0.6188547
http://www.flickriver.com/photos/74810639@N02/popular-interesting,0.617501
http://overunity.com/17484/who-would-you-like-to-witness-a-self-runner/msg512684,0.6167306
http://gtaforum.pl/profil/17838-mattthehuman/zawartosc,0.6159089
http://www.worldofcoins.eu/forum/index.php?topic=1461.msg288137,0.6156585
http://forum.battlefield-berlin.de/index.php?item=user.login&page=Help&s=82af98f94e9ceddc1f4edcb488e3a4e211d4ff42,0.6153939
http://270soft.ipbhost.com/topic/17909-trump-leadership-shines-again/page/2,0.6149492
http://overunity.com/profile/jbd_20.104494,0.614488
http://overunity.com/profile/sourcecode.29097,0.614488
http://www.newspost.in/online-paise-kaise-kamaye-384.html,0.6141689
http://forums.tcm.com/topic/139888-train-shots/page/2?tab=comments,0.61408377
http://ah.fm/forum/showthread.php?99411-Markus-Schulz-presents-GDJB-with-Dennis-Sheperd-guestmix-on-AH-FM-22-01-2021=&p=3685182&s=972b6e264368887360679e108b9e5cfa,0.61371386
http://zabytek.pl/en/obiekty?timeMax=1667&timeMin=1567,0.6136524
http://ru.wikimedia.org/wiki/%D0%A3%D1%87%D0%B0%D1%81%D1%82%D0%BD%D0%B8%D0%BA:Lesless,0.6134615
http://forums.questionablecontent.net/index.php?topic=34432.msg1429203,0.61266094
http://pixel.rangueil.net/site/kb/your-profile,0.6124668
http://www.originalpoetry.com/old-ironside,0.61229503
http://flickriver.com/groups/48889078629@N01/pool/interesting,0.6122771
http://flickriver.com/photos/esteban16/47587663531,0.6116197
http://www.cinematheque.ru/person/58844/Hans-W.-Petersen,0.6115626
http://www.forum.cosmoquest.org/showthread.php?175973-Time-travel-can-t-change-history=&p=2524057&s=a290feab6964b7bb352b1d0820322f17,0.6114459
http://www.newstvlivestream.com/wxii-nbc-12-news-winston-salem-nc,0.6104375
http://bitcoinforum.com/altcoin-discussion/general-bytes-bitcoin-atm-models-have-been-upgraded-to-support-dash?prev_next=prev,0.6097022
http://wiki.cncz.science.ru.nl/index.php?returnto=Oud_medewerkers&title=Speciaal%3AOpenIDAanmelden,0.6094022
http://www.scienceforums.net/topic/41745-the-difficult-question-of-morality-is-it-really-so-difficult?tab=comments,0.6093118
http://admin.english-with-fun.com/movie/watch/winchester_2018,0.6085388
http://www.defenceturk.com/index.php?topic=978.msg30802,0.60845965
http://www.lancia.myzen.co.uk/forum/index.php?topic=10965.msg78301,0.6080015
http://northpolehoops.com/2013/11/21/pain-vs-hurt-maintain-your-health-maximize-performance,0.60741365
http://feelchelsea.com/analysis/player-analysis/tammy-hot-tip-head-scoring-charts,0.6070916
http://es.streema.com/radios/The_Boardwalk_WQSC,0.6069428
http://www.goldenskate.com/forum/threads/johnny-weir-leads-u-s-figure-skating-hall-of-fame-class-of-2021.87508,0.60668015
http://libraryhub.nejm.org/frequently-asked-questions,0.6054997
http://www.cruisebe.com/freedom-square-tallinn-estonia,0.6053707
http://forum.dyatlovpass.com/index.php?topic=411.30,0.6049182
http://www.skyscrapercity.com/threads/tall-old-buildings-pre-20th-century.1332857/page-3,0.6043955
http://wow.gamepedia.com/Briglar?action=edit,0.60423523
http://eu.actor-atlas.info/nuts3:freudenstadt,0.6033773
http://www.cityforum.org/forum/singapore,0.6030942
http://www.autarch.co/forums/development-and-playtest/acks-domains-war-playtest/light-infantry-dodging-everything,0.60284233
http://es.streema.com/radios/Fresh_FM_House_Classics,0.60163724
http://keepthemhonest.wikidot.com/yvon-godin,0.60088915
http://zabytek.pl/en/obiekty/g-298714?langset=true,0.60011506
http://discuss.micechat.com/forum/disney-theme-park-news-and-discussion/disneyland-resort/81235-how-would-you-describe-dole-whip,0.5984121
http://www.objectivistliving.com/forums/topic/13787-the-congressional-republicans-are-harlots-trollops-and-whores/page/2?tab=comments,0.5983443
http://imcdb.kelcommunity.be/index.ks?id=1987&index=182&page=forum_topic,0.59796786
http://www.conservativewoman.co.uk/silenced-by-the-eco-warrior-establishment,0.59726524
http://www.lecasebelle.com/listing/il-nido-di-amelia,0.59624255
http://www.english-spanish-translator.org/english-spanish-legal-translation/8082-parole-vs-probation.html?s=27bcdd2cd974d36281bbf314f86a33c0,0.59559244
http://realestatecitizenship.com/grenada-citizenship-by-investment,0.59307766
http://www.shadowdance.info/forum/viewtopic.php?p=356763,0.59157825
http://the-orbit.net/unconformity/2019/08,0.5913377
http://www.spottinghistory.com/view/4954/salem-abbey,0.5908178
http://springrts.com/phpbb/viewtopic.php?f=44&p=509807&t=27377,0.59072363
http://mersenneforum.org/showthread.php?p=444708&s=63fe71e53668534ba386c9b3a3219dd0,0.5905548
http://wiki.openstreetmap.org/wiki/Special:NewItem?page=WikiProject+Semantics&site=wiki,0.5899679
http://forums.totalwar.com/discussion/comment/2765046,0.58879066
http://www.rome2rio.com/Train/Loures/Cais-do-Sodr%C3%A9-Station,0.58806616
http://wow.gamepedia.com/Saepher?action=edit,0.5855009
http://journal.archaeology.nsc.ru/jour/article/view/892,0.58481467
http://www.nuovocadore.it/forum/showthread.php?p=7485&s=3a92fb69d1d2200814aaf54810103825&t=1364,0.58479035
http://www.airesis.it/eparticipation?l=ro-RO,0.5847262
http://coasterpedia.net/wiki/Misaki_Park,0.584632
http://www.publications.qld.gov.au/dataset/conditional-registration-of-agricultural-vehicles/resource/5752d303-ae7f-4279-8d2f-c2f88052c079?inner_span=True,0.58091754
http://bitcoinforum.com/bitcoin-discussion/what-is-bitcoin/msg72550,0.5802045
http://develop.consumerium.org/w/index.php?target=Verified+User&title=Special%3AWhatLinksHere,0.58010584
http://forums.bf2s.com/viewtopic.php?id=4261669458&p=4,0.57927716
http://mivanma.reblog.hu/cimke/film,0.57774425
http://de.streema.com/radios/Maricopa_County_Sheriff_West_Districts,0.5771369
http://journals.eco-vector.com/2410-3764/article/view/24413/en_US,0.57694125
http://forum.mrmoneymustache.com/antimustachian-wall-of-shame-and-comedy/wow-eight-year-car-loans/msg817034,0.5753782
"http://forum.arctic-sea-ice.net/index.php/topic,2728.msg289354.html",0.5751881
http://cosahoimparatooggi.com/category/cinema,0.57344985
http://forum.slitaz.org/topic/slitaz-on-usb-persistent,0.57200956
http://www.getbig.com/boards/index.php?topic=448335.msg7954428,0.5716249
http://miamipool.se/tradgardspool,0.5715146
http://forum.dtm.at/forum/d-t-filmwelt/film-faq/32342-die-sexwelle-der-70er-der-reportfilm-diskussions-thread,0.5707916
http://www.originalpoetry.com/reading-room?q=U+Pick,0.56859875
http://www.originalpoetry.com/reading-room?q=Choices,0.56859875
http://wiki.turfgame.com/en/wiki/Country:Denmark,0.5682249
http://rra-zemplin.sk/sarch/dtail/2340852595&AuctionID=j39ee19306e.htm,0.56795776
http://www.pcgamer.com/au/dwarf-fortresss-next-big-update-will-let-you-play-its-adventure-mode-with-a-proper-rpg-party,0.5671234
http://whowatchesthewatchers.boardhost.com/viewtopic.php?pid=809,0.5663719
http://whowatchesthewatchers.boardhost.com/viewtopic.php?pid=805,0.5663719
http://en.handelsregisterauszug-online.de/ltd/ort/altertheim,0.5661177
http://m.wikidata.org/wiki/User:Periglio,0.5659987
http://translatewiki.net/w/i.php?dir=prev&limit=20&lqt_method=edit&lqt_operand=3619&offset=20100520184013&title=Support,0.5642645
http://fr.streema.com/radios/AFN_Eagle_FM,0.5640257
http://www.6sqft.com/preservationists-call-for-landmarking-of-little-syria-vestiges-in-lower-manhattan,0.563486
http://affaireprivee.ch/feng-fu-la-technique-chinoise-qui-fait-du-bien-a-notre-corps,0.5626373
http://www.spottinghistory.com/view/101/turku-castle,0.5624603
http://forum.3ice.hu/viewtopic.php?p=1971,0.5616561
http://snpedia.com/index.php/Migraine,0.56148213
http://forum.nationstates.net/viewtopic.php?t=487581,0.560251
http://www.worldofcoins.eu/forum/index.php?prev_next=next&topic=10208.0,0.5601327
http://www.igdq.w.mediatly.com/cards/view/407668/lang:es,0.5576563
http://www.forumishqiptar.com/threads/161029-Gati-p%C3%ABr-luft%C3%AB%C2%94-NATO-300-mij%C3%AB-forca-n%C3%AB-p%C3%ABrballjen-me-Rusin%C3%AB/page2?p=3824760&viewfull=1,0.55750215
http://www.chipbennett.net/tag/friends,0.55713266
http://www.6717000.com/1460-tilney-mews,0.5569371
http://forums.bf2s.com/viewtopic.php?id=145411&p=4,0.5563126
http://support.tamago-db.com/support/solutions/articles/1000151032-embedding-public-jobs-on-your-website,0.5520345
http://www.sonomaindependent.org/vote-yes-on-measures-a-b-to-preserve-local-high-schools,0.55160725
http://en.openrussian.org/ru/%D0%BF%D1%80%D0%B8%D0%B9%D1%82%D0%B8%D1%81%D1%8C,0.54804134
http://puzzlefactory.pl/ro/tag-uri/st%C3%A2nc%C4%83,0.5466727
http://journal.archaeology.nsc.ru/jour/article/view/895,0.5434808
http://www.6717000.com/parkside-greene,0.54320776
http://forum.theprodigy.ru/index.php?action=display&board=12&start=msg1392842&threadid=40632,0.54230434
http://www.worldheritagesite.org/forums/index.php?action=vthread&forum=5&topic=1504,0.541842
http://journals.rudn.ru/philosophy/article/view/22607/17672,0.5393183
http://www.bitcoin-ad.com/kulusiben1,0.53897005
http://www.hrwiki.org/w/index.php?action=edit&section=1&title=User_talk%3ATheNintenGenius,0.5348568
http://deepsid.chordian.net?file=GAMES/S-Z/Skier.sid&subtune=3,0.53480005
http://eletiofe.com/why-brexit-could-ruin-the-premier-league,0.53423923
http://taras0v.bestpersons.ru?filter=4&page=3,0.5333978
http://onlinejudge.org/board/viewtopic.php?p=206474,0.5326426
http://www.qrz.com/login?refr=/db/HA1DAE,0.53220433
http://www.qrz.com/login?refr=/db/WC8D,0.53220433
http://www.ecenica.com/blog/30-years-of-uk-domains-buy-one-get-one-free,0.5313872
http://www.bednarski.us/fortunate-one,0.5304451
http://www.the-nextlevel.com/tnl/members/2779-Doc-Holliday?s=6ec390fcb79b88e4f894838ea15c5629,0.53031087
http://www.amazines.com/Archive/UK-Property-Investment/2021/January/index.cfm,0.52856135
http://newbuddhist.com/discussion/comment/537872,0.52560663
http://www.hornerakusko.sk/en/oesterreich-unterkunft/detail/100410/guesthouse-pension-hirlatz.html,0.52512544
http://commons.wikimedia.org/wiki/User:Stefan_K%C3%BChn,0.5238409
http://lesserplaces.com/2017/05/10/a-plea-for-more-inclusive-outdoors-writing,0.52119935
http://hanab.live/replay/325180,0.52019054
http://gtwauk.com/3940-2,0.51888233
http://bollywoodnewsflash.com/kevin-hart-looks-excited-after-four-exclusive-movies-deal-with-netflix,0.51711524
http://forums.civfanatics.com/members/berialima.241448,0.5168959
http://iuoma-network.ning.com/group/askanything/forum/topics/how-do-i-tag-an-artist,0.51398826
http://liberetutte.noblogs.org/post/tag/stay-rebel-stay-queer,0.5131858
http://code-flow.club/225647/is-there-a-possibility-of-running-programs,0.5130434
http://www.pediatricneurosciences.com/subscriberlogin.asp?aulast=Patel&epage=89&issue=2&rd=article.asp?issn%3D1817-1745&spage=86&type=2&volume=14&year=2019,0.51203007
http://meta.m.wikimedia.org/wiki/User:COIBot/LinkReports/history.nasa.gov,0.5116553
http://5starprocessing.com/high-risk-merchant-account-instant-approval-uk,0.5043963
http://www.hrwiki.org/w/index.php?action=edit&section=6&title=User_talk%3ATheNintenGenius,0.5012163
http://www.jargonwriter.com/2011/05/a-proofreading-checklist,0.5009139
http://marketmonetarist.com/category/the-euro,0.49875018
http://card.trastra.com,0.49666694
http://www.bucketlist.net/bm873,0.49500108
http://forums.xonotic.org/showthread.php?pid=61904&tid=4400,0.49459752
http://www.pledgeme.co.nz/projects/2727-riche-and-blueprint-club-banger-collaboration,0.4942859
http://kickassapp.com/blackhole/achievements/15/about,0.49213168
http://www.mylifeelsewhere.com/compare/guam/france,0.4919206
http://www.skyscrapercity.com/threads/best-university-to-study-classical-architecture.1017477,0.49011168
http://blog.cortexio.se/2016/11,0.48779044
http://universalnews.org/kate-hudson-destructive-side-to-facebook,0.48692122
http://billiongraves.com/grave/Mary-Wallace-Forrester-Dea/33938618,0.48296115
http://armtown.com/services/free-email-hosting,0.47977257
http://www.mariomayhem.com/forum/showthread.php?mode=threaded&pid=22783&tid=1012,0.47736767
http://mudpreacher.org/tag/frettin,0.47393095
http://unpacktherat.com/tag/giving,0.4721414
http://raycornelius.com/2017/10/casting-buzz-5?replytocom=5132686,0.47098425
http://waxers.com/Pages/5229/Requirement_to_Play_Proof_of_Age,0.4702586
http://www.173tigers.com?lightbox=dataItem-kekkkrcw1,0.4692565
http://www.levelset.com/blog/how-do-you-spell-mechanics-lien,0.46414813
http://www.dcski.com/forum/48766,0.462645
http://opensiddur.org/profile/milton-steinberg,0.46028686
http://shipboardadmin.com,0.4574
http://www.peoplefinders.com/name/mark-giltmier/nc,0.45717835
http://observerdesk.com/now-that-biden-is-the-president-lets-look-at-how-2021-started-in-the-us,0.4537136
http://www.kredivekarti.com/e/teb-bonus-card-basvurusu-nasil-yapilir,0.4536548
http://hamiltonsledgehammers.ca/Teams/1009/MyCal,0.4498297
http://nookipedia.com/wiki/Human,0.43972388
http://checkpeople.com/background-check?city=Las+Vegas&firstName=Amanda&lastName=Mullins&state=Nevada,0.43744344
