url,centroid_sim
http://twistedcheft.com/2013/01/03/herb-garlic-butter-salmon-not-for-those-who-are-on-a-diet,0.8173617
http://ourfarmerhouse.com/lightened-cincinnati-chili,0.80106753
http://realeverything.com/guest-post-cake-cooks-gluten-free-aip-teriyaki-steak-with-kombucha-pickled-radish-and-carrot-salad,0.79836005
http://smittenkitchen.com/2008/08/cold-brewed-iced-coffee?replytocom=638785,0.77946067
http://www.yummytummyaarthi.com/homemade-seitan-recipe-vegetarian-wheat,0.770579
http://lifecurrentsblog.com/sweet-potato-pie,0.76673245
http://heftigvegan.de/deftiger-erbseneintopf,0.76510763
http://www.realcajunrecipes.com/recipe/herb-seasoning-blend,0.76263493
http://valentinbosioc.com/5-motive-ca-sa-mananci-ciocolata-fiecare-zi,0.7598299
http://saludybelleza.net/aceite-de-pescado,0.7489977
http://cungtoilamdep.com,0.7470552
http://themedicalgourmet.com/category/uncategorized,0.7435242
http://myfavouritepastime.com/2018/07/19/what-is-clotted-cream,0.7434587
http://shinebeautyhealth.site?p=5,0.7383854
http://www.hellogreen.it/funghi-commestibili-quali-sono-come-riconoscerli,0.7371385
http://www.budgetepicurean.com/soup/weekly-eating-1-15-18,0.73618615
http://proestetic.ro/index.php/ciocolata-gustul-pasiunii-pentru-frumusete,0.73334485
http://www.realcajunrecipes.com/recipe/simple-pineapple-cake,0.73123336
http://www.spiciefoodie.com/2012/05/02/roasted-turkey-in-tomato-chipotle-sauce-and-cinco-de-mayo?replytocom=21336,0.73018724
http://www.houseofannie.com/mums-popiah-best,0.7293343
http://smokinlicious.com/recipe/category/vegetables/broccoli,0.72737336
http://kyspeaks.com/2008/07/24/ky-photos-501-ways-to-bring-sexy-back?replytocom=81114,0.7272209
http://djfoodie.com/chicken-mayo-parm-thing,0.7221411
http://noshly.com/additive/336-i/acidity-regulator-plus/336i,0.71940756
http://misrecetaspreferidas.com/pez-hojaldre-relleno,0.71488404
http://nonstoplekaren.sk/ocistite-si-telo-s-detoxikacnym-balikom,0.71309674
http://missfoodfairy.com/2015/01/02/in-my-kitchen-january-2015?_wpnonce=34e6374350&like_comment=2247,0.71001136
http://mybeautifulmess.net/2019/07,0.7058203
http://www.gretcheninbetween.com/tag/plus-size,0.7027009
http://frugalhausfrau.com/2019/07/05/no-bake-lemon-custard-possets,0.7019608
http://www.urbannaturale.com/meatless-monday-grilled-fennel,0.7016016
http://www.northwestcavegirls.com/2012/02,0.6959454
http://colorsnspirits.com/you-are-what-you-eat/super-substitutes?replytocom=28,0.6953871
http://www.angsarap.net/2021/01/28/miss-miss-auckland-cbd-new-zealand,0.695262
http://thefoodening.com.au/tag/konjacpasta,0.6946755
http://cafefernando.com/two-summer-salads?replytocom=27263,0.69458276
http://zestforever.com/dark-chocolate-health-benefits?replytocom=523,0.69344175
http://cognitive-dimension.com/tag/watercress,0.69275725
http://canliborsaekrani.com/trading-computers-frtg/6dmyu.php?tag=willow-arch-trellis-0f2f70,0.69244486
http://alessandramacaluso.com/chickpea-and-eggplant-curry-recipe,0.6923077
http://dunkandcrumble.com/2010/02/01/in-defense-of-eggs?replytocom=161,0.69205177
http://www.myjewishlearning.com/2011/06/01/the-butter-ten-commandments,0.69088054
http://www.vesperadenada.org/tag/pellets,0.6901345
http://brooklynhomemaker.com/tag/how-to-seed-a-pomegranate,0.6899953
http://potatohack.com/2017/06/14/the-potatogenic-diet?_wpnonce=d6ace4c6a6&like_comment=1110,0.6885391
http://iubiqui.com/2015/03/14/leite-de-coco-caseiro?replytocom=422221,0.6880919
http://cuckookitchn.com/food/nutritional-yeast,0.6871374
http://sportsstadiumfood.com/tag/jay-z,0.6871071
http://dekeukenvanmartine.blogspot.com/2017/11/ik-heb-voor-u-het-rijmende-menu.html,0.68695104
http://crazygreenthumbs.com/2020/01/04/decadent-herbal-cold-remedy-turmeric-milk-4,0.68431497
http://www.herbaljsr.com/resep-asam-amino,0.6827125
http://www.greekboston.com/herbs-spices/rosemary,0.68257326
http://thedomesticman.com/2014/07/07/homemade-kombucha?replytocom=52034,0.68193555
http://eatwell.co.il/%D7%AA%D7%96%D7%95%D7%A0%D7%94-%D7%A4%D7%9C%D7%99%D7%90%D7%95%D7%9C%D7%99%D7%AA%D7%99%D7%AA,0.68089116
http://totally-food.com/whats-halloween-without-candy-corn,0.68052936
http://bewitchingkitchen.com/2010/11/26/the-ultimate-apple-cake?_wpnonce=e5eb25980c&like_comment=34149,0.68046784
http://gourmetgab.com/tag/food-network,0.6784674
http://ogrodybabilonu.blogspot.com/2012/02,0.67822564
http://nitudidi.com/2012/08/10/savoury-gram-flour-crepes,0.6777755
http://permies.com/t/120/1126/kitchen/dinner,0.67777395
http://www.dietaintermitente.com.br/jejum-intermitente-o-guia-completo-para-iniciantes-2018,0.67776155
http://www.bakerella.com/icy-cakes?replytocom=99889,0.6776707
http://www.bakerella.com/icy-cakes?replytocom=99885,0.6776707
http://krem.no/hjem/prer-belle-helene/print,0.6767881
http://www.economicalchef.com/category/recipes-featured-on-economical-chef,0.67549264
http://www.trendsbase.com/2015/08/one-pot-tuna-casserole-recipe.html,0.67541265
http://www.artieda2011.com/2019/06,0.6745057
http://chefindisguise.com/2017/07/19/palestinian-zaatar-fatayer?replytocom=96249,0.674156
http://84thand3rd.com/2013/02/04/chocolate-macadamia-spread-a-february-calendar-printable?replytocom=9736,0.67045736
http://www.dietdoctor.com/se/lunch-pa-fetmakonferens,0.6700645
http://pogirlshines.com/2017/10,0.6699455
http://abstractgourmet.com/tag/video,0.6696656
http://www.dogfoodadvisor.com/dog-food-reviews/abound-dog-food,0.66963303
http://www.suitcaseandworld.com/2015/12/the-food-of-armenia.html,0.6678207
http://necolebitchie.com/reviews/half-day-diet-review,0.6676352
http://maistologas.wordpress.com/tag/vitaminai,0.6664722
http://www.momtastic.com/recipes/dinner-ideas/175457-heart-shaped-shortcut-chicken-pot-pie-recipe,0.66484654
http://blog.recipehelpers.com/tag/buttercream,0.6623756
http://dentistvschef.wordpress.com/tag/resep-iga-sapi-empuk,0.6617627
http://www.trendsbase.com/2015/08/easy-salmon-cakes-recipe.html,0.6594553
http://blogencounters.com/201611/bigfoot-creepy-sounds-night,0.6592051
http://kjbrad57.wordpress.com/tag/courgettes,0.6572552
http://cleanplates.com/everyday-cooking/recipes/how-to-make-hard-cider,0.6557182
http://dentistvschef.wordpress.com/tag/hoe-braised-lean-meat,0.6556431
http://thejeneralist.com/casa-malca,0.6554094
http://www.ticklemysenses.com/2009/07/chocolate-butternut-squash-cake.html,0.654784
http://expat-chronicles.com/2014/07/30/colombian-food-worst?_wpnonce=23335e0523&like_comment=80477,0.6546765
http://kitchen-of-health.com/ketogen-dieta,0.65414697
http://www.emiliadelizia.com/category/florence,0.6541457
http://www.thexerxes.com/what-to-eat-on-the-keto-diet,0.6540558
http://mycookinghut.com/mchnew/day-4-spaghetti-fritter?replytocom=6861,0.65268785
http://mycookinghut.com/mchnew/day-4-spaghetti-fritter?replytocom=6863,0.65268785
http://mycookinghut.com/mchnew/day-4-spaghetti-fritter?replytocom=6865,0.65268785
http://healthinessbox.com/2012/10/04/chlamydia-better-to-get-yourself-tested-for-other-sexually-transmitted-diseasesstd?replytocom=11309,0.6499388
http://www.maplefarm.it/la-colazione-canadese-non-solo-pancake,0.6494826
http://isabelromanofarran.blogspot.com/2010/07/rotlles-de-salmo-marinat-facits.html,0.6480895
http://thebusygirl.blog/work-smarter-not-harder-10-time-management-tips-to-stress-less,0.6474783
http://fionaseah.com/2014/08/06/history-closed-and-merged-schools-in-singapore-part-2?_wpnonce=000148b19e&like_comment=1613,0.6464649
http://www.gominolasdepetroleo.com/2012/10/10-cosas-sobre-el-huevo-que-quiza-no.html?showComment=1349727020603,0.64474857
http://www.sei-ganz-du.de/2013/08/produkttest-nature-energy-red-berry-acai-der-etwas-andere-energydrink.html,0.64438224
http://neilcooksgrigson.com/tag/scotland,0.6436763
http://www.matchingfoodandwine.com/news/wine_pros/tag/tea,0.64362013
http://powerandbalancefitness.com/2021/01/31/blog-5-its-2021-new-year-new-merch-new-affiliate-new-friends-new-challenges-new-possibilities,0.64358574
http://www.alebrijesoaxacanrestaurant.com/nosotros,0.6413255
http://lowch.com/archives/6012,0.6388765
http://www.trendsbase.com/2015/08/carrot-chile-and-cilantro-soup-recipe.html,0.63851875
http://koreancultureblog.com/2015/03/31/hansik-korean-food-series-interesting-things-about-korean-food-and-eating?_wpnonce=ef7cadd154&like_comment=1462,0.63805485
http://neilcooksgrigson.com/tag/orange,0.6380157
http://tretranquilla.xyz/123594003/6612/avena-cereale.html,0.6378971
http://be-cause-blog.com/tag/1880,0.63740474
http://cheeseandtoast.com/tag/terroir-symposium,0.63738275
http://sammelhamster.blogspot.com/2015/04/grunes-shakshuka.html,0.6373405
http://www.snowwhiteandtheasianpear.com/2016/02/review-illi-total-aging-care-body.html?showComment=1460229079464,0.63590455
http://agracefull-life.com/2020/03/02/scriu-air-ta-me-ag-ithe-tater-tots-cuid-a-haon-deag-screw-it-im-eating-tater-tots-part-eleven?msg=fail&shared=email,0.6357555
http://australiaassessments.com/macronutrients-and-antioxidants,0.6341326
http://kellysiewcooks.com/2014/01/14/paleo-vegetable-hash-with-fried-egg,0.63366854
http://sagittariusviking.com/2021/01/09/weekend-coffee-share-week-1-2021?_wpnonce=357b01bfbc&like_comment=9944,0.6317901
http://sagittariusviking.com/2021/01/09/weekend-coffee-share-week-1-2021?_wpnonce=21f0e998ef&like_comment=9941,0.6317899
http://bioscan.si/dodatki,0.63147014
http://fishkeepingguide.net/killifish-profile,0.62983775
http://lavitaebella.gr/%CF%84%CE%B1-%CE%B6%CF%8E%CE%B1-%CF%84%CE%B7%CF%82-%CE%B6%CE%BF%CF%8D%CE%B3%CE%BA%CE%BB%CE%B1%CF%82-%CE%BC%CE%B5%CE%B8%CF%85%CF%83%CE%BC%CE%AD%CE%BD%CE%B1,0.62906414
http://homebargirl.com/tag/grapefruit-peel,0.628544
http://bioculturalevolution.net/2014/01/13/anthropology-and-philosophy-iv,0.6254922
http://www.peanutchuck.com/28-photos-youtube-vlogger-zoe-sugg-aka-zoella,0.6254585
http://michellelasley.com/2011/03/consensus-validation,0.6246085
http://dentistvschef.wordpress.com/tag/how-braised-beef-ribs,0.6244912
http://www.pingofhealth.com/2011/10/8-reasons-why-we-need-to-take.html,0.6240753
http://wannabetvchef.com?tag=miles-teves,0.62391245
http://www.obsessedwithdinner.com/2010/10/portuguese-kale-and-linguica-soup.html,0.62264204
http://allresultnews.com/organic-food-for-a-healthy-life,0.61819184
http://askakorean.blogspot.com/2009/08/dog-its-whats-for-dinner.html?showComment=1297917654244,0.61774904
http://seasonitalready.com/2014/11/18/its-not-a-bear-and-thats-not-a-bat,0.616778
http://www.wereveal.com/general/snapshots-addition-for-an-interesting-experience,0.61596256
http://expectinfo.com/pregnancy-3/prenatal-yoga,0.6154977
http://www.cometparty.com/blog/page/2,0.61517906
http://milsally.com/2021/02/02/tea-lovers-rules-disadvantages-of-tea,0.613317
http://vickysscrapbook.com/2016/02/01/chinese-new-year-cake-polymer-clay-diy?_wpnonce=dde4d2aea4&like_comment=1347,0.6132024
http://insearchofgoldenpudding.com/2015/11/05/gingerbread-bonfire-sticks?_wpnonce=1cf9903d99&like_comment=1632,0.6118667
http://sortirenvaucluse.com/a-whistle-stop-guide-to-provence,0.6110503
http://www.lodiwine.com/blog/Ma-tre-de-Chai-finds--new-American--wine-in-Lodi-s-Clements-Hills,0.61101025
http://tutorgig.info/ed/Colomba_Pasquale,0.61088353
http://fitunit.ru/disk-zdorovya,0.6100682
http://30smagazine.com/2013/09/17/sharing-food-with-friends-at-cocolo-ramen-in-berlin,0.6095172
http://deniseminger.com/2011/05/31/wild-and-ancient-fruit?replytocom=6800,0.60917556
http://beingdog.in/farmina-quinoa-dog-food-review,0.6091599
http://www.dir.cat/blog/7-tecniques-per-controlar-ansietat,0.6076722
http://fr.phenworld.com/phen375-fr/phen375-review-ou-acheter-phen375-weight-loss-pill-en-beringen.html,0.6070765
http://www.tangerineman.com/churchill-orchard-our-fruit-varieties,0.6067239
http://edenresort.com.vn/en/destination/fish-sauce-factory,0.6058732
http://wasabiwarwick.com/chicken-recipes-nz,0.6057012
http://themedianote.com/wendys-new-jalapeno-popper-chicken-sandwich,0.6054182
http://eatingtheworld.net/2015/03/30/two-matzo-brei-recipes-for-passover,0.60527647
http://myfoododyssey.com/2017/10/29/round-and-round,0.6040809
http://voeding-en-fitness.nl/pre-workout-is-hard-geworden,0.60405153
http://www.peasonmoss.com/tag/whipped-cream,0.60318804
http://honey-guide.com/2014/03/10/menaquinones-k2-and-phylloquinone-k1-content-of-animal-products-and-fermented-foods?_wpnonce=e7f12dc190&like_comment=7716,0.60288286
http://honey-guide.com/2014/03/10/menaquinones-k2-and-phylloquinone-k1-content-of-animal-products-and-fermented-foods?_wpnonce=23d3d5ff85&like_comment=4437,0.6028828
http://www.samayaldiary.com/2011/03/kadalai-paruppu-channa-dhal-kootu.html,0.60278386
http://austin.metblogs.com/tag/pitchforks-and-tablespoons,0.6026403
http://kimberlyah.com/category/japan-2014,0.6024289
http://dogblog.finchester.org/2014/04/lisas-remington.html,0.60239077
http://dinerhunter.com/tag/greasy-spoon,0.6017485
http://savannabel.com/2017/02/15/a-gardens-organic-interdependence-in-homage-to-john-maynard-keynes,0.6006591
http://eileenanddogs.com/blog/tag/stress-signals,0.6000812
http://www.bedrockinsight.com.au/blog/category/consumer-insight,0.5994599
http://iliketheworldfuzzy.com/tag/holidays,0.5983231
http://justalittleginger.com/2012/07/03,0.59775794
http://www.bornfitness.com/better-posture-injury-prevention-building-the-v-taper,0.5956125
http://deepfriedkudzu.com/2008/06/you-are-being-watched-arena-shows-scary-mushrooms-and-rs.html,0.59559315
http://heni-irihapeti.com/2014/10/13/mid-october-musings,0.5931632
http://aishwaryasandeep.com/2021/02/06/iw22,0.5919941
http://littlemissidea.com/category/gratitude,0.5915087
http://myservice4all.com/how-to-get-healthy-hair,0.58930933
http://www.undertheandalusiansun.com/2014,0.58895427
http://static.recipestudio.com/2015/04,0.5874654
http://positivelynatalie.com/2015/10/23/the-nine-lives-of-pinhead-a-hellraiser-experiment,0.5867932
http://www.homekuku.com/best-canned-chili,0.5866804
http://productivityalchemy.com/2018/12/06/episode-74-no-cohost-dino-sarma-part-2,0.5857421
http://edibleskinny.blogspot.com/2017/08,0.5855689
http://mrsmalin.com/tag/salad,0.58423984
http://ravenscourtgardens.com/2014/05/21/stone-soup-my-weekly-ritual?_wpnonce=23d42299b7&like_comment=253,0.584139
http://localhoneyfinder.org/feedback1.php?QFROMPAGE=http%3A//localhoneyfinder.org/corrections1.php?QFROMWEB%3DHoney&QFROMPAGE=http%3A//localhoneyfinder.org/corrections1owner.php?QFROMWEB%3DHoney&QFROMPAGE=http%3A//localhoneyfinder.org/feedback1.php?QFROMWEB%3DHoney&QFROMPAGE=http%3A//www.localhoneyfinder.org/feedback1.php?QFROMWEB%3DHoney&QFROMPAGE=https%3A//localhoneyfinder.org/US.php&QFROMWEB=Honey&QSUBJECT=&QSUBJECT=&QSUBJECT=&QSUBJECT=&QSUBJECT=,0.58380926
http://tackyraccoons.com/2019/12/11/id-eat-it?msg=fail&shared=email,0.583667
http://bettercoffeemakers.com/coffee-with-a-few-recipes,0.58337057
http://stephyiu.com/2016/09/11/yellowstone-facts?replytocom=21907,0.58318245
http://anilmah.com/2019/04/25/aloha-president-tulsi-gabbard,0.5828197
http://crustpizzeriaguam.com,0.5824827
http://savoringthepast.net/2012/11/20/read-twice-bake-once,0.5794879
http://beervana.blogspot.com/2014/04,0.57785547
http://guppi.se/barnens-radslor,0.5777297
http://bebrainfit.com/control-mood-swings,0.57678884
http://dietpi.com/phpbb/viewtopic.php?f=8&t=673,0.57621
http://healthnutfitness.com/8483/yoga-facts,0.57604915
http://myveganjourney.ca/2018/10/01/becoming-vegan,0.57539225
http://nutrawiki.org/fermented-tea,0.5745998
http://www.slimmingpillpro.com/author/Admin,0.5741012
http://www.foodtomeetyou.com/red-hot-chili-pepper-o-el-lujurioso-pimiento-chile,0.573863
http://nativepakistan.com/2nd-ssc/list-of-officers-ex-2nd-ssc,0.5737326
http://petsoid.com/bullsnake-information,0.57107186
http://www.erieville.com/Erieville/fifa-world-cup,0.5693817
http://eatingwithziggy.com/2014/02/20/the-road-trip-every-new-yorker-should-do-at-least-once,0.568823
http://food-4tots.com/2010/03/22/onigiri-rice-ball-with-salmon-and-cucumber?replytocom=221269,0.5688183
http://whatsonpenang.com/tag/malay,0.5676675
http://www.rumahunieq.com/desain-dapur-restoran,0.56708336
http://www.teatoastandtravel.com/tag/menu,0.56688225
http://healthlifenow.info/fda-approved-weight-loss-pills-over-the-counter,0.5659518
http://yalansavar.org/2013/03/11/c-vitamini-mucize-mi-yoksa-safsata-mi?_wpnonce=dc4e095634&like_comment=5105,0.5657854
http://yalansavar.org/2013/03/11/c-vitamini-mucize-mi-yoksa-safsata-mi?_wpnonce=0cbfbb7efb&like_comment=6681,0.5657854
http://yalansavar.org/2013/03/11/c-vitamini-mucize-mi-yoksa-safsata-mi?_wpnonce=b5b4078e90&like_comment=4368,0.56578535
http://theroguemuse.com/2020/06/23/indias-diversity-a-minority-perspective?replytocom=6,0.56506944
http://www.whatsforlunchhoney.net/2010/11/roasted-pumpkin-aubergine-zucchini.html?showComment=1290636143958,0.56490093
http://www.yogahub.co.uk/location/united-kingdom/lincolnshire/beesby,0.5638056
http://muccamargo.com/2013/05/10,0.5635525
http://ogrodybabilonu.blogspot.com/2013/02,0.56186557
http://dormin.org/category/nonfiction-analysis,0.56048924
http://www.erieville.com/Erieville/malik-clea,0.55907434
http://www.spiritcrossing.com/hinduism-role-and-importance-of-vishnu,0.554757
http://dahyde.com/2015/08/19/shaman-vs-oil-giant,0.5539431
http://www.thebradsblog.com/food/category/burgers,0.55284506
http://www.godte.dk/2011/01/julie-julia-igen.html,0.5527774
http://www.psephizo.com/biblical-studies/bibles-buried-secrets-iii-planting-ideas-in-eden,0.55026376
http://gadling.com/tag/haggis,0.5500762
http://awardsandwinners.com/winner?mid=/m/01qlh70&name=elizabeth-cotten,0.55002725
http://svlodos.com/cooking3,0.54822063
http://iliveok.com/sports/back-wrists-wrist_68504i16035.html,0.5464388
http://blog.medellitin.com/2008/12/escolar-world-most-dangerous-fish.html?showComment=1320526303391,0.5459305
http://lifeoffish.com/freshwater-puffer-fish,0.54555887
http://p90x.iamcanadian.org/tag/class-2-obese,0.54505485
http://www.meatshield.net/archive/547-let-slip-the-doggies-of-war?share=pinterest,0.544724
http://allremedies.com/how-to-get-water-out-of-your-ear,0.54425734
http://www.erieville.com/Erieville/illegal-immigrants,0.5440548
http://coconutrevival.com?tag=dr-andrew-wakefield,0.5434915
http://petsforchildren.com/pet-tips/angelfish-tankmates-the-good-and-the-bad,0.54217094
http://www.kateoriordan.com/tag/anxiety,0.5418254
http://www.vcstar.com/story/life/2019/05/30/mexican-restaurants-ventura-taco-district-ventura-avenue/3595508002,0.54120076
http://zomgcandy.com/eat-smart-during-the-study-for-best-grades,0.54118776
http://youraquariumguide.com/why-is-my-betta-fish-not-eating,0.5401164
http://besttoastersreviews.com/best-oster-toasters-reviews,0.5397397
http://uncategory.com/essential-oils-for-hangover,0.5396532
http://www.duetsblog.com/tags/made-in-china,0.5389631
http://www.whealfood.co.uk/recipe/cornish-asparagus-quesadilla-strawberry-salsa?replytocom=7857,0.53878284
http://www.thetinlizard.com/2015/03/index.html,0.53818405
http://mrdrinkneat.com/tag/amathus-drinks,0.5378395
http://muriellesgarden.com/dispose-wastes-eco-friendly,0.53703797
http://ethnicnj.com/tag/new-jersey,0.53666246
http://www.breathewellbeing.in/blog/management-of-diabetic-ketoacidosis,0.5365677
http://www.simplemost.com/bill-murray-brothers-open-caddyshack-theme-restaurant-suburban-chicago,0.53608346
http://happyecho.com/fundamental-six-lower-your-expectations-aspirations?replytocom=54949,0.53563875
http://superbestaudiofriends.org/index.php?threads/what-causes-chickens-to-have-white-and-dark-meat-explained.9602/=,0.5349721
http://omocam.net/dunkin-donuts-old-tv-commercial,0.5339563
http://dianedenmark.com/2011/01/31/seven-minute-declutter-challenge-update_31,0.532814
http://aboyandherdog.com/2014/07/23/how-martina-navratilova-saved-my-life?_wpnonce=8a27f5edae&like_comment=4266,0.5322243
http://trydiani.blogspot.com/2013/08,0.53114796
http://alchetron.com/Canis,0.53065383
http://www.droogette.com/2010/09/cupcake-day-3-rainbow-cupcakes.html,0.5301656
http://kingpinchic.com/2013/06/06/outfit_of_the_day_june_6,0.5290414
http://bwstudio.ae/lifestyle-photographer,0.5286757
http://cruisingkids.co.uk/uncategorized/first-day-of-your-cruise-15-tips,0.52810395
http://curiousfarmer.com/2013/11/09/nannyberry,0.5280348
http://www.thrivingcougar.com/alternative-weight-loss-strategies,0.5276121
http://ramsaywrites.com/save-the-performing-hearts,0.52734196
http://durak.org/photos/neeta_lind/1105172523/1008579,0.526966
http://www.myafghan.com/where-to-buy-cbd-oil-in-boggs-wv,0.5254314
http://thriftynwfamily.com/wildlife-safari-winston-oregon-review,0.52529764
http://thehealthytomato.com,0.5249822
http://bottledworder.com/tag/fail-better,0.5224611
http://myshtv.org/2020/12/19/mc-au-9-7,0.522352
http://troutsfarm.com/2008/05/29/were-not-amish,0.52124345
http://blueberryacresfarm.com/tag/diatomaceous-earth,0.5196744
http://myaomi3.com/2012/02/13/2%E6%9C%88%E3%81%AE%E5%87%BA%E4%BC%9A%E3%81%84,0.5189991
http://vivaplenamente.com/o-que-causa-celulite,0.5168704
http://mish-mash11.blogspot.com/2013/03,0.5161136
http://www.ohfishiee.com/2010/05/lets-go-shisha-d.html,0.5145481
http://benjaminrosshoffman.com/tag/moral-utilitarianism,0.5104354
http://www.peasonmoss.com/tag/london,0.50970894
http://theembiggensproject.com/2012/10/13/one-whole-wheat-nostril-with-a-side-order-of-arm-pit-juice-please-and-no-i-will-not-pray-to-your-penis?replytocom=692,0.50928116
http://parentsanswers.com/increase-low-milk,0.5067659
http://www.myafghan.com/where-to-buy-cbd-oil-in-mc-dermott-oh,0.5067051
http://www.urbanartichoke.com/2011/06,0.50597453
http://www.meatsections.com/2011/08/mcnugget-meat.html?showComment=1532014207231,0.505823
http://old.thedomesticgoddesswannabe.com/2014/05/very-best-chocolate-malteser-fudge-cake.html,0.50514674
http://artsynow.com/gregbastin,0.49904877
http://www.sakshin.nl/youll-freeze-lemons-for-the-rest-of-your-life,0.49517262
http://www.myafghan.com/where-to-buy-cbd-oil-in-boulevard-ca,0.49394202
http://karagozali.ph/2016/08/black-sheep-certainly-not-the-black-sheep-of-the-family?replytocom=84170,0.49347803
http://www.woodentoddlertoys.com/surrogate-qualifications-and-requirements-for-a-surrogacy-program,0.49314058
http://www.ambosmundosfamilyfoodblog.com/2018/03/forging-friendships-through-food.html,0.49273086
http://wikifragen.de/Br%C3%BChe/Bouillon,0.49243474
http://clevelandrocksclevelandeats.com/2015/01/20/choolaah-indian-bbq,0.4922069
http://kids.kiddle.co/Blue_Bunny_Ice_Cream,0.48454854
http://www.ansaroo.com/fact/Seaweed,0.484321
http://www.myafghan.com/where-to-buy-cbd-oil-in-gilbert-az,0.48422873
http://animalistauntamed.com/tag/celebrities,0.48314583
http://www.lukinphotography.com/Wedding-Portfolio/Wedding-Couples-Photo-Gallery/i-7wFXnNJ,0.4813838
http://100yummy.com/6-of-our-favorite-candies-of-the-1960s-i-wish-they-still-made-number-5,0.4785438
http://www.thumbgarden.com/how-much-sun-does-cabbage-need,0.47668517
http://www.mydogsname.com/dog-breeds/pug,0.47522292
http://theshivyoga.com/yoga-poses-for-sleep,0.47437185
http://blog.halfvast.com/2018/05/03/best-beer-in-the-world?msg=fail&shared=email,0.47385785
http://www.myafghan.com/where-to-buy-cbd-oil-in-fillmore-mo,0.4738083
http://taobabe.rocks/2012/11/20/linh-chi-dan-dreams,0.4734678
http://wanderingfoodie.com/cafe-ollin,0.4725812
http://the-definition.com/dictionary/fruit,0.47181776
http://www.myafghan.com/where-to-buy-cbd-oil-in-cresco-ia,0.47135812
http://lifestyleofafashionista.com/2013/07/10/tuesday-trend-day-flat-sandals,0.46659958
http://www.happinessisblog.com/happiness-is/2011/05?asset_id=6a0120a5c8d9a9970c01538eb09fe6970b,0.4651146
http://www.thefoodfables.com/2015/04,0.46381095
http://www.vitad.org/Overview+Parkinsons+and+Vitamin+D,0.46305573
http://www.wine-blog.org/index.php/category/georgian-wine,0.46179938
http://555reviews.com/best-electric-fillet-knife-for-redfish,0.46097493
http://kids.kiddle.co/Benthofascis_pseudobiconica,0.4606251
http://kratomlegend.com/tag/slow-boiling-with-water,0.45688742
http://pawprintsdogsanctuary.org/no-a-netizen-raised-a-particularly-funny-golden-retriever,0.45530987
http://edibleskinny.blogspot.com/2015/08,0.45056182
http://www.dailykungfu.com/2010/06/wudang-taiyi-qigong.html,0.44920608
http://www.ellesees.net/2011/07/outfit-of-week-daylight.html,0.44841644
http://ask.metafilter.com/49391/Help-me-make-some-delicious-soups,0.4464938
http://healthwatchcenter.com/2009/03/us-army-says-traditional-flu-injection-most-effective,0.44358635
http://beavervalleymontessori.com/dr-maria-montessori-and-her-philosophy,0.4358558
http://mygardenguide.com/orchard,0.42352256
http://www.dailykungfu.com/2010/05,0.35845003
