url,centroid_sim
http://www.atomicmall.com/view?id=Australia-Mail-CollectionDelivery-Postmark_2810283,0.8239407
http://www.atomicmall.com/view?id=Stretch-Lace-Open-Crotch-Short-Ruby-Large_2803622,0.82387257
http://www.atomicmall.com/view?id=For-Galaxy-Note-Denim-Texture-Leather-Case-with-Holder-colors_2758762,0.81709623
http://www.atomicmall.com/view?id=Digital-Media-Games-Optical-Cable-Mouse-and-Pad-Red_2797197,0.8050823
http://www.atomicmall.com/related.php?pouch=Q0NNLU1BU0tBLUJIVC1ZT1VUSC1IT0NLRVktTkVDSy1HVUFSRC1BREpVU1RBQkxFLVZFTENSTy1CUkFORC1ORVdfMjc1OTM1NQ%3D%3D,0.80388296
http://produkte-vergleich.info/product/kinder-garderobe-vergleich,0.7911284
http://www.prepotesenie.sk/velkonocne-dekoracie/2885-dreveny-zajac-stredny-9905626000001.html,0.77428854
http://www.prepotesenie.sk/nakupny-kosik?add=&id_product=2853&qty=1&token=5fb04de1735c6a2976b47926cf28e7fb,0.7737197
http://homegardeningpros.com/1/1/lupines-flower-seed.html,0.77367395
http://supplierbesi.web.id/unp-manado,0.7723151
http://www.atomicmall.com/view?id=android-watch-phone-Waterproof-Rating-Inch-IPS-Capacitive-Screen_2849804,0.772183
http://mymaisie.de/nachhaltige-produkte-schwangerschaft,0.77035844
http://www.vapo-depot.com/content/5-paiement-securise,0.76656336
http://www.houseofnames.com/aldoombe-family-crest,0.7645277
http://www.shoppingconsultants.it/guanti-bianchi-cotone,0.7642299
http://www.houseofnames.com/hoggart-family-crest,0.76369286
http://www.strangerthings-boutique.com/blogs/news/will-byers,0.7619374
http://www.guidetopharmacology.org/GRAC/ObjectDisplayForward?objectId=1324,0.749854
http://www.houseofnames.com/dineane-family-crest,0.74926114
http://vanitasespai.es/recogidos-de-mujer-para-pelo-corto,0.7448784
http://www.pcworld.com/article/230531/free_openshot_video_editor_is_tremendous.html,0.74392045
http://www.shoppingconsultants.it/phon-con-diffusore,0.7416187
http://www.backmarket.de/gaming-notebooks-gebraucht.html,0.7411058
http://www.pixfans.com/pixfans-meristation-y-el-reportaje-de-los-personajes-espanoles?replytocom=80390,0.7407497
http://www.missupermercados.com/comprar/dia-yogur-cremoso-0-melocoton-pack-4-unidades-125-gr-pid-77446976.html,0.73542
http://evie.shop/collections/push-up-sports-bra/products/sarah-h-spin-control,0.7349731
http://astromesin.com/tag/mesin-giling-daging-malang,0.7346289
http://shop.mchobby.be/fr/pi-zero-w/1234-pi-zero-wireless-camera-noir-3232100012349.html,0.7300738
http://www.parfumori.eu/parfumuri-s-oliver-preturi-magazin-online,0.72918415
http://lenjerii.ro/covoras-dezinfectare-domenii,0.7291404
http://kremmania.hu/kremek/aveo-kokusz-limetta-ajakapolo,0.72717446
http://www.gearpatrol.com/tech/a202306/hot-octopuss-pulse-review,0.72414714
http://www.saldifacili.it/miglior-taglio-capelli-uomo-corto,0.72267073
http://www.suelanejewellery.co.uk/collections/limited-editions/products/coming-soon-bespoke-garnet-and-diamond-ring-of76,0.7194259
http://www.theuniplanet.com/2016/02/as-7-marcas-de-chocolate-que-utilizam.html?showComment=1455134694931,0.71933496
http://priceanywhere.com/brand/blackberry,0.71821654
http://www.specialtycoffee.co.id/artikel/page/4,0.7170603
http://blog.phonehouse.es/2017/05/04/verificacion-en-dos-pasos-de-google,0.71661085
http://www.black-days.it/miglior-goccia-gel-igienizzante-mani,0.7164904
http://www.zachospharmacy.gr/en/skin-hair-nails-supplements/1076-evdermia-palmogen-soft-gel-capsules-for-hair-loss.html,0.7162203
http://www.survival-shops.at/cremige-gemuesepasta-pasta-and-vegetables,0.71448207
http://astromesin.com/unox-indonesia,0.71361387
http://ecrans-telephone.com/pieces-detachees/1576-ecran-lcd-vitre-tactile-alcatel-a3-5-noir.html,0.71198064
http://www.guidetopharmacology.org/GRAC/ObjectDisplayForward?objectId=346,0.7114487
http://www.duitslandportaal.eu/beste/weergaveapparatuur,0.71088606
http://ecrans-telephone.com/pieces-detachees/2006-ecran-lcd-vitre-tactile-pour-nokia-3-blanc.html,0.7105855
http://www.indianbazaar.ca/collections/pickles-and-fryums/products/jeera-khakhara-200-g,0.7103814
http://www.backmarket.fr/black-friday-reconditionne.html,0.7101801
http://potenz-tipps.de/spermienzahl-erhoehen,0.70853394
http://www.kapruka.com/shops/deliveryProductPreview.jsp?id=cake00KA001078,0.7084928
http://oxigen-medicinal.ro/produs/set-complet-3-l-butelie-oxigen-medical-cu-reductor-si-accesorii,0.7083534
http://ana-mag.ro/produs/oferta-trio-lenjerie-3d-digital-a38,0.7081251
http://www.maccreations.com.au/collections/cake-toppers,0.70774585
http://www.duitslandportaal.eu/beste/vervangende-schaarkoppen,0.70677996
http://www.saldifacili.it/miglior-taglio-corto-over-50,0.70537364
http://trichyads.com/Trichy/Medicine,0.7053524
http://www.bloggerlelaki.com/2015/12/apple-smart-battery-casing-tambahan.html?m=0,0.70524037
http://www.marijuanabudsstore.com/product/buy-kurupts-moonrocks-online,0.70077395
http://lookformedical.com/en/search/supply-chains-of-minerals,0.7006749
http://www.yoybuy.com/pd/QX8chHIBbZ1MBMb9fMoH.html,0.6997547
http://kushfly.com/product/grease-monkey-smalls-14g,0.6984492
http://www.bikezaa.com/kawasaki,0.69720566
http://suksesdinamika.com/harga/harga-acp-aluminium-composite-panel-grh-terpasang-2021-pasuruan.html,0.69631135
http://b2b.partcommunity.com/community/knowledge/en/detail/641/Headphones,0.6962044
http://eshcarmel.org/tag/nodels,0.6956369
http://www.ferolos.com/product/paddle-faster-i-hear-banjos-long-sleeve,0.69517696
http://www.yoybuy.com/pd/AYM0hHIBbZ1MBMb9SvG6.html,0.69485146
http://tulamama.com/mimosa-bar-sign,0.6947473
http://isthereanydeal.com/game/tunnelsofdespair/info,0.6945981
http://www.ferolos.com/product/us-cannabis-cup-weed-wizard-april-2017-long-sleeve,0.69454795
http://www.all-about-mastiff-dog-breed.com/dog-toys-c-7_18/incredibly-strong-mastiff-treat-dispenser-for-daily-use-of-medium-size-p-1050.html,0.6941892
http://www.simplyhammocks.co.uk/products/elipso-nature-larch-hammock-stand-xl,0.69337064
http://www.carismaspa.com/store/p1132/OLIGOMARINE-FLAWLESS-SKIN-TONIC-250ML.html,0.6918335
http://athleteschoicemassage.ca/athlete/tyler-fakeley,0.69120616
http://www.customteesusa.com/shop/acdc-rock-n-roll-train-band-t-shirt,0.6911147
http://www.nembutalonlineshops.com/product/butisol-sodium,0.6902585
http://www.polymerclay.it/home-bottom-it/cutter-tagliapasta/cutter-jewelry-pla/Cutter-Jewelry-Line-2-Cod-009-3-4-5-6Cm-H-detail.html,0.690088
http://moolollybar.com.au/product/belgian-chocolate-christmas-tree?add-to-cart=46365,0.6899809
http://detectorbilletes.net/yatek-se-0706,0.6893116
http://thriftyshirts.com/products/cartman,0.68649
http://vintagememorabilia.com/index.cfm/page/queen-victoria-facsimile-signed-photograph,0.6864497
http://earstees.com/product/premium-scuba-diving-je-suis-une-femme-simple-jaime-la-plongee-et-lapero-shirt,0.68600196
http://www.mylaundry.co.id/paket-bisnis-laundry-pemula-cirebon-2,0.6858167
http://blog.etiennebretteville.com/en/tag/android10,0.6856661
http://www.googlewatchblog.de/2009/11/microsoft-und-news-corp-planen-google-auszuschliessen,0.685563
http://www.embedded.com/upgrading-8-and-16-bit-mcu-designs-development-ecosystem,0.6843624
http://tulamama.com/unusual-boy-names,0.68432534
http://www.otokiralik.shop/index.php?path=869_871_901&route=product/category,0.6838077
http://powerbite.co.za/product/apple-watch-series-3-gps-cellular-38mm-alluminium-cpo-space-grey,0.6836308
http://www.thefirearmblog.com/blog/2016/10/31/fab-defense-ar-ak-podium,0.68268347
http://redfracture.com/blogs/news/5-things-to-think-about-before-hanging-new-paintings,0.6826699
http://www.android-mt.com/news/android-11-est-dispo-decouvrez-toutes-les-nouveautes-et-la-liste-des-smartphones-compatibles/105458,0.6823407
http://www.ferolos.com/product/vintage-sloppy-joes-key-west-florida-long-sleeve,0.6816652
http://www.yossiescorkboard.com/recanati-winery-2,0.680844
http://legalherbalshop.com/product/blue-lotus-nymphaea-caerulea-capsules-10ct,0.6801852
http://www.all-about-rottweiler-dog-breed.com/leather-leashes-c-5_13/leather-leash-with-studs-for-rottweiler-p-177.html,0.6800524
http://emojipedia.org/joypixels/5.5/woman-office-worker-medium-skin-tone,0.6791598
http://kremmania.hu/kremek/hermes-jour-d-hermes?activesubtab=1&page=3,0.67906535
http://blog.adafruit.com/2020/08/06/low-poly-skull-dice-tower-3dthursday-3dprinting,0.67893946
http://clothtee.com/product/cobra-kai-men-t-shirt,0.6763592
http://kontraktorepoxy.co.id/epoxy-3d-kudus,0.6762053
http://www.ossaward.org/bed-scrunchie-review,0.6758503
http://listofads.com/gregory-ford-inc-cavalier-nd,0.6758174
http://corazonorganicbeauty.com/products/earthy-greens-superfood,0.6749171
http://moondreamshop.com/products/the-david-unisex-long-sleeve-graphic-tee,0.67488277
http://asaopescao.cl/bandeja-de-20-machas,0.67448086
http://www.yoybuy.com/pd/vSARbXQBu31TEz5QQq4k.html,0.6740759
http://cfdyatirimi.com/yqxmwvtc/how-to-farm-golden-razz-berries-pokemon-go-af5590,0.67371523
http://www.taspromosibogor.com/product/tas-backpack-dolby-yptrdy-b08a,0.67354554
http://www.byk.com/de/produkte/additive-nach-namen/scona-tppe-1102-pall,0.6735215
http://pinkpineappleshop.com/collections/last-ones/products/girl-power-lightweight-boxy-sweater,0.6718402
http://ganepa.com/size_mens_big/ite/2L%E3%80%80W+taps/551177/review,0.67173564
http://www.promotionalproductsaustin.net/p/product/6f8aac5a-2659-4056-8776-4aa8a56df8d5/32-oz-ecovessel-insulated-boulder-bottle-hudson-blue,0.6716797
http://softwaredescargas.com/atomix-virtual-dj-pro-infinity-2020-v8-4-5308,0.67159545
http://www.timepey.com/product/fake-news-assassin-t-shirt,0.67123663
http://www.androidpolice.com/tags/write,0.67122036
http://camilladerrico.com/tag/tanpopo-launch,0.6708168
http://www.teefetch.com/tag/parody,0.667828
http://www.wirerealm.com/guides/top-10-best-pa-systems,0.66737247
http://www.sparklecat.com/weird-cat-videos/little-angel-kitty-modeling-video,0.6670446
http://eshcarmel.org/tag/minor,0.66689473
http://www.thefirearmblog.com/blog/2014/03/19/part-4-home-based-ffl-application-submitted,0.66672415
http://www.cinoco.com/nl/collections/domain-chateau-pavie-decesse/products/pavie-decesse-2013-cb6-st-emilion-chateau-pavie-decesse-merlot-rouge-2013,0.6665155
http://www.naplne.com/brother/mfc/l8600,0.66648
http://workahoy.com/basic-attention-token-news,0.6664667
http://www.quartzclinique.com/g-noktasi-dolgusu,0.66640836
http://www.medschat.com/Drugs/Sotylize,0.66631347
http://sanssoucie.com/frosted-glass/showers/glass-shower-enclosures?sample=1&sort=1,0.66609883
http://www.ferolos.com/product/hufflepuff-loyalty-kindness-honesty-friendship-harry-potter-t-shirt,0.66600156
http://www.dapmed-africa.com/medicaments/view/norzol-400-mg-600-mg-cp-boite-de-10,0.66552126
http://snowpiercer.it/batteria-asus,0.66448414
http://diagnost.co.id/2021/02/05/frispiny-za-registraciju-v-kazino-slottika-2-2,0.6643783
http://www.ferolos.com/product/cowboy-bebop-group-anime-t-shirt-2,0.66291094
http://www.bikezaa.com?setCurrencyId=1,0.6627661
http://www.americanelements.com/indium-tin-oxide-nanoparticle-dispersion-50926-11-9,0.66248035
http://www.daisybeauty.com/nya-retinolprodukter-mot-vuxenakne,0.66228706
http://www.medschat.com/Drugs/Clidinium,0.66157377
http://toyota2021.com/new-2020-toyota-supra-gt-price-specs-interior,0.661445
http://10topchristmastoys.co.uk/dohvinci-vanity-reviews/3653,0.66097414
http://sequentmicrosystems.com/shop/home-automation/raspberry-pi-din-rail-perpendicular,0.66082627
http://www.yoybuy.com/pd/BXlSf3QBglQUd0j4TA2J.html,0.66066384
http://peinadosde10.com/peinados-para-carnaval,0.6603601
http://www.slums-shop.fr/PS-Vita-c-8_10_25_46.html,0.66035354
http://emojipedia.org/joypixels/6.5/heavy-dollar-sign,0.6600907
http://www.yoybuy.com/pd/63MhfXQBglQUd0j4ut_d.html,0.6581429
http://www.ferolos.com/product/here-comes-the-sun-long-sleeve,0.6581017
http://www.fontmatters.com/baker-street-font,0.6579511
http://kuronekodou.net,0.6575395
http://www.zdnet.com/article/what-is-artificial-intelligence,0.65702146
http://ayurvedicoils.com/tag/ayurvedic-oils-for-natural-beauty,0.65692747
http://www.medschat.com/Drugs/Amlodipine-Atorvastatin,0.65681314
http://www.theodmgroup.com/trade-show-marketing,0.65671253
http://www.ixpap.com/bff-wallpaper-4,0.6561003
http://notebookspec.com/web/570953-ryzen-4000-max-opt-2060-by-intel-nvidia,0.65560293
http://smartsistersco.com/tag/%D1%88%D0%BE%D0%BA%D0%BE%D0%BB%D0%B0%D0%B4-%D0%BC%D1%83%D1%80%D1%81%D0%B0%D0%BB%D0%B0,0.65550554
http://www.lmorechocolat.com/paris_treasures_gift_market,0.65406966
http://inversioninmobiliaria.org/property-feature/home-theater?sortby=a_date,0.6540218
http://www.webmineral.com/data/Magnesite.shtml,0.6535247
http://www.kellybadges.co.uk/70-unit-arm-badges,0.6528421
http://3dnyomtatas.varinex.hu/palyazati-informacio,0.6524868
http://www.sewforgood.com.au/collections/organic-cotton-thread/products/sewpure-organic-cotton-thread-natural-tex-40,0.6522404
http://search.yahoo.com/mobile/s?_tsrc=apple&age=1d&ei=UTF-8&fr2=rs-bottom%2Cp%3As%2Cv%3Aw%2Cm%3Aat-s&norw=1&p=coco+chanel,0.6521275
http://www.eio.com/blogs/news/ideal-tools-electrical-testers,0.6516013
http://hilltopcloudshop.co.uk/collections/warps/products/hand-dyed-striped-warp-superfine-merino-camel-4-16nm-400m-per-100g-150-ends-2-2m-length,0.6515239
http://www.cretetip.com/heraklion,0.65151495
http://gcb.today/uk/gift-card-balance/stockport-plaza,0.65110445
http://www.sparklecat.com/diary/visiting-the-local-pet-shop,0.65099895
http://petit-panda.fr/products/bonnet-de-panda,0.64900976
http://www.lcrhallcrest.com/photochromics,0.64847356
http://www.naplne.com/tonery/brother/tn-4100/owa,0.6484562
http://www.yoybuy.com/pd/D2qed3QBglQUd0j4aTeY.html,0.64843774
http://www.shakedeal.com/allen-cooper/safety-helmets-lb2,0.64795804
http://www.thefashionmilkshake.com/fummel/opera-pareo-info,0.6479027
http://www.medschat.com/Drugs/Uloric,0.6475283
http://www.ferolos.com/product/bowsers-castle-super-mario-t-shirt,0.6475265
http://www.cms-lists.org/jual-acp-marks-seven-semarang,0.6474832
http://www.sadoun.com/product/4l-water-distiller,0.64709526
http://www.womenstanktops.com/collections/funny-christmas-shirts?page=2,0.6468719
http://www.entscheider.com/kuechen/fronten-test,0.64660287
http://www.amberpieces.com/index.php?currency=EUR&dispatch=products.search&features_hash=P10.V286&sort_by=timestamp&sort_order=desc,0.6454264
http://www.dogue-de-bordeaux-breed-store.com/spiked-collars-c-6_12/extra-wide-leather-studded-and-spiked-dogue-de-bordeaux-collar-p-388.html,0.6451986
http://gcb.today/us/gift-card-balance/cheeburger-cheeburger,0.64438844
http://4promoproducts.com/nv/silkscreen-t-shirts-empire.php,0.6437689
http://storecialis.net/cialis-professional,0.64344853
http://b2b.partcommunity.com/community/knowledge/en/search/topic/Industrial+Markets,0.6420314
http://podiummimbar.com/podium-mimbar-ukir-termewah-finishing-glossy.html,0.64176863
http://a3virtuoso.com/tag/tempat-kuliner,0.64124334
http://adansonia.net/category/daftar-harga-teh-hitam-herbal-kota-salatiga,0.64112735
http://blog.adafruit.com/2016/03/01/floppy-emu-model-b-a-disk-emulator-for-vintage-computers,0.63983464
http://micrornainhibitors.com/2012/08,0.63925916
http://www.ronmartblog.com/2012/01/choosing-right-display-calibration.html?showComment=1335985943154,0.63852495
http://blog.adafruit.com/2017/02/14/astonishing-aerial-photos-from-australia-naples-and-the-uae-arttuesday,0.6377682
http://tshirtsfever.com/product/beauty-has-no-skin-tone-melanin-slogan-unisex-t-shirt,0.63775706
http://coolzone-advertising.com/lightbox-batang,0.6372641
http://dimitkoster.com/nfc,0.63667375
http://higaragro.com/product/bibit-tanaman-buah-durian-merah-kaki-tiga,0.63655025
http://themebox.co.in/000415/lime-green-coffin-acrylic-nails,0.6363816
http://foremostmarketingandmedia.com/seo-upper-arlington-oh,0.63631606
http://www.haifa-group.com/nl/cabbage,0.6362654
http://unapprovedpharmacy.com/2011/12/17/tabletrxmedssolution-com,0.6359649
http://samsaccessoires.fr/balance-de-cuisine/balance-0-01-g,0.6351022
http://www.medschat.com/Drugs/Aminosyn-10,0.6347265
http://blog.adafruit.com/2013/12/20/new-product-zumo-robot-for-arduino,0.63465226
http://chennaiads.biz/Chennai/Distributors,0.63360643
http://www.baunat.com/es/la-historia-de-los-diamantes-en-amberes,0.6336054
http://naricosmetics.com/san-pham/sua-rua-mat-mai-thao-moc,0.6331353
http://www.mohawk-design.com/products/burlington-northern-bn-classic-license-plate,0.6329925
http://www.cnet.com/news/twitter-as-local-news-station-yes-please,0.63283753
http://www.tokoherbalsolo.com/category/obat-herbal-tumor-kanker,0.6327938
http://blog.adafruit.com/2015/01/08/3d-printing-2014-adafruittopten,0.63258505
http://www.doctorchemshop.com/product/buy-mephedrone-online,0.63257897
http://www.pitbull-training-gear.com/leather-dog-collars-c-1_4/classic-wide-leather-dog-collar-for-pit-bull-p-135.html,0.63149595
http://mejores.com.es/planta-suculenta-artificial,0.63102335
http://blog.adafruit.com/2013/10/25/new-product-raspberry-pi-noir-camera-board-infrared-sensitive-camera-raspberry_pi-raspberrypi-piday,0.6309432
http://www.dropshippingwebs.com/products/proveedores-de-ropa-colombiana-en-mexico,0.63066584
http://b2b.partcommunity.com/community/knowledge/en/detail/6677/2018+FIFA+World+Cup+Final,0.63054854
http://www.all-about-mastiff-dog-breed.com/french-mastiff-c-23/exclusive-luxury-handcrafted-padded-leather-french-mastiff-harness-p-165.html,0.6302919
http://www.beadinggem.com/2015/01/endless-leather-50-gift-certicate.html?showComment=1421073580403,0.6300865
http://www.trackingsystemdirect.com/gps-trackers-in-kansas-city-mo,0.630044
http://en.cbdprime.shop/buy/cbd-eliquid-3-percent-electric-cirgarettes,0.62985605
http://www.nobleandsavage.com/products/kyusu-cream-270ml,0.6296799
http://printerndriver.com/xerox-docuprint-p265-dw-driver.html,0.629354
http://dividends.my/ssteel-5665,0.6286353
http://sunglasses.name/2-fluoroamphetamine-2-fa-in-ajman-uae.php,0.6274276
http://www.pitbull-store.com/spiked-dog-collars-c-1_6/gorgeous-war-dog-leather-dog-collar-massive-plates-brass-spikes-p-232.html,0.6274064
http://crystalpalacelighting.com.au/collections/all-hamptons-style-lighting,0.62723196
http://redrosepallets.co.uk,0.62678075
http://kitronik.co.uk/blogs/resources/black-friday-sale-bargains-midnight-sunday,0.6264272
http://laurelberninteriors.com/2017/06/04/mixing-modern-and-traditional-furniture?reply-to=39292,0.6255225
http://www.billardstock24.de/Billardk%F6+empfehlung,0.6254444
http://www.varia.org/cat_blog_varia/vs10-10-jahre-varia-store-update-2-zum-entwicklungsstand,0.62525237
http://acosta.co.id/mainan-yang-diminati-anak,0.6247707
http://blog.adafruit.com/2020/10/03/spectacular-new-image-of-jupiter-and-europa-spacesaturday,0.62474275
http://mimigstyle.com/denim-shirt-dress-casual-look?replytocom=22886,0.6247185
http://nzscales.co.nz/portable-scales,0.6242895
http://insurgen.info/ephedrine-crystal-powder-china-in-bern-switzerland.php,0.6233904
http://www.yoybuy.com/pd/6YMxhHIBbZ1MBMb9_Yqh.html,0.62311494
http://www.orangecountyheadshot.com/headshots-portraits-rancho-santa-margarita,0.6225003
http://mobilemall.pk/vivo-s1,0.622204
http://www.centrodonna.ro/categorie-produs/kerastase-nutritive,0.6221881
http://getcouponhere.com/search?k=target+store+cellphone,0.6221789
http://rainydaymagazine.com/wp/2017/07/18/harney-sons-master-tea-blenders,0.6221081
http://foremostmarketingandmedia.com/seo-fridley-mn,0.6217804
http://www.viralnesia.org/viral/7-gejala-flu-singapura,0.62071615
http://desti-store.online/2019/11/01/wallpaper-untuk-iphone-11-pro-max,0.62063706
http://www.perfectpersonalisedgifts.com/category/gifts-for/boyfriend,0.620625
http://clonejewellery.com/makers-and-techniquestradition-and-transformation,0.62052494
http://mypham.tv/thuoc-bo-mat-cua-nhat,0.6204674
http://megsamommy.com/augusta-pillow-top-mattress-reviews-puffy-mattress-review,0.62042004
http://www.solomonbros.com.au/products/united-nations-angola-1,0.6197977
http://veona.pro/tag/veona-denmark,0.6196356
http://linens2lace.com/2013/06/13/shopping-for-fabric-when-making-fabric-handbags,0.6188744
http://rulestee.com/product/presheatecha-graduation-retired-teacher-shirt,0.6180906
http://www.more-deadsea.com/product-page/%D7%A7%D7%A8%D7%9D-%D7%99%D7%93%D7%99%D7%99%D7%9D-%D7%95%D7%A6%D7%99%D7%A4%D7%A8%D7%A0%D7%99%D7%99%D7%9D,0.6179194
http://www.yoybuy.com/pd/yiGObXQBu31TEz5QS5c7.html,0.6175378
http://www.thefashionmilkshake.com/fummel/opera-bikini-must-have-special-9479,0.6174309
http://mimigstyle.com/new-mimi-g-pre-fall-patterns-simplicity-8426-8427?replytocom=120404,0.6173456
http://www.shenchong.com/blogs/the-worlds-top-8-plate-rolling-machine-manufacturers,0.61714727
http://blog.adafruit.com/2018/01/30/science-of-pickles-kosher-dill-current-activity-makereducation-2,0.61710656
http://hellobacsi.com/da-lieu/cham-soc-da/lam-dep-bang-giam-tao,0.61694473
http://translatorfun.com/tag/productivity,0.6167933
http://www.all-about-belgian-malinois-dog-breed.com/artisan-collars-c-28/trendy-candy-fdt-artisan-brown-leather-belgian-malinois-collar-adorned-with-stars-and-tiny-squares-p-1122.html,0.61664116
http://www.smashsaturday.com/event/4662,0.615814
http://sanctanomina.net/2017/02/24/spotlight-on-felicity?_wpnonce=ffadf786f2&like_comment=13164,0.6156947
http://sanctanomina.net/2017/02/24/spotlight-on-felicity?_wpnonce=99dd2a91e7&like_comment=13254,0.61569464
http://blog.adafruit.com/tag/integrated-roadways,0.6156516
http://bustedbitchesandinternetstalkers.com/jwh-18-in-goa-india.php,0.61558634
http://jvupsell.com/atomstore-wp-theme-review,0.61510634
http://www.golden-retriever-dog-breed-store.com/artisan-collars-c-23/rockin-doggie-fdt-artisan-tan-leather-golden-retriever-collar-adorned-with-stars-and-skulls-p-597.html,0.6148254
http://shop.afinitica.com/es/adhesivos/23-spray-activador.html,0.61471224
http://www.3dprinteddebris.com/listing/932406970/joe-biden-usa-president-46-5-inch-3d,0.61432856
http://www.ultime-offerte.it/miglior-kemi-clean-gel-igienizzante-prezzo-acquisto,0.6137518
http://banhtrangnhubinh.com/banh-trang-xau-mieng-trang,0.61326325
http://aavos.eu/product-category/microscopy,0.6128887
http://optics-planet.net/best-borescope-for-android,0.6123549
http://www.gamingscan.com/playstation-5-release-date-specifications-price,0.6118263
http://optihax.com/buy-eso-gold,0.6113306
http://mejores.com.es/caja-fuerte-camuflada,0.6109588
http://www.casinodaemon.com/content/payments/currencies/indian-rupee-casinos.php,0.61068547
http://portugalaurora.com/the-weeknd,0.6105621
http://eluxemagazine.com/fashion/eco-friendly-brands-at-new-york-fashion-week,0.609729
http://99bitcoins.com/usi-tech-review,0.6095346
http://dividends.my/superln-7235,0.6090928
http://www.heyitsfree.net/yoshinoya-birthday-freebie,0.6088463
http://www.artisticshuttersshadesandcurtains.com/shades/fabric-roman-shades-boynton-beach-west-palm-beach-fl,0.6088206
http://tarynblank.com/throwback-thursday-australian-outback-edition,0.6086271
http://www.filmsquish.com/guts?q=node/866,0.6084205
http://myweldingyard.com/best-welding-shirts,0.6074776
http://www.centrodonna.ro/categorie-produs/kerastase-elixir-ultime,0.6072265
http://www.luxcaddy.lu/en/product/brand/106/Henkel.html,0.6071843
http://pt.elantas.com/tongling/products/wire-enamels/polyesterimide-enamels.html,0.6067769
http://cnafinance.com/biotech-stock-news-kbio-sny-clvs-azn-vrtx,0.6050403
http://2019homedesign.com/dining-room-table-design-ideas,0.6049168
http://thepixellary.com/chinese-new-year-by-the-numbers-wechat-spring-festival-infographic-2016,0.60479474
http://recidemia.com/Baking_supplies_and_flavorings,0.60465413
http://emojipedia.org/joypixels/5.0/flag-egypt,0.60461366
http://www.sadoun.com/product-tag/gypsy,0.6044935
http://buyparts.online/products/3810353c5,0.60420775
http://www.cnet.com/news/listen-to-a-recording-from-1878,0.6036014
http://nanocomposix.com/collections/application-nanomedicine/application-plasmonic,0.6034744
http://covidresearchtrials.com/01012021/output/covid/drug/drug3383.html,0.6034057
http://taiwanoolongs.com/collections/new-products/products/jiayang-organic-alluvial-devil-high-mountain-oolong-tea,0.6033325
http://www.boomlibrary.com/sound-effects/everyday-cars,0.6026727
http://bella-research-chem.com,0.60236263
http://www.nexusmedia.gr/canon-live-for-the-story,0.6020421
http://lookformedical.com/en/search/liquid-bone-cement-bone-cements,0.60193515
http://www.more-deadsea.com/product-page/%D7%A1%D7%91%D7%95%D7%9F-%D7%9C%D7%97%D7%95%D7%AA-%D7%A0%D7%95%D7%96%D7%9C%D7%99-%D7%A9%D7%9E%D7%9F-%D7%96%D7%99%D7%AA,0.6016937
http://buyparts.online/products/3565483c91,0.60055166
http://www.xn--borsanasloynanr-flcg.com/wb5wnt/070794-clipart-finger-pointing-at-you,0.6004535
http://1010uzu.com/blog/au-switching-frequency-model-changes,0.60032034
http://mamhellas.gr/product-category/potirakia,0.59946406
http://marcomkt.com/2020/06/18/joy-of-work-la-felicidad-en-el-trabajo,0.5994581
http://smarthdd.com/database/Hitachi-HDS721616PLAT80/P22OA85A,0.5989343
http://nanocomposix.com/collections/core-shell-no-shell,0.59880376
http://camel4all.info/index.php/tag/camel-dairy-australia,0.598764
http://www.releases.kuk-art.com/en/comment/reply/27/527,0.5983397
http://www.releases.kuk-art.com/en/comment/reply/106/1981,0.5983397
http://www.sc4u.uk/offer/stonecare4u-essential-black-spot-remover-25-litre,0.5982
http://cardealershipsinchicago.org/semrush/military-discount-semrush-seo-software-semrush-review,0.5980594
http://www.fahnenversand.de/shop/nationalflagge-nicaragua-150x90cm-a236.html,0.5980085
http://search.yahoo.com/mobile/s?_tsrc=apple&age=1m&d=%7B%22dn%22%3A%22yk%22%2C%22ykid%22%3A%22584c5771-2acd-45a6-b833-31a3f06f7e10%22%7D&ei=UTF-8&norw=1&p=Rachel+Dratch,0.59751725
http://www.olino.org/advice/us/lamps/details/5844,0.59744084
http://www.fordogtrainers.com/artisan-collars-c-409/pink-sweetie-fdt-artisan-wonderful-pink-leather-dog-collar-with-brass-decorations-p-6396.html,0.597085
http://kitchencabinetresources.com/kitchen-cabinet-design-ash-flat-arkansas,0.59702456
http://www.hercules-shop.com/products/satyr-1,0.5964358
http://www.voiceofevesham.co.uk/site/index.php?option=com_search&ordering=newest&searchphrase=exact&searchword=street,0.59509695
http://distributorsparepartforklift.com/jual-spare-part-forklift-selang-radiator-caterpillar,0.59501266
http://www.cserepkalyhakemencekandallo.org/Dental-Care-101-What-You-Need-To-Know.php,0.59374905
http://blog.adafruit.com/2018/11/23/pololu-black-friday-cyber-monday-sale-2018-pololu-blackfriday-cybermonday,0.5936578
http://dealsoutlets.com/collections/best-sell/products/samsung-pedestal-harware-kit-dc99-00870b,0.59352374
http://shebegan.com/what-to-wear-to-a-concert-presentation-or-interview,0.59352267
http://timberridgedesigns.com/where-to-buy-epoxy-resin-what-you-should-know-before-buying,0.59346175
http://tastefestivalssa.co.za/kitchen-units-parklands-north,0.5931145
http://blog.adafruit.com/2020/09/25/raspberry-pi-as-a-usb-midi-host-via-blitzcitydiy,0.59234846
http://www.game-debate.com/hardware/index.php?cpu=Sempron+3500+&pid=324,0.59159774
http://electrounin.com/tag/mpc,0.5907297
http://fantucci.com/product/star-trek-t-shirt-battle-unisex,0.5902194
http://www.headshopnearme.org/ri/rhode-island/kingston,0.5889255
http://www.yoybuy.com/pd/538chHIBbZ1MBMb9GLH5.html,0.58823216
http://relicsmusic.co.nz/products/bonzodogbandurbanspacemancd,0.5877924
http://cosmowenman.com/2013/01/08/3d-printed-portraiture-past-present-and-future,0.586688
http://crescendo.co.nz/shop/tubing-glass-borosilicate,0.58649766
http://distributorsparepartforklift.com/jual-spare-part-forklift-relay-starter-24v,0.58590406
http://www.libertynatural.com/bulk/915.htm,0.5854055
http://emojipedia.org/samsung/experience-9.1/three-oclock,0.5853457
http://villaasfina.com/en/kalender-preise-2,0.58517444
http://wealthygorilla.com/td-jakes-quotes,0.58508277
http://www.beinggardener.com/buy/small-bitter-gourd-seeds,0.5848745
http://www.libertynatural.com/bulk/436.htm,0.5845078
http://akoco.com/collections/acne-blemish-treatments/products/neogen-dermalogy-a-clear-soothing-clear-spot-patchship-from-us,0.5843797
http://blog.adafruit.com/2016/03/08/konstantin-dimopoulos-the-blue-trees-in-sydney-arttuesday,0.5841815
http://im.coupons/software/slickvpn-coupon-discount-code-lifetime-access-98-off-promo-special-offer,0.5840084
http://upload.bitlanders.com/movie/screen-savers-wallpaper/27228,0.58361596
http://www.rumahunieq.com/desain-dapur-ikea,0.5825563
http://www.dooffy.com/cs/zajimavost-gangster-jabba-hutt-z-hvezdnych-valek-jako-sladky-dortik/s-1.html,0.58194983
http://www.hdextremetools.com/general-info/3-point-hitch,0.5814164
http://fantasyfootballcalculator.com/players/ty-hilton,0.5812479
http://buddhajeans.com/2013/02/buddha-the-greatest-environmentalist,0.5802497
http://blog.adafruit.com/2016/03/28/make-an-iot-door-detector,0.5801661
http://infinitypots.com/product/10-gallon-infinitypot-2-0-for-transplanting?currency=USD,0.5799669
http://directory.askbee.net/visual_arts/entertainment,0.57978827
http://www.mymeditravel.com/chronic-leukemia-treatment-procedures-in-philippines,0.5787682
http://im.coupons/software/credi-response-coupon-discount-code-27-off-promo-special-offer,0.57846385
http://www.backmarket.com/tested-and-certified-used-oneplus-oneplus-7t-pro-5g-mclaren-256-gb-papaya-orange-unlocked/133280.html,0.5765226
http://everythingwebs.com/2014/11/19/dyifashion-como-hacer-tu-propio-kimono-u,0.5762807
http://tshirtsfever.com/product/star-wars-the-mandalorian-kuiil-i-have-spoken-t-shirt,0.57563925
http://blog.adafruit.com/2018/12/22/give-the-gift-theyve-been-hoping-for-the-gift-of-adabox-4,0.5755166
http://laptopguard.co.id/servis-laptop-dell-p24t-install-ulang-windows,0.5752386
http://www.gematrix.org?word=armel+blanche+kesseng+daughter+of+stephen+wheeler,0.57453537
http://www.magnet-shop.com/find-out-more-about-magnets,0.57440877
http://www.ixpap.com/darth-vader-wallpaper-33,0.5743488
http://arabnyheter.info/injecting-amphetamine-powder-in-luxor-egypt.php,0.5741972
http://www.coolnativesnursery.com/store/p511/smallplants.html,0.5729976
http://emojipedia.org/google/android-5.0/minibus,0.5726717
http://thestyleescape.com/pages/size-chart-zaimara-genova-jumpsuit,0.572078
http://www.incarconnections.co.uk/audi-aux-input-adapters-aux-cable/ctvadx004-audi-aux-input-adapter-for-mmi-2g-high-in-a5-a6-s6-a8-q7.html,0.5719751
http://thecurvyfashionista.com/wide-width-low-heels-fall,0.5712391
http://www.ampmwalkinurgentcare.com/flu-shots-near-edgewater,0.5704513
http://luxpursuits.com/other/great-banquet-service-of-the-maharaja-of-patiala,0.56994164
http://phonewallpaper.net/anonymus-hoodie-withl-smoke-bomb,0.5695417
http://us-reviews.com/online-shop/barbeques-galore-reviews-experiences-opinions-complaints,0.5695178
http://balloonexpress.ca/blogs/news/birthday-balloon-party-ideas-for-your-adorable-kid,0.56912327
http://proiser.com/evaluation-of-seminal-samples,0.5690651
http://www.mymeditravel.com/physical-medicine-and-rehabilitation-clinics-in-romania,0.56890726
http://distributorsparepartforklift.com/jual-spare-part-forklift-hose-rad-upper,0.5689068
http://eduworldcircle.com/2019/10/22/%E0%A6%AC%E0%A6%BE%E0%A6%82%E0%A6%B2%E0%A6%BE%E0%A6%A6%E0%A7%87%E0%A6%B6-%E0%A6%AA%E0%A6%BE%E0%A6%A8%E0%A6%BF-%E0%A6%89%E0%A6%A8%E0%A7%8D%E0%A6%A8%E0%A7%9F%E0%A6%A8-%E0%A6%AC%E0%A7%8B%E0%A6%B0-4,0.5686443
http://www.yoybuy.com/pd/Inref3QBglQUd0j4k1IV.html,0.56853753
http://blog.adafruit.com/2012/06/30/tonight-the-weekly-show-and-tell-is-saturday-night-63012-at-930pm-et,0.56852573
http://im.coupons/tag/webinar-marketing-course,0.56751126
http://laptopvslaptop.com/laptop/Acer-Swift-5/35452c,0.56686074
http://blog.adafruit.com/2015/04/10/install-linux-and-access-via-ssh-piday-raspberrypi-raspberry_pi,0.56679815
http://purelyalpaca.com/products/80-alpaca-crew-socks-made-in-usa,0.5663662
http://micrornainhibitors.com/2012/05,0.5660883
http://workshopmanualsaustralia.com/12/suzuki-gsf600-650-and-1200-bandit-service-and-repair-manual/06/2018,0.5658805
http://iqstandards.info/promo-code-50-off-wowwee-fingerlings-toys,0.5649887
http://www.flyingthehedge.com/2019/02,0.5649829
http://apkspure.com/photography-apps/app-cloner-premium-apk?share=twitter,0.56479925
http://www.thecabinchiangmai.com/aftercare-programme,0.5643598
http://rakdok.com/rakdok-diary/floral-in-textile-industry-%E0%B9%80%E0%B8%A1%E0%B8%B7%E0%B9%88%E0%B8%AD%E0%B8%94%E0%B8%AD%E0%B8%81%E0%B9%84%E0%B8%A1%E0%B9%89%E0%B9%80%E0%B8%9A%E0%B9%88%E0%B8%87%E0%B8%9A%E0%B8%B2%E0%B8%99%E0%B9%83,0.56419295
http://tymegallery.com/desktop/slots/playtech,0.5638288
http://arabnyheter.info/molly-pills-in-lausanne-switzerland.php,0.5626932
http://www.dentexpert.net/uk/%D0%BE%D0%B1%D0%BD%D0%BE%D0%B2%D0%BB%D0%B5%D0%BD%D0%BD%D1%8F-%E2%84%96-1484-%D0%B4%D0%BB%D1%8F-%D1%81%D0%B8%D1%81%D1%82%D0%B5%D0%BC-dentexpert-medexpert-%D0%B8-medexpert-cosmetology,0.56258017
http://com.xipteras.org/Astronomy/The-Moon/i-CpvNfBL,0.56250775
http://www.anamatrix.in/product/fumigator,0.5616668
http://bestmattress.co.uk/best-mattress-for-kids-uk,0.56141114
http://www.moto-abruzzo.net/2015/12/busy-busy-and-bloody-busy,0.5613214
http://www.game-debate.com/hardware/index.php?cpu=Core+i3-2310M+2.1GHz&pid=720,0.5610666
http://emojipedia.org/google/android-11.0-december-2020-feature-drop/woman-astronaut,0.56096613
http://www.clareflorist.co.uk/send-flowers-to/glasgow/provanmill,0.56067055
http://laser-hair-remove.co.il/%D7%AA%D7%95%D7%A1%D7%A4%D7%95%D7%AA-%D7%A9%D7%99%D7%A2%D7%A8-%D7%9C%D7%92%D7%91%D7%A8%D7%99%D7%9D-%D7%91%D7%A4%D7%A8%D7%93%D7%A1-%D7%97%D7%A0%D7%94,0.56065476
http://mtmaloney.wordpress.com/tag/sugar-skulls,0.56015545
http://cheapnfljerseys-online.com/how-get-best-deal-used-car,0.5598687
http://emojipedia.org/samsung/touchwiz-7.1/red-heart,0.55967575
http://cuteiphonewallpaper.com/iphone-xr-screen-lock-wallpaper-147,0.558936
http://nomadrugs.com/product/mamluk-37,0.55857384
http://dev.hexnet.org/tagged/buckminster%20fuller,0.55819124
http://www.all-about-belgian-malinois-dog-breed.com/artisan-collars-c-28/romantic-spirit-handcrafted-fdt-artisan-pink-leather-belgian-malinois-collar-with-studs-p-1200.html,0.55776715
http://www.game-debate.com/hardware/index.php?cpu=Celeron+M+320+1.3GHz&pid=1685,0.5572921
http://www.petalsnetwork.com/usa/nh/flowers-Windham-florists.htm,0.55667275
http://worldofcolour.nl/shop/vest-sioux-bruin-roze,0.5565169
http://mayastickers.com/banksy-logo-decal-stickers,0.556495
http://metaglossary.com/define/option,0.5562975
http://nyetenk.me/2020-lexus-rc-f-v8-colors-release-date-interior-changes-price,0.5553192
http://nyetenk.me/2020-lexus-ux-colors-release-date-interior-changes-price,0.5550027
http://www.patabugen.co.uk/tag/rosh-pina,0.55494547
http://berks2014.com/4-mc-in-troodos-cyprus.php,0.5544077
http://iphoneswallpapers.com/aesthetic-nature-iphone-wallpaper,0.5539797
http://im.coupons/training/copywriting-advantage-coupon-discount-code-30-off-promo-special-offer,0.5530854
http://bodyholds.com/lifespan-tr-1200i-folding-treadmill-review,0.55215687
http://www.beautyontrial.co.uk/community/blogs/28/argan-oil-multi-purposes-skincare-benefits,0.5516048
http://www.earthtouchnews.com/discoveries/fossils/wow-a-feathered-dinosaur-tail-preserved-in-amber,0.55123764
http://www.talknerdy.uk/wonder-woman-2009-animated.html,0.5491395
http://www.thesedomainsareforsale.com/2015/07/mintbrandcom-mint-brand.html,0.54849195
http://metaglossary.com/define/citrate,0.5482036
http://www.yungskin.com/product/yungskin-purifying-face-mask,0.54820275
http://www.dentexpert.net/%D0%B2%D1%82%D0%BE%D1%80%D0%BE%D0%B9-%D0%B1%D0%BB%D0%BE%D0%BA-%D0%B4%D0%BE%D1%80%D0%B0%D0%B1%D0%BE%D1%82%D0%BE%D0%BA-2008-%D0%B3%D0%BE%D0%B4%D0%B0-%D0%B4%D0%BB%D1%8F-%D1%81%D0%B8%D1%81%D1%82%D0%B5,0.5476421
http://www.azo.org/profile/hedricke/blog-posts,0.5475963
http://www.sno.co.uk/ski-resort/val-thorens/child-care-val-thorens-babysitting,0.54685795
http://iphoneswallpapers.com/blue-low-poly-texture-iphone-wallpaper,0.54669166
http://www.bobswatches.com/rolex-date-15200-roman-dial.html,0.5465351
http://smallforsenate.com/2019-dodge-dynasty-release-date-interior-changes-price,0.54439545
http://www.carhartt-wip.com/es/journal/music/2015/02/uk-bloc-festival-ticket-lottery,0.54316515
http://www.reference.com/web?l=dir&o=600605&page=3&q=Examples+of+Electrical+Conductors+and+Insulators&qo=pagination&qsrc=998&sga=1,0.54302526
http://themebox.co.in/021014/grinch-nail-designs,0.54265755
http://krishna.org/man-on-the-moon-a-colossal-hoax-that-cost-billions-of-dollars?replytocom=33742,0.54118514
http://emojipedia.org/samsung/experience-9.1/woman-getting-haircut-medium-skin-tone,0.541002
http://picamfg.com/pcb-surface-finish,0.54022086
http://emojipedia.org/google/android-11.0-december-2020-feature-drop/person-getting-massage-dark-skin-tone,0.54017806
http://obscurefinds.com/types/233/Canada+One+Dollar+1992+-+Elizabeth+II+-+Kingston+Stagecoach+Silver+Dollar,0.54015946
http://emojipedia.org/whatsapp/2.19.244/crown,0.5394808
http://diarioprensaushuaia.com/methamphetamine-powder-crystal-meth-in-murcia-spain.php,0.53926915
http://www.drsteyn.co.za/cosmetic-dentist-dental-procedures/veneers,0.53793716
http://www.alderneyviews.com,0.53772813
http://www.gematrix.org?word=united+states+of+mexico+united+against+archangel+ariel,0.53705835
http://markamorin.com/2018/12/31/8th-army-tanks-for-what-a-tanker-and-so-it-begins?_wpnonce=6f11d35560&like_comment=2448,0.5369477
http://thermostatonline.com,0.53689694
http://www.cjdigiphoto.com/Galleries/Golf/2002pgachampmn/i-cxZx7DM,0.53673995
http://www.cjdigiphoto.com/Galleries/Golf/2002pgachampmn/i-mcRhLM6,0.53673995
http://kremmania.hu/kremek/revolution-skin-intense-skin-exfoliator-30-aha-bha-peeling,0.53485733
http://emojipedia.org/samsung/experience-9.1/deer,0.53377914
http://thehearup.com/perfect-birthday-gifts/7831,0.5335299
http://forums.colts.com/topic/69624-dome-indoor-teams-rarely-win-superbowls?tab=comments,0.5328922
http://www.soulivity-latinx.com/how-subversive-artists-made-thrift-shopping-cool,0.5327718
http://peterandava.com/author/peter,0.53259194
http://pungenerator.org/puns?q=leg,0.5324229
http://eshcarmel.org/tag/youthful,0.53177905
http://www.grandtheftwiki.com/Moonbeam,0.53164864
http://bestxiaomiproducts.com/how-xiaomi-scale-works,0.53161114
http://www.organichawaiicoffee.com/buy-pure-kona-coffee,0.5312672
http://www.thefixables.shop/apple-refurbished-iphone-7-plus-256-gb.html,0.5312598
http://greater-manchester.tiledoctor.biz/cleaning-a-ceramic-tiled-shower-room-in-romiley,0.53032404
http://wingingitblog.com/first-instrument-rating-lesson-finally,0.5292816
http://diarioprensaushuaia.com/adderall-xr-25-mg-in-side-turkey.php,0.52829576
http://ninan.org/letter-k/kotex-parent-company.php,0.52825034
http://objectif-respect.org/birthday-diy-card-for-him,0.5274395
http://www.thestreetpeep.com/2011/09/1976-dodge-tradesman-200.html,0.5274275
http://www.stevegongphoto.com/Stories/China-Vietnam-Cambodia/i-Bhp5tGv,0.5274246
http://www.militaryremembrancepins.com/products/31-sqn-royal-air-force-remembrance-flower-lapel-pin,0.5254444
http://tipsytopsy.com.sg/products/3-x-500ml-kingfisher-strong-beer-can-case,0.525175
http://www.azo.org/covid19,0.5243759
http://blog.adafruit.com/2016/09/27/mit-and-google-give-the-cubicle-a-radical-shape-shifting-redesign-arttuesday,0.5243422
http://www.spoon-tamago.com/2010/11/28/japan%E2%80%99s-hit-products-of-2010,0.52377194
http://www.mac-history.net/apple-history-tv/ads/2008-05-25/imac-dv-und-power-macintosh-cube,0.5226594
http://www.helis.com/database/news/ka-62-prepare-prelim-flight,0.5223572
http://www.bolly-reporter.in/2018/04/kangana-ranaut-transformations.html,0.52211237
http://getcouponhere.com/search?k=walmart+couponblink,0.5214914
http://collect-militaria.com/534-nsdap-medical-leather-pouch.html,0.5195197
http://www.myweddingsongs.com/weddingblog/1980-wedding-songs-for-every-aspect-of-your-wedding,0.519017
http://www.1st-art-gallery.com/Gustav-Klimt/Mother-And-Child.html,0.51784337
http://rhymes.woxikon.com/en/abominate,0.51690346
http://crazy4smiths.com/buy-1-get-1-50-beauty-event-starts-today?replytocom=9203879,0.5166445
http://www.thestreetpeep.com/2013/01/submission-1971-toyota-corona-mark-ii.html,0.5159056
http://automotiv.tk/bmw-powered/rare-bmw-powered-1997-ascari-ecosse-listed-for-sale-in-the-netherlands.html,0.51488227
http://www.kerrywong.com/2018/09/17/inside-an-agilent-66312a-two-quadrant-power-supply/comment-page-1,0.5143695
http://b2b-lead-generation-marketing-in-london.enigmaleadgeneration.co.uk/page/unique-lead-generation-agencies-ICvPjWUoNMPq,0.5133121
http://emojipedia.org/facebook/4.0/trophy,0.51252747
http://www.organichawaiicoffee.com/hawaiian-isles-kona-coffee-best-coffee-store,0.5100242
http://kids.kiddle.co/Eucalyptus_coccifera,0.5100082
http://chrisadas.com/2008/06/19/sovereign-wealth-fund,0.50947464
http://www.drugscontrol.org/news-list-research.php?page=1,0.50912714
http://www.gitlab.jp/direction/monitor,0.50905216
http://carblog.co.za/2008/03/18/2009-opel-insignia-gets-official,0.5088629
http://www.tents-tarps-marquees.co.za/canvas-for-sale/canvas-tent-sales.php?regionname=Bhutan,0.5013449
http://revolutionarys.com/product/first-navy-jack-dont-tread-on-me-short-sleeve-t-shirt,0.49600536
http://www.amazines.com/How_To_Export_Sugar_Products_From_India_related.html,0.49570403
http://ronata.com/mag/18759-%D8%A8%D9%87%D8%AA%D8%B1%DB%8C%D9%86-%D8%B1%D9%88%D8%BA%D9%86-%D8%A8%D8%B1%D8%A7%DB%8C-%D9%BE%D9%88%D8%B3%D8%AA-%D8%B5%D9%88%D8%B1%D8%AA-%DA%A9%D8%AF%D8%A7%D9%85-%D8%A7%D8%B3%D8%AA%D8%9F,0.4955544
http://floramoraustin.com/floral-dictionary-lily-of-the-valley,0.49527034
http://emojipedia.org/samsung/experience-8.1/person-swimming-dark-skin-tone,0.4952315
http://www.pitflaps.co.uk/2018/05,0.4948926
http://www.comingsoon.net/movies/news/1151125-mgm-sets-the-addams-family-2-for-halloween-2021-release,0.4933684
http://www.sarmsworld.com/rad140-testolone/dosages,0.4910211
http://www.bodymeasurements.org/helga-lovekaty,0.48974073
http://www.papergreat.com/2016/05/vintage-charity-labels-for-cal-farleys.html,0.48969284
http://search.yahoo.com/mobile/s?_tsrc=apple&age=1m&d=%7B%22dn%22%3A%22yk%22%2C%22ykid%22%3A%2268e71890-751b-4954-bf11-7af009edf7d8%22%7D&ei=UTF-8&norw=1&p=Spider-Man+3+movie,0.48877865
http://www.napolipizzaflour.com/teachablereview/cheap-teachable-course-creation-software-sale-best-buy,0.48773354
http://cerebellar-abiotrophy.org/index.php?Itemid=54&id=46&option=com_content&view=article,0.48316643
http://www.gematrix.org?word=i+would+like+a+lakota+medicine+man+to+spiritually+clean+the+place+before+we+move+in,0.48243982
http://aquaturtlium.com/blue-ishikawas-frog,0.4797235
http://roysrants.wordpress.com/tag/long-john-silvers,0.479261
http://www.huonhealinghands.com.au,0.47888345
http://infonormandie.me/ketamine-crystal-powder-in-dortmund-germany.php,0.47874102
http://vwikien.com/wiki?p=whats-levitra,0.47793618
http://buddylmuseum.com/26.html,0.47763634
http://www.altarcardartistry.com/2008/09/downloadable-altar-cards.html,0.47548267
http://jericof.com/2020-nissan-altima-hybrid-colors-redesign-release-date-horsepower-mpg,0.47508675
http://fadetoplay.com/2017/06/week-123-of-chemo-june-blood-test-results-cancer-levels-remain-stable,0.47434464
http://yachtemoceans.com/aqua-sinot-fuel-cell-yacht,0.47397697
http://www.artnuances.com/artworks/poppy-flowers-svistova-irina,0.4733122
http://fitnesstrackerguides.com/best-fitness-tracker-without-bluetooth,0.47080642
http://jewprom.50webs.com/JewPromSite_files/sheet090.htm,0.46929756
http://insurgen.info/ecstasy-pills-in-braga-portugal.php,0.4639964
http://www.essexwaspcontrol.co.uk/old-wasp-nest-removal-quendon.php,0.4608921
http://nstperfume.com/2013/08/14/ralph-lauren-polo-red-fragrance-review,0.45775825
http://www.phosphosite.org/overviewExecuteAction?id=2109&showAllSites=true,0.45709762
http://www.topapkmods.com/whatsapp-stickers-for-everyone,0.45510215
http://holdmyshowspace.com/reservations/dog-shows/hdcluster/high-desert-cluster-reserved-grooming-lujan-a-half-space,0.45431387
http://rhymes.woxikon.com/en/twiddle%20with,0.4497262
http://witness2fashion.wordpress.com/tag/delman-shoes,0.44876274
http://www.bios-mep.info?p=8054,0.44841295
http://kimiafs.com/maxim-covergirl-2018-vote-today-at-4pm?replytocom=57692,0.44707337
http://scottkupetzdmd.com/dentist-pleasantside,0.44695324
http://nissan2022.com/2022-nissan-gt-r-nismo-redesign-release-date-color-changes,0.44134843
http://diarioprensaushuaia.com/mexedrone-in-jerusalem-israel.php,0.4337399
http://www.seamheads.com/NegroLgs/manager.php?playerID=mitch01geo&sort=WSWin_a&tab=record,0.4316095
http://www.seamheads.com/NegroLgs/manager.php?playerID=wilki01jam&sort=wPct_a&tab=record,0.4316095
http://seamheads.com/NegroLgs/player.php?playerID=moran01fra,0.4316095
http://mail.seamheads.com/NegroLgs/player.php?playerID=buckn01har,0.43160945
http://www.tattooexpo09.com/will-cbd-fail-a-hair-follicle-drug-test-best-cbd-products-to-try-this-year,0.41585553
http://www.greencarreports.com/news/1065767_fisker-to-use-bmw-engines-in-midsize-nina-plug-in-hybrid,0.38837156
