url,centroid_sim
http://learn.adafruit.com/coffee-detonator/microcontroller-reading,0.8032789
http://learn.adafruit.com/portable-kippah-pi/closing-it-up,0.78992677
http://learn.adafruit.com/assets/76476,0.7835081
http://learn.adafruit.com/assets/66347,0.78350806
http://learn.adafruit.com/assets/69281,0.78350806
http://learn.adafruit.com/assets/63674,0.78350806
http://learn.adafruit.com/assets/52982,0.78350806
http://learn.adafruit.com/assets/73008,0.78350806
http://learn.adafruit.com/assets/67766,0.78350806
http://learn.adafruit.com/assets/60071,0.78350806
http://learn.adafruit.com/assets/38599,0.78350806
http://learn.adafruit.com/assets/77039,0.78350806
http://learn.adafruit.com/assets/52255,0.78350806
http://learn.adafruit.com/assets/34831,0.78350806
http://mygraphicfairy.com/2016/05/insane-list-public-domain-image-sites,0.7596544
http://freefoto.ca/sector-primario-dibujo-para-colorear-imagui.html,0.74145764
http://cdn.ancient.eu/image/3108/nunnery-quadrangle-uxmal,0.73880714
http://ghostbusters.fandom.com/wiki/Firehouse,0.7363286
http://biologija.fandom.com/lt/wiki/Peperomia_austin-smithii,0.7340154
http://arstechnica.com/science/2012/05/disentangling-the-wave-particle-duality-in-the-double-slit-experiment?comments=1&post=22880638,0.7335581
http://biggeordiegeek.uk,0.7330734
http://wiki.picapport.de/pages/viewpage.action?pageId=40665092,0.73230076
http://popnmusic.fandom.com/wiki/CORE_PRIDE,0.7284117
http://dev.to/henrylim96/reading-xiaomi-mi-scale-data-with-web-bluetooth-scanning-api-1mb9,0.7272483
http://learn-u.com/lesson/using-technology-in-the-classroom/games-and-virtual-environments,0.72674644
http://moapyr.fandom.com/wiki/Yuri's_Proselyte,0.72656375
http://heykidscomics.fandom.com/wiki/Cherokee_Rose_(The_Walking_Dead),0.7264478
http://icrontic.com/discussion/comment/563512,0.7257601
http://www.libertarianinternational.org/apps/blog/show/10731936-georgia-libertarians-liberals-win-war-of-ideas,0.725071
http://openlibrary.org/works/OL13128831W/Regesta_regni_Hierosolymitani_(MXCVII-MCCXCI),0.7212072
http://vvvv.org/documentation/fr.effets-audio,0.7197993
http://circleci.com/docs/2.0/security-server,0.71874225
http://lostmediaarchive.fandom.com/wiki/Template:Reflist,0.7180902
http://vertikal.net/en/directory?level=1&parent=2,0.7162094
http://www.biopix.org/nyala-angasii_photo-111287.aspx,0.71498793
http://alm.plos.org/works/http://doi.org/10.1371/journal.pcbi.1002216?relation_type_id=is_bookmarked_by&source_id=citeulike,0.71231997
http://alm.plos.org/works/http://doi.org/10.1371/journal.pone.0015530?relation_type_id=is_referenced_by&source_id=articlecoverage,0.7114282
http://www.lavalledelleco.net/t4248-fai-senso,0.7084503
http://dishonored.fandom.com/wiki/Arnold_Timsh,0.7076465
http://docarchives.dlang.io/v2.081.0/foundation/donate.html,0.70704794
http://amazingstories.com/tag/jose-javier-saiz-garitaonadia,0.7069202
http://www.bladeforums.com/threads/guardians-of-the-lambsfoot.1406735/page-2216,0.70653653
http://websiteownersguidebook.com/index.php/identity,0.7063405
http://proboothtalk.com/will-you-donate-your-booth-with-guest-host-clay-moore,0.7048209
http://alm.plos.org/works/http://doi.org/10.1371/journal.pone.0015306?relation_type_id=reviews&source_id=f1000,0.70445687
http://dev.to/invonto/preparing-for-remote-work-during-the-coronavirus-pandemic-2k8l,0.70277166
http://www.psychologistworld.com/link-to-page?id=354,0.701634
http://anthrowiki.at/index.php?target=F%C3%BChlen&title=Spezial%3ALinkliste,0.70048136
http://geekgirlcon.com/category/fandom,0.70037544
http://www.dvdplanetstore.pk/shop/merchandise/star-trek-the-cage-anniversary-mug,0.6988716
http://amazingstories.com/2016/02/final-boskone-report?utm_campaign=Feed%3A+amazingstoriesmag/NhSh+%28Amazing+Stories%29&utm_medium=feed&utm_source=feedburner,0.69847834
http://gizadeathstar.com/2021/02/about-that-venetian-trading-route-to-alaska,0.6983584
http://memory-alpha.fandom.com/wiki/A_Matter_of_Perspective_(episode),0.6981497
http://www.dvdplanetstore.pk/product-category/tv-movie?add-to-cart=231119&wmc-currency=PKR,0.6976421
http://www.popularmechanics.com/science/energy/a26255413/green-new-deal-nuclear-power,0.6966959
http://heykidscomics.fandom.com/wiki/Werewolf_by_Night_Vol_1_13,0.69636303
http://forum.genealogy.net/index.php?postID=414649&thread/76007-geburtsort-burska-nur-wo-ist-das/=,0.6962099
http://metapossivel.com.br/como-fazer-um-blog-gratis-e-personalizado-passo-a-passo,0.69617194
http://gundam.fandom.com/wiki/Blex_Forer,0.696165
http://lib.ewubd.edu/node?page=5&qt-e_resources=4&qt-google_custom_search_and_website=1&qt-library_timings=0&qt-news=3&qt-vusearch=4,0.6955184
http://techxplore.com/journals/organization-studies/sort/date/3d,0.6948844
http://alm.plos.org/works/http://doi.org/10.1371/journal.pone.0016217?relation_type_id=discusses&source_id=nature,0.6948135
http://cryptidz.fandom.com/wiki/Minhoc%C3%A3o,0.69448346
http://lib.ewubd.edu/node?qt-e_resources=4&qt-google_custom_search_and_website=1&qt-news=3&qt-quick_links_and_useful_sites=0&qt-social_networks=2&qt-vertual_reference_service=1&qt-vusearch=5,0.69351315
http://lib.ewubd.edu/node?qt-google_custom_search_and_website=2&qt-news=3&qt-quick_links_and_useful_sites=1&qt-social_networks=2&qt-vusearch=1,0.69351315
http://lib.ewubd.edu/node?qt-e_resources=5&qt-google_custom_search_and_website=1&qt-news=0&qt-quick_links_and_useful_sites=1&qt-vertual_reference_service=2&qt-vusearch=5,0.69351315
http://lib.ewubd.edu/node?qt-e_resources=0&qt-news=3&qt-quick_links_and_useful_sites=0&qt-social_networks=0&qt-vusearch=0,0.69351315
http://lib.ewubd.edu/node?qt-e_resources=4&qt-google_custom_search_and_website=0&qt-library_timings=1&qt-news=0&qt-vusearch=1,0.69351315
http://lib.ewubd.edu/node?qt-e_resources=2&qt-google_custom_search_and_website=0&qt-library_timings=1&qt-vertual_reference_service=1&qt-vusearch=3,0.69351315
http://lib.ewubd.edu/node?qt-e_resources=2&qt-google_custom_search_and_website=1&qt-library_timings=2&qt-quick_links_and_useful_sites=1&qt-social_networks=0&qt-vusearch=0,0.69351315
http://lib.ewubd.edu/node?qt-google_custom_search_and_website=2&qt-library_timings=2&qt-social_networks=2&qt-vertual_reference_service=1&qt-vusearch=3,0.69351315
http://lib.ewubd.edu/node?qt-e_resources=4&qt-news=3&qt-quick_links_and_useful_sites=0&qt-social_networks=0&qt-vusearch=3,0.69351315
http://lib.ewubd.edu/node?qt-e_resources=5&qt-google_custom_search_and_website=1&qt-library_timings=1&qt-news=0&qt-vusearch=5,0.69351315
http://lib.ewubd.edu/node?qt-e_resources=5&qt-google_custom_search_and_website=1&qt-library_timings=2&qt-quick_links_and_useful_sites=0&qt-social_networks=1&qt-vusearch=0,0.69351315
http://lib.ewubd.edu/node?qt-e_resources=4&qt-google_custom_search_and_website=0&qt-news=0&qt-vertual_reference_service=0&qt-vusearch=1,0.69351315
http://lib.ewubd.edu/node?qt-e_resources=4&qt-google_custom_search_and_website=2&qt-library_timings=2&qt-news=0&qt-social_networks=1&qt-vusearch=5,0.69351315
http://lib.ewubd.edu/node?qt-e_resources=2&qt-google_custom_search_and_website=1&qt-quick_links_and_useful_sites=0&qt-social_networks=1&qt-vertual_reference_service=0&qt-vusearch=2,0.69351315
http://funeratic.com/celebrity-goo-game/goo/steve-jobs,0.69197637
http://www.dvdplanetstore.pk/people/laura-haddock?add-to-cart=115062&wmc-currency=USD,0.691615
http://www.amazingstories.com/2020/12/anime-roundup-12-31-2020-friendship-is-tragic,0.6912767
http://lib.ewubd.edu/node?page=3&qt-e_resources=2&qt-news=0&qt-quick_links_and_useful_sites=0&qt-social_networks=0&qt-vertual_reference_service=0&qt-vusearch=5,0.69113684
http://gundam.fandom.com/wiki/Ple_Two,0.6908151
http://www.genecards.org/cgi-bin/carddisp.pl?gene=ENSG00000224077&keywords=GH11J116916&prefilter=genomic_location,0.6907988
http://memory-alpha.fandom.com/wiki/Hard_Time_(episode),0.6905718
"http://images.lib.ncsu.edu/luna/servlet/widget/view/all/who/Lawrence,%20Jacob/what/Painting%20and%20Drawing/where/Seattle%20Art%20Museum,%20Seattle,%20Washington,%20United%20States/when/American?amp=&embedded=true&os=0&pgs=50&widgetType=thumbnail",0.68982565
http://german-medical-online.com/Venenpraxis-Dr-Taucher.html,0.6887098
http://www.seebeetee.com/generate-strong-and-unique-passwords-using-a-tool-called-secure-passwords,0.68811214
http://resources.whitesourcesoftware.com/licenses/reading-the-fine-print-in-facebook-react-s-open-source-license,0.6870811
http://worldanimal.net/animal-welfare-best-practice-2/30-footer/142-photo-credits,0.6859633
http://www.psychologistworld.com/dreams/dictionary/pain,0.68585134
http://scigraph.springernature.com/resource?u=https%3A//www.grid.ac/institutes/grid.15585.3c,0.6856786
http://lib.ewubd.edu/node?page=1&qt-e_resources=4&qt-google_custom_search_and_website=1&qt-news=3&qt-quick_links_and_useful_sites=1&qt-social_networks=2&qt-vusearch=5,0.68558395
http://lib.ewubd.edu/node?page=1&qt-e_resources=5&qt-google_custom_search_and_website=1&qt-news=1&qt-quick_links_and_useful_sites=1&qt-vertual_reference_service=1&qt-vusearch=3,0.68558395
http://urban-rivals.fandom.com/wiki/Quinzel,0.6852591
http://www.popularmechanics.com/space/a13437/bill-nye-fermi-paradox-video,0.684513
http://www.genecards.org/cgi-bin/carddisp.pl?gene=lnc-DUSP10-8,0.68447363
"http://luna.library.cmu.edu/luna/servlet/widget/view/all/who/Lithwork,%20Hinterkappelen/Ville%20de%20Lausanne%20/%20Chambre%20Consultative%20des%20Immigr&eacute;s/Jean-Pierre%20Vorlet,%20Lausanne/Ville%20de%20Lausanne%20/%20Chambre%20Consultative%20des%20Immigr&eacute;s/Jean-Pierre%20Vorlet,%20Lausanne/Lithwork,%20Hinterkappelen/what/Technique:%20Color%20Photography/Technique:%20Color%20Photography/when/1990s?embedded=true&widgetType=thumbnail",0.68442225
"http://luna.library.cmu.edu/luna/servlet/widget/view/all/who/Kurt%20Staub,%20Wangen%20ZH/Ri-Ri%20AG,%20Z&uuml;rich/Kurt%20Staub,%20Wangen%20ZH/Ruedi%20K&uuml;lling,%20Gockhausen%20ZH/when/1970s?embedded=true&widgetType=thumbnail",0.68442214
http://vestnikramn.spr-journal.ru/jour/search?subject=behavioral+and+sleep+disturbances,0.6843222
http://www.genecards.org/cgi-bin/carddisp.pl?gene=IZUMO2&keywords=GH19J050172&prefilter=genomic_location,0.68327624
http://wiki.metropolia.fi/display/Physics/Electromagnetic+coils,0.68324566
http://funeratic.com/tragic-comedy/discussion/i-wanna-be-sed8ed,0.6831752
http://forum.allaboutcircuits.com/threads/diy-vending-machine-a-to-z-help-needed.118695,0.6830473
http://www.agaclar.net/forum/bitkiler-ve-sagligimiz/4476-2.htm,0.6823779
http://yuru-camp.fandom.com/wiki/Mount_Fuji_and_Curry_Noodles,0.6812446
http://alm.plos.org/works/http://doi.org/10.1371/journal.pmed.1001335?relation_type_id=Is_supplement_to&source_id=twitter,0.68042994
http://memory-alpha.fandom.com/wiki/Darkling_(episode),0.6800784
http://techxplore.com/tags/design,0.6800551
http://geekgirlcon.com/author/sarah_grant,0.6796103
http://horizon.fandom.com/wiki/Lansra,0.6793785
http://memory-alpha.fandom.com/wiki/USS_Mekong,0.6784271
http://www.genecards.org/cgi-bin/carddisp.pl?gene=ENSG00000260796,0.67768997
http://isthereanydeal.com/game/rometotalwarcollection/info,0.6763259
http://www.infoq.com/articles/agile-coaches-coach-view-safe?itm_campaign=largeprojects&itm_medium=link&itm_source=articles_about_largeprojects,0.67605406
http://www.genecards.org/cgi-bin/carddisp.pl?gene=KY994054-009,0.6753385
http://www.psychologistworld.com/dreams/dictionary/headgear,0.6753039
http://ratonnm.gov/QuickLinks.aspx?CID=41,0.6750631
http://www.genecards.org/cgi-bin/carddisp.pl?gene=SPP1&keywords=GH04J087843&prefilter=genomic_location,0.67481697
http://forum.mastermason.com/forum_posts.asp?PID=137134&TID=12379,0.6745031
http://heykidscomics.fandom.com/wiki/List_of_Marvel_Comics_characters:_F,0.6741617
http://gundam.fandom.com/wiki/Uso_Dances_with_Illusions,0.67408895
http://www.fishbase.org/summary/Salmo-cenerinus.html,0.6738549
http://bulbapedia.bulbagarden.net/wiki/BW069,0.67381763
http://britishexpats.com/forum/sand-pit-116/ksa-holy-cities-933366/page2,0.67372906
http://mb.videolan.org/area/7d782a87-85ed-4505-8207-2aac0548602e/users,0.67357886
http://fallout.fandom.com/zh/wiki/%E7%89%B9%E6%8B%89%E7%BB%B4%E5%A4%AB?variant=zh-cn,0.67255145
http://www.biopix.com/golden-waxcap-hygrocybe-chlorophana_photo-84308.aspx,0.67221993
http://www.team-yankee.com/Default.aspx?art_id=7131&kb_cat_id=268&tabid=908,0.6722039
http://www.genecards.org/cgi-bin/carddisp.pl?gene=CSF1&keywords=GH01J109958&prefilter=genomic_location,0.6721969
http://www.popularmechanics.com/science/a21514/bilayer-material-rolls-itself,0.67189586
http://www.nintendolife.com/games/n64/california_speed,0.6717099
http://wow.gamepedia.com/Talk:Radiant_Azerite_Core?action=info,0.6713003
http://vestnikramn.spr-journal.ru/jour/search/authors/view?firstName=O.&lastName=Poveshchenko&middleName=V.,0.6700917
http://vestnikramn.spr-journal.ru/jour/search/authors/view?firstName=Alena&lastName=Shubkina&middleName=A.,0.6700917
http://www.fishbase.se/summary/Nettastoma-syntresis.html,0.6695355
http://community.logos.com/forums/p/198614/1154465.aspx,0.6691222
http://buyrealfakepassport.com/product/buy-camouflage-passports-online,0.66909885
http://tvtropes.org/pmwiki/pmwiki.php/Main/UrExample,0.6688906
http://arstechnica.com/science/2013/04/particle-detector-in-space-has-mixed-news-on-dark-matter?comments=1&post=24217291,0.6687457
http://heducate.com/category/uncategorized,0.66872483
http://www.biopix.com/xanthogramma-pedissequum_photo-84858.aspx,0.6683413
http://tvtropes.org/pmwiki/pmwiki.php/Manga/BlueExorcist,0.6681335
http://www.ciwebgroup.com/blog-post/lawyer-website-designs-that-turn-visitors-into-clients,0.6665697
http://bulbapedia.bulbagarden.net/wiki/GOTCHA!,0.6664312
http://konveksigratia.com/hello-world,0.66557467
http://disney.fandom.com/wiki/Let's_Take_a_Quiz,0.6651959
http://permapeople.org/plants/agathis-moorei-pacific-kauri,0.66417176
http://modelshipworld.com/profile/6338-no-idea,0.6639489
http://bch.cbd.int/database/record.shtml?documentid=46004,0.6635871
http://fhug.org.uk/kb/kb-article/an-overview-of-reporting,0.66321045
http://ratchetandclank.fandom.com/wiki/Skidd_McMarx,0.66292506
http://iuoma-network.ning.com/profiles/blog/list?month=07&promoted=&user=3jaa7rgmuszu7&year=2013,0.66284037
http://fancons.ca/guests/bio/5491/hitomi-nabatame,0.66246724
http://logos.fandom.com/wiki/Platforma_Canal+,0.6621207
http://archives.bulbagarden.net/w/index.php?oldid=297741&title=File%3AClassic_western_movie.png,0.66204655
http://www.jobtiger.bg/obiavi-za-rabota/web-developer-219658-1,0.661732
"http://dc.fandom.com/wiki/IZombie_(TV_Series)_Episode:_Twenty_Sided,_Die",0.66125643
http://arstechnica.com/gaming/2010/05/humble-bundle-gives-pirates-what-they-want-gets-ripped-off?comments=1&start=80,0.6611627
http://v1.escapistmagazine.com/articles/view/moviesandtv/reviews/cinemarter/15110-Trumbo-Review,0.66093177
http://forums.gamersfirst.com/topic/3470-1196-weekend-follow-up-and-next-steps?tab=comments,0.6604475
http://www.genecards.org/cgi-bin/carddisp.pl?gene=HS3ST1&keywords=GH04J011534&prefilter=genomic_location,0.6589643
http://goldenlaneestate.org/profiles/blog/list?user=0mr07ep963k74,0.658759
http://fr.corporate-games.eu/post/was-sind-gute-lebensmittel,0.6583415
http://reddead.fandom.com/wiki/Monto's_Rest,0.65820396
http://archives.bulbagarden.net/w/index.php?oldid=485971&title=File%3APyroar_gender_difference_anime.png,0.65793145
http://wiki.geogebra.org/fr/Commande_ChampVecteurs,0.6579033
http://iuoma-network.ning.com/events/convocatoria-arte-postal-memoria-estadio-nacional-chile,0.65681314
"http://www.mobygames.com/developer/sheet/view/developerId,34436",0.6567957
http://www.asmejmd.org/editorials/category/2011/2,0.65665394
http://openlibrary.org/books/OL9805946M/Bought_For_The_Marriage_Bed,0.6564091
http://nowcomment.com/documents/207299,0.65612054
http://ratchetandclank.fandom.com/wiki/Dan_Johnson,0.6558872
http://cytojournal.com/thank-you-reviewers-cytojournal-2006,0.6552799
http://infotech.srg.com/2008/09/drm-and-you.html,0.654645
http://pmpro.ir/courses/sample-course/lessons/lesson-30,0.65426064
http://geekalabama.com/2012/12/08/hanukkah-2012-is-here,0.65290976
http://dc.fandom.com/wiki/New_Guardians_Vol_1_6,0.6527295
http://www.biopix.com/great-grey-shrike-lanius-excubitor_photo-87424.aspx,0.6525063
http://stachepassions.com/transgender,0.6523496
http://unsolvedmysteries.fandom.com/wiki/The_Crew_of_the_Sarah_Joe,0.65205264
http://powerpoint.crystalgraphics.com/templates/view/ohinkkioh/happy-businesswomen-using-tablet-pc,0.65199244
http://webtranslateit.com/en/projects/1170-BookCrossing-Localization/locales/en-US..en-US/strings?status=to_proofread,0.65192145
http://www.ijsr.net/get_abstract.php?paper_id=OCT14349,0.6515931
http://bulbanews.bulbagarden.net/wiki/Pok%C3%A9mon_Wiki_joins_international_Pok%C3%A9mon_encyclopedia_group,0.6506244
http://www.queerscifi.com/for-writers-four-skill-sets,0.65043175
http://venturebrothers.fandom.com/wiki/Ginnie_Dunne,0.65019315
http://openlibrary.org/works/OL775387W/Best_loved_folk_tales_of_Sri_Lanka?edition=,0.6498279
http://www.bitscope.com/blog?c=10E56251EF60D0135AA2430AA223F501&p=recent,0.64934134
http://bulbapedia.bulbagarden.net/wiki/Whiscash_(Pok%C3%A9mon),0.6491886
http://plantsvszombies.fandom.com/wiki/Gas_Can_Zombie,0.6486754
http://forgottenrealms.fandom.com/wiki/Ghaunadaur,0.6485808
http://virtualglobetrotting.com/map/inside-the-jane-goodalls-home,0.64825904
http://plantsvszombies.fandom.com/wiki/Cactus_(PvZ),0.64794075
http://tardis.fandom.com/wiki/Paul_Jefferies?oldid=2663854,0.6478058
http://bulbapedia.bulbagarden.net/wiki/Aurorus_(Pok%C3%A9mon),0.6467633
http://www.lyricskarma.com/entertainment/french-biriyani-full-movie-720p-download-leaked-by-tamilrockers-july-2020,0.64572537
http://anyline.com/news/gradient-descent,0.6455448
http://dc.fandom.com/wiki/DC_Universe_Online_Legends_Vol_1_20,0.64543396
http://phys.org/tags/fermi+national+accelerator+laboratory/sort/popular/1d,0.64496785
http://forums.digitalspy.com/discussion/comment/10845980,0.6447854
http://www.cybersecurity.unsw.adfa.edu.au/library/finding-aids/guide-papers-vicki-viidikas,0.6446773
http://www.retrogames.cz/play_521-DOS.php,0.6442208
http://iuoma-network.ning.com/events/event/listByDate?date=2019-03-20,0.6438966
http://iuoma-network.ning.com/events/event/listByType?type=college,0.6438965
http://land8.com/exploring-the-landscapes-of-colorado,0.643804
http://openlibrary.org/books/OL7022546M/The_first_Prayer-Book_of_Edward_VI,0.6435997
http://dashcamtalk.com/forum/threads/f500lhd-video-fake-camera-or-not.1276,0.6433257
http://www.biopix.com/slimy-spike-cap-gomphidius-glutinosus_photo-48109.aspx,0.64246875
http://fallout.fandom.com/wiki/Jason_Bergman,0.64228237
http://www.biopix.com/cyanophyceae_photo-112973.aspx,0.6419841
http://www.biopix.com/araneidae_photo-101753.aspx,0.64158
http://powerpoint.crystalgraphics.com/templates/view/ikmmmulp/three-young-polish-soccer-fans,0.6410717
http://www.lifehacker.com.au/2017/07/maybe-dont-put-these-things-in-your-face,0.63981485
http://www.rockpapershotgun.com/total-converts-a-potted-history-of-half-life-modding,0.6397605
http://bulbapedia.bulbagarden.net/w/index.php?oldid=3262152&title=Butterfree_%28Pok%C3%A9mon%29,0.63971853
http://isthereanydeal.com/game/hellbladesenuassacrifice/info,0.6389348
http://polandball.fandom.com/wiki/New_Spainball,0.6385118
http://www.explorefiber.com/sew-wanderlust-by-teresa-lim?replytocom=1575,0.6383995
http://meta.m.wikimedia.org/wiki/Talk:CIS-A2K,0.6382458
http://bulbapedia.bulbagarden.net/wiki/Pupitar_(Pok%C3%A9mon),0.63813907
http://www.biopix.com/dasysyrphus-tricinctus_photo-98443.aspx,0.6370063
http://zelda-archive.fandom.com/wiki/Zeldapedia:Manual_of_Style,0.63688153
http://www.biopix.com/fern-leaved-hook-moss-cratoneuron-filicinum_photo-114376.aspx,0.63664687
http://www.rafaelsantos.es/web?start=84,0.6356541
http://www.codemade.io/reasons-to-incorporate-a-smart-health-management-system-into-your-healthcare-facility,0.63432467
http://wrongplanet.net/forums/viewtopic.php?f=3&p=6790822&t=287176,0.6328763
http://villains.fandom.com/wiki/William_Wharton,0.6322336
http://mudcat.org/thread.cfm?threadid=107473&threadid=107473,0.63217866
http://shirt.woot.com/derby/entry/19032/box-star,0.6321285
http://www.smashingmagazine.com/2012/08/designer-passive-income-experiments,0.6317314
http://logonoid.com/topshop-logo,0.6299816
http://powerpoint.crystalgraphics.com/templates/view/kpplinujj/kids-event-happy-easter,0.6297776
http://colchester.cyclestreets.net/help/journey/howitworks,0.6278616
http://tvtropes.org/pmwiki/pmwiki.php/Main/TheEndOrIsIt,0.6275816
http://ardentcollaborations.com/course/cyber-forensics,0.6273107
http://stormlake.org/489/Storm-Lake-Fish,0.6267667
http://finalfantasy.fandom.com/wiki/Ostrich_(Dimensions_enemy),0.62666893
http://shirt.woot.com/derby/entry/119198/forbidden-love,0.6264172
http://www.fishbase.org/Summary/SpeciesSummary.php?id=54193&lang=spanish,0.6262226
http://www.biopix.com/tystrup-bavelse_photo-38683.aspx,0.6257905
http://shirt.woot.com/catalog?category=pop-culture&page=5&ref=cnt_ctlg_pglk_5,0.625697
http://image.absoluteastronomy.com/topics/County_Longford,0.6255717
http://shirt.woot.com/catalog?q=%40%22Tobe+Fonseca%22,0.625054
http://www.train-fever.com/game-info/genre-history?replytocom=4658,0.624762
http://lifeasmom.com/setting-goals-for-the-new-year,0.62420535
http://www.mtsd.de/alldup_hilfe/filepreview.php,0.62418616
http://steveblank.com/2009/07/20/burnout?replytocom=4453,0.6236851
http://geekstuff.blog/2018/10/17/make-your-own-gta-game,0.62283075
http://fishbase.org/Summary/SpeciesSummary.php?id=11476&lang=german,0.622533
http://botwiki.org/bot/actscibot,0.62251854
http://steveblank.com/2012/03/05/search-versus-execute?replytocom=27120,0.62241113
http://forums.vatsim.net/topic/7290-flight-sim-help-change-aircraft-start-location?tab=comments,0.62233406
http://www.biopix.com/veng-klosterkirke_photo-18806.aspx,0.62216383
http://freetools.seobility.net/en/seocheck/www.handwerk.de,0.6220671
http://survivalbros.com/tag/body,0.6220516
http://forums.xilinx.com/t5/PLD-Blog-Archived/The-SoC-for-the-Rest-of-Us/ba-p/273408,0.6216484
http://www.biopix.com/migrant-hawker-aeshna-mixta_photo-27850.aspx,0.62160707
http://forums.geniimagazine.com/viewtopic.php?p=302818,0.62149537
http://security.kiwi/docs/convolutional-neural-network,0.62075233
http://arstechnica.com/cars/2019/01/uber-wants-bicycles-and-scooters-that-can-drive-themselves-to-recharge?comments=1&post=36704451,0.62048626
http://www.swietageometria.darmowefora.pl/index.php?topic=331.0,0.62036026
http://openlibrary.org/books/OL6785115M/Einstein_in_love,0.6202244
http://www.cellartracker.com/wine.asp?iWine=1137505,0.61990327
http://tokyoghoul.fandom.com/wiki/Noro,0.6196043
http://spiritualpassions.com/mtf,0.619015
http://stationproject.blog/category/software-defined-radio,0.61894846
http://phys.org/tags/cancer/sort/popular/1d,0.618355
http://powerpoint.crystalgraphics.com/templates/view/iklmpohmj/loose-leaf-assortment-of-dry,0.61794525
http://www.ecommercebridge.sk/tieto-nastroje-vam-pomozu-jednoducho-si-vytvorit-logo-online,0.61775416
http://en.chessbase.com/post/che-grandmaster-utut-adianto-elected-senator,0.6160573
http://www.rockpapershotgun.com/no-show-conference-talks-are-now-online-are-very-good,0.61583155
http://psychology.wikia.org/wiki/List_of_philosophies?section=23&veaction=edit,0.6158223
http://angiesdiary.com/tag/humanism,0.615322
http://explorersweb.com/2019/07/22/purba-launches-new-k2-push-but-how-risky-is-it,0.6153152
http://www.ecommercetimes.com/story/84941.html?rss=1,0.61514854
http://upge.wn.com?activate=0&ads=1&author=system&auto=Development+summit&from=developmentsummit.com&pagenum=2&query=Development+summit&template=cheetah-photo-search/index.txt&title=Development+summit,0.6146804
http://alanwake.fandom.com/wiki/Alan_Wake:_Illuminated,0.6144838
http://www.biopix.nl/lund-domkyrka_photo-13670.aspx,0.6142579
http://namzezam.wikidot.com/start/date/2013,0.6141519
http://www.cellartracker.com/wine.asp?iWine=144802,0.6140152
http://www.coinideology.com/blockchain,0.61387867
http://www.wired.com/2013/04/voltrons-corpse,0.61383605
http://legal-support.top/end-user-license-agreement,0.6136744
http://www.projectnoah.org/spottings/7801830,0.6132997
http://www.signnow.com/fill-and-sign-pdf-form/35837-166-loan-application-agreement-cascade-capital-corporation,0.6123378
http://tht.fangraphs.com/the-value-production-standings-1946-1950,0.6119627
http://velloreads.com/Adukkamparai,0.6117971
http://www.biopix.com/common-redshank-tringa-totanus_photo-68766.aspx,0.6116244
http://blog.cavedu.com/2013/11/08/appinventorandarduinowithbluetooth?replytocom=5567,0.61105645
http://art-and-craft-supplies.powersupplyi.biz,0.61090016
http://powerpoint.crystalgraphics.com/templates/view/lohkjipu/mall-image-of-escalator,0.6102754
http://position1seo.co.uk/blog/you-can-now-use-the-knowledge-graph-for-your-seo-campaign,0.61020756
http://library.hrmtc.com/tag/gnostic-mass,0.61003596
http://www.biopix.com/cromlech-langdysse_photo-74008.aspx,0.6099566
http://anthrowiki.at/index.php?target=Sympathie+und+Antipathie&title=Spezial%3ALinkliste,0.6098068
http://yokai.fandom.com/wiki/Onikuma,0.6094951
http://www.truebluelifeinsurance.com/mutual-omaha,0.6093151
http://www.ancient-origins.net/news-history-archaeology/5000-year-old-stepwell-found-dholavira-said-be-largest-india-002291,0.60910743
http://www.tdpri.com/threads/i-can-smell-burning.1060902,0.6087448
http://forum.joomla.org/viewtopic.php?p=3596095,0.6076905
http://sonic.fandom.com/wiki/Egg_Launcher_(H),0.60706544
http://www.eokhq.com/profiles/blogs/2118244:BlogPost:3743,0.6062992
http://iuoma-network.ning.com,0.605991
http://image.absoluteastronomy.com/topics/McDonnell_Douglas_MD-11,0.6055328
http://en.everybodywiki.com/LetterPress_Chocolate_1,0.6054732
http://www.famousfix.com/topic/colorado-avalanche,0.60516995
http://www.yoyogames.com/blog/530/how-painting-works-in-chicory-a-colorful-tale,0.6043545
http://cybermanagement.ning.com/friends/ArsenyKrasikov,0.6042943
http://profwilliambyrnes.com/tag/offshore-bank,0.6040625
http://theskylive.com/sky/deepsky/ngc6953-object,0.6034676
http://shirt.woot.com/catalog?color=white&q=%40%22hector+mansilla%22,0.60243684
http://blog.fosketts.net/2010/12/10/light-peak-copper,0.6015525
http://www.webwiki.com/zingelaforwarders.co.za,0.60078275
http://kids-in-mind.com/a/abyss-parents-guide-movie-review-rating.htm,0.60009205
http://www.smallbusinesscomputing.com/ProductReviews/Security/ninite-pro-simplifies-java-updates-2.html,0.5998068
http://ghibli.fandom.com/wiki/Nandar%C5%8D,0.59966457
http://psychology.wikia.org/wiki/Historicism,0.59917676
http://phys.org/tags/dna+sequences/sort/popular/1d,0.5990217
http://www.tabletenniscoaching.com/taxonomy/term/4668,0.5989789
http://arstechnica.com/cars/2017/10/the-legendary-mclaren-f1-designer-is-going-to-build-new-cars?comments=1&post=34245667,0.59825915
http://tug.tractionsoftware.com/traction?chunklastresultid=8589936604&chunksize=25&edate=all&normaledate=all%2A1-1&numpages=2&offset=50&proj=Blog&sort=2&title=Blog&type=rchron,0.5981693
http://igotmyrefund.com/agreed-600-1200-or-more-stimulus-checks-as-early-as-next-week,0.59810174
http://image.absoluteastronomy.com/topics/FIFA_World_Cup,0.5979701
http://wle.cgiar.org/thrive/2012/10/02/borlaug-dilemma,0.5977999
http://curationclub.com/merle-haggard/8549,0.59735245
http://www.helloari.com/blog/page/5,0.59692585
http://electrons.wikidot.com/magnetocaloric-effiect,0.59689754
http://rupaulsdragrace.fandom.com/wiki/RuPaul's_Drag_Race_All_Stars_(Season_3),0.5966446
http://shirt.woot.com/offers/quarantine-festival?ref=w_cnt_top20_5_buy,0.5965073
http://www.quietlunch.com/facebook-co-founder-to-renounce-his-citizenship,0.5964446
http://moncleroutletsales.com/emblem-health-insurance-new-york,0.5963452
http://www.eokhq.com/profiles/blogs/here-we-grow-again,0.59590816
http://www.memphisflyer.com/MusicBlog/archives/2021/02/02/d-up-freeworld-spearheads-all-star-video-project-celebrating-diversity,0.5951568
http://www.masteryourfrench.com/french-culture/french-christmas-songs,0.59407294
http://www.biopix.com/wolf-canis-lupus_photo-130987.aspx,0.59362483
http://shiur.com/watch.php?vid=f7a71e502,0.5932649
http://russian.lifeboat.com/blog/tag/space,0.59248185
http://microsoft.fandom.com/wiki/Microsoft_Wiki:Staff,0.59051406
http://survivaluk.net/2012/02/07/dawn-till-dusk?replytocom=12975,0.59039545
http://www.joomla.org/announcements/general-news/4695-joomla-announces-participation-in-google-soc2008-program.html,0.58911514
http://www.cyclefish.com/forums/topic/105089/last-one-to-post-a-comment-wins/view/post_id/105283,0.5890014
http://www.biopix.com/odonata_photo-36764.aspx,0.58891547
http://www.america.edu/colleges/charter-college-2,0.5885759
http://aardvarkisrael.com/weekly-updates-jerusalem-march-8-2020,0.58840513
http://www.annegradygroup.com/take-this-job-and-part-deux,0.58820355
http://www.projectnoah.org/spottings/7619435,0.5874595
http://image.absoluteastronomy.com/topics/Bockenheim_(Frankfurt_am_Main),0.5872958
http://www.cnvc.org/2022-Ireland-IIT,0.5868347
http://www.nathanlustig.com/tag/pisco-elqui,0.5867945
http://drstankovich.com/quick-coaching-tips-for-motivating-athletes,0.5866828
http://www.smashingmagazine.com/2011/07/learning-to-use-the-before-and-after-pseudo-elements-in-css,0.5866051
http://traditionsoftware.com/recording-a-al-statement-of-lien-in-winston-county,0.58625567
http://quorse.com/safety-and-health/first-aid-cpr-aed-certification-training,0.58607197
http://steveblank.com/2009/10/08/get-out-of-my-building?replytocom=21958,0.5859902
http://archive.org/help/audio.php?identifier=historyofenglan06gardiala,0.5859777
http://www-tracey.archive.org/help/audio.php?identifier=CAT31321489,0.5859777
http://archive.org/help/audio.php?identifier=fatherssons00turg,0.5859777
http://netcraftsmen.com/understanding-layer-2-over-layer-3-part-1,0.58591664
http://lionessmagazine.com/lisa-nichols-giving-us-abundance-now-motivating-masses,0.5858569
http://www.beautyofbirds.com/bandedlapwings.html,0.58578706
http://steveblank.com/2010/08/30/boys-rules-girls-lose-%E2%80%93-women-at-work?replytocom=5224,0.5855075
http://www.sineofthetimes.org/creating-an-ellipse-with-web-sketchpad-tools,0.58503217
http://wiki.sugarlabs.org/index.php?oldid=81730&title=Crowd_funding/Sugar_Network,0.5848466
http://forums.winespectator.com/topic/say-something-completely-random-and-off-topic?page=80,0.58429027
http://www.halfbakery.com/idea/Fire_20alarm,0.58381563
http://forum.wapsisquare.com/viewtopic.php?p=99220,0.58378303
http://www.coliseum.org.uk/june-2018-newsletter,0.58356583
http://image.absoluteastronomy.com/topics/Chastity_belt,0.5834789
http://image.absoluteastronomy.com/topics/Stern_Review,0.5832108
http://image.absoluteastronomy.com/topics/Palace,0.5817108
http://www.woxikon.com/en/eurocup%20challenge,0.5813842
http://creatitive.com/how-to-market-an-athlete-social-media-in-sports-marketing,0.5813587
http://adrianpymphotography.co.uk/tag/stripes,0.58019197
http://forum.geocaching.com.au/viewtopic.php?p=207993,0.5801677
http://image.absoluteastronomy.com/topics/%C3%89pernay,0.5797558
http://amm.itsligo.ie/en/module/web/20/CHEM06044/2019/9999/6253,0.5794755
http://ro.wn.com/Love_You_Some_More_(A_Cappella)_(Feat._Sheila_Smith)_Universal_Drums_Steve_Lawler,0.57925546
http://powerpoint.crystalgraphics.com/templates/view/upnlpljk/global-collaberation-businessmen-standing,0.5786394
http://devcenter.heroku.com/articles/erosion-resistance,0.5782674
http://www.parkscomputing.com,0.5780505
http://shiur.com/watch.php?vid=3a51fce06,0.57792586
http://tools.woot.com/plus/smokin-hot-dealz?ref=w_cnt_wp_6,0.57753354
http://blog.linkody.com/page/7,0.5773437
http://bulbanews.bulbagarden.net/wiki/Suki_Waterhouse_announced_for_Detective_Pikachu,0.57701975
http://logonoid.com/hootsuite-logo,0.57653284
http://www.projectnoah.org/spottings/30491342,0.57651776
http://www.idlenomore.info/shannon-m-houle-looking-at-life-with-different-glasses,0.5764828
http://callofduty.fandom.com/wiki/Willard_Wyler,0.576091
http://www.biopix.com/north-sea_photo-99967.aspx,0.57602566
http://brokeveteran.com/ticket-flipping-hub-review-legit-opportunity-or-scam,0.57583034
http://www.etfication.com/post/zero-fees-part-deux,0.57468027
http://stargate.fandom.com/wiki/Resurgence,0.57371247
http://www.thefastlaneforum.com/community/threads/the-ultimate-game-testing-your-ideas-against-the-market.82091,0.5736605
http://www.biopix.com/north-sea_photo-99947.aspx,0.5733819
http://gziolo.pl/tag/bdd,0.5732554
http://successfulbusinessonline.org/successful-mindset,0.5730805
http://angiesdiary.com/author/may-k,0.57300234
http://www.combat-silat.net/user-login,0.57298696
http://www.divineleather.com/mens-distressed-grey-vest-with-open-neck,0.5728916
http://shiur.com/category.php?cat=tu-be-av,0.57150733
http://shirt.woot.com/offers/4th-of-july-eagle?ref=cnt_ctlg_dgn_1,0.5712651
http://www.webwiki.com/imwa2012.info,0.57094336
http://tumorportal.org/tumor_types?ttype=LUAD,0.5707694
http://www.omdb.org/movie/1512-arrested-development-charity-drive/cast,0.5705584
http://christmas-specials.fandom.com/wiki/Xmas_Story,0.5704104
http://www.outseta.com/posts/alptitude-a-conference-for-purpose-driven-founders,0.5703465
http://sailsbury.cn/sangjingyao/index,0.5701511
http://adjani.astro.umk.pl/foswiki/bin/view/Cosmo/CosmologyCourse?sortcol=1&table=1&up=0,0.56921434
http://forums.penny-arcade.com/discussion/comment/36520597,0.5690365
http://www.the-art-of-composition.com/art-highlights/paul-hassell-prints-available-next-week,0.56875086
http://www.battletechuniverse.org/viewtopic.php?f=1&start=25&t=17402,0.5685748
http://hockeygods.com/hockeys/8-Floorball,0.56814086
http://im.coupons/tag/classtra,0.5680659
http://tuscaroras.com/index.php/tuscarora-new-year-festival?start=4,0.56728387
http://www.launchacademy.ca/quick-and-dirty-guide-to-launch-a-startup,0.5664443
http://www.analyticbridge.datasciencecentral.com/profiles/blog/list?tag=R,0.56556654
http://forums.parallax.com/discussion/comment/1339355,0.56469643
http://www.amazines.com/view_author.cfm?Author=Universal+Positions+Universal+Positions&authorid=637341,0.5645276
http://www.edsurge.com/news/2016-04-16-the-top-five-legal-issues-for-edtech-startups-and-schools,0.56439626
http://archive.org/search.php?and[]=collection%3A%22europeanlibraries%22&and[]=firstTitle%3AP&and[]=year%3A%221611%22&query=creator%3A%28Clemens+Timpler%29+AND+-description%3A%28Google%29&sort=-week,0.56415534
http://urbanartassociation.com/thread/139966/stik-print-canvas-wanted?page=6,0.5640888
http://worldtravelfamily.com/going-up-the-shard,0.56371367
http://www.markrepp.com/2008/05/excel-tips-sites-and-tools.html,0.5630178
http://islandofficials.com/pools-and-patios,0.56282884
http://shirt.woot.com/derby/archive/61/movie-titles-re-interpreted,0.56268
http://www.riseupandsing.org/songs/two-good-arms,0.562637
http://virtualglobetrotting.com/map/scott-storchs-house-former,0.5623226
http://slushpile.net/2006/04/18/a-book-that-kicks,0.5618556
http://letschangetheworld.ning.com/profiles/blogs/it-is-undoubtedly-the-case,0.5601939
http://j-ips.org/subscriberlogin.asp?aulast=Paul&epage=270&issue=3&rd=article.asp?issn%3D0972-4052&spage=263&type=2&volume=18&year=2018,0.5587264
http://christmas-specials.fandom.com/wiki/Kay's_Gift,0.55866575
http://reason.com/2021/02/11/this-d-a-is-trying-to-prosecute-a-doctor-for-vaccinating-unauthorized-people-instead-of-letting-supplies-expire,0.5585479
http://www.codersarts.com/forum/machine-learning-tutorial/logistic-regression-using-pandas-data-frame,0.558511
http://www.ewillys.com/page/2051?postid=37077&wpfpaction=add,0.5581668
http://www.letsgetfreaky.de/das-geheimnis-des-fugu-kugelfischs,0.558048
http://forum.schoolofdragons.com/content/fan-fic-fridays-secret-symbol-chapter-19-furious-night,0.5576095
http://www.theguardian.com/lifeandstyle/2015/mar/06/man-behind-curtain-leeds-restaurant-review-marina-oloughlin,0.5575385
http://www.xavier.edu/jesuitresource/resources-by-theme/ignatian-pedagogy,0.55751514
http://logonoid.com/meridiana-logo,0.55735767
http://www.thepennyhoarder.com/save-money/best-cities-for-millennials,0.5567611
http://alohafoundation.org/to-build-a-fire,0.5563045
http://www.conferencesthatwork.com/index.php/tag/kaizen,0.5547076
http://www.jamesolds.com/store/p2/p.html,0.5535563
http://shirt.woot.com/offers/health-food-diner?ref=cnt_ctlg_dgn_31,0.5529639
http://www.videomaker.com/videonews/2012/01/panasonic-debuts-first-tc-let5-passive-3d-led-televisions,0.55278265
http://shirt.woot.com/derby/entry/22225/inspired-by-the-dark-knight,0.5525603
http://chineseexclusionfiles.com/category/correspondence,0.5524049
http://shirt.woot.com/offers/polar-paw?ref=cnt_ctlg_dgn_3,0.55235606
http://www.projectnoah.org/spottings/5572770,0.55176276
http://www.starter-up.com/en/stealth-startup-by-starter-up-com-international-nda-protection,0.55117816
http://www.projectnoah.org/spottings/191596027,0.5500549
http://openlibrary.org/books/OL19533842M/Dunant's_dream,0.5500103
http://www.lasertimepodcast.com/2019/04/06/charlie-sheen-joins-the-majors-the-superior-mall-cop-movie-and-the-worst-thing-ever-to-happen-to-dragonball-thirty-twenty-ten-apr-5-11?replytocom=324881,0.54965293
http://www.displayr.com/pictographs-for-proportional-data,0.5492928
http://www.mrhamlin.ca/home/programming-11/bar-codes,0.5480838
http://www.videomaker.com/reply/207897,0.547079
http://www.etnostra.com/erdogan_s_military_campaign_in_the_caucasus,0.54704064
http://www.emailmoxie.com/2011/01/tell-me-what-you-wantemail-preference.html,0.54687214
http://www.game-debate.com/games/index.php?g_id=2904&game=Bigfoot%3A+Collision+Course,0.5467926
http://www.iwindsurf.com/forums/viewtopic.php?postdays=0&postorder=asc&start=0&t=20868,0.54669386
http://leiterlawschool.typepad.com/leiter/2020/01/law-professors-are-very-religious-compared-to-scientists-but-it-probably-doesnt-matter-michael-simko.html,0.5466418
http://www.scholarships.com/news/cheating-in-college-dont-do-it,0.5450613
http://hi.wn.com/Where_Do_You_Start_(Quartet_Version)_Barbra_Streisand,0.5450351
http://www.generasia.com/wiki/Bimil_Jeongwon_(OH_MY_GIRL_song),0.54473853
http://thenewshook.com/results.php?cig=true&q=aHR0cHM6Ly93d3cudG9tc2hhcmR3YXJlLmNvbS9ob3ctdG8vcmFzcGJlcnJ5LXBpLXBob3RvLWZyYW1l&urlSubmit=true,0.5442443
http://becomingafamilycaregiver.com/take-care-of-myself-lol,0.5440117
http://www.pennsicwar.org/howtobeamerchant,0.54364526
http://elifesciences.org/articles/58756,0.54210544
http://www.mindstairs.com/testimonials/manuel,0.5406063
http://joy.org.au/neonnights/2018/05/17/show-125-number-one,0.54012334
http://www.oerup.eu/de/start/good-practice-6,0.5396337
http://forum.nutsvolts.com/viewtopic.php?f=3&p=51056&t=7895,0.5395124
http://shiur.com/watch.php?vid=3aa37aef0,0.53948784
http://resumeget.com/blog/best-soft-skills-list-to-make-an-outstanding-resume,0.53914595
http://tuxpaint.org/gallery?show_artist=DAKSH,0.53855145
http://cybermanagement.ning.com/profiles/blogs/2098860:BlogPost:421,0.5382565
http://www.havedrivers.com/2015/08/kodak-verite-55-driver-download.html,0.5380963
http://powerpoint.crystalgraphics.com/templates/view/mnlmnhpuk/demonstration-beautiful-young-woman-demonstrating,0.5375663
http://www.goldenteefan.com/courses/2002-golden-tee-fore-2003/kiwi-springs-2002-golden-tee-fore-2003/kiwi-springs-hole-2-par-4,0.5373718
http://www.1800byob.com/2019/06/all-is-one-wealth-subliminal-manifestation-movie-250?replytocom=8391724,0.5351276
http://lowereastsmile.com/2012/08/13/ghanae,0.5344859
http://en.99designs.cl/blog/business/managing-remote-cross-cultural-teams,0.5331581
http://www.redbytes.in/tag/how-to-develop-an-educational-app-like-byjus,0.53315604
http://www.hireusaheroes.com/new-mexico.html,0.53230804
http://www.nathanlustig.com/tag/propov,0.5321382
http://www.susananders.com/singing-live-performing-guidebook,0.53126466
http://forums.forzamotorsport.net/turn10_postsm1180132_Forza-Horizon-4-Car-Wishlists-Thread.aspx,0.5304618
http://image.absoluteastronomy.com/topics/Kolpino,0.5304368
http://drownedinsound.com/news/4141302-efterklang-announce-efterkids-initiative-dis-show,0.53021884
http://tipsforwomen.pl/wlasciwosci-oregano,0.5296274
http://www.swegonairacademy.com/author/katarina-heikkila,0.5291414
http://www.charmspandora.org.uk,0.5289532
http://www.amazines.com/Email_Article.cfm?articleid=6232996,0.5283991
http://blog.xoxoday.com/empuls/know-how-to-become-a-good-boss,0.5271391
http://shirt.woot.com/offers/the-baron?ref=cnt_ctlg_dgn_30,0.52656895
http://www.pressurewasherpumpdiagram.com/tag/spa-motors,0.5264338
http://www.rowendl.com.au/2012/11/textured-paint.html,0.52635664
http://scottburyauthor.com/2020/12/07/a-good-day-to-be-a-legionnaire?msg=fail&shared=email,0.52629614
http://www.miramarfl.gov/QuickLinks.aspx?CID=129%2C,0.5259049
http://labloga.blogspot.com/2013/07/how-to-be-chicanachicano-bio-hacker.html,0.5245247
http://design.tutsplus.com/tutorials/how-to-draw-animals-foxes--cms-19886,0.5244029
http://wdrt.org/rabblerouser-john-h-sime,0.5243659
http://scotch.io/tutorials/getting-started-with-browserify?utm_campaign=share&utm_medium=reddit&utm_source=scotch,0.5242607
http://rockettscience.com/2005/08/30/english-is,0.52307904
http://www.wordbyletter.com/wiki/color_film&action=edit&redlink=1,0.5224077
http://ro.wn.com/Silent_Partner_H.O.T,0.5213847
http://www.pressurewasherpumpdiagram.com/tag/straight-flow,0.521337
http://patriciawolf.com/patricia-wolf-in-wikipedia,0.52075344
http://novusspinecenter.com/blog/minimally-invasive-pain-procedure/minimally-invasive-procedures-relieve-pain,0.5201
http://pitchfork.com/thepitch/er-doctor-experimental-tape-label-pandemic-paralaxe-editions,0.51974595
http://community.roku.com/t5/Remotes-Accessories/Will-2019-Streaming-Stick-Remote-work-with-2020-Premiere/m-p/641520,0.519672
http://wiki.godvillegame.com/index.php?limit=100&title=Special%3AWhatLinksHere/Roll_a_rock_up_a_hill,0.5186027
http://webmetools.com/dreamhost/pricing,0.51854676
http://directory.askbee.net/procedures_and_therapies/recreation_and_sports/recreation_and_sports/magazines/society/activism,0.5183903
http://www.getbraavo.com/blog/clementine-lalande-once-feminist-dating-app,0.51817393
http://christmas-specials.fandom.com/wiki/Just_86_Shopping_Minutes_Till_Christmas,0.5171237
http://image.absoluteastronomy.com/topics/Ruhr,0.51679486
http://sensorstechforum.com/remove-zoldon-virus-remove-active-infections-restore-data,0.51537824
http://www.imaginelaserworks.com/contact-us/locations/singapore,0.5137538
http://conversationconcepts.com/Shiba-Inu-Pin_p_93658.html,0.512563
http://ro.wn.com/tommy,0.5116091
http://kpoppie.com?keyword=Amber+Liu&searchbox=,0.510388
http://www.groovestats.com/index.php?id=68891&page=profile,0.5099338
http://www.game-debate.com/games/index.php?g_id=2565&game=Hitman%3A+Contracts,0.509483
http://scitools-iris.readthedocs.io/en/stable/userguide/real_and_lazy_data.html,0.5092812
http://redstate.com/aglanon/2011/01/20/no-republican-should-sit-next-to-rep-steve-cohen-n37675,0.5088095
http://www.1stcollegescholarship.net/defaulted-private-student-loans,0.5079918
http://www.ijsr.net/get_abstract.php?paper_id=2014586,0.5076547
http://99designs.com.mx/blog/crowdsourcing/evolution-crowdsourcing,0.50680333
http://lol.gamepedia.com/Young_Generation,0.5061539
http://boardgamegeek.com/rpg/726/adventures-indiana-jones-role-playing-game,0.5050289
http://cyberlaw.stanford.edu/press/women-it-security-eight-women-watch,0.5024031
http://www.oroom.org/forum/threads/the-government-are-adding-22-new-taxes-to-fund-the-national-budget.51919/page-27,0.5021943
http://www.jenniferheister.com/blog/category/words,0.5001458
http://raycornelius.com/2015/05/bebe-winans-teams-up-with-atls-alliance-theatre-for-new-musical-born-for-this-photos?replytocom=5998490,0.49752545
http://www.unexplained-mysteries.com/forum/topic/183210-israeli-forces-storm-gaza-aid-ship/page/3?tab=comments,0.49744695
http://brooklynscouts.org.nz/2012/03,0.49098983
http://www.pennystockdream.com/blog/fvrd-gained-over-2300-on-cryptocurrency-mining-news,0.48913145
http://cyberlaw.stanford.edu/about/people/jennifer-granick?page=0%2C4%2C0%2C0%2C12%2C7%2C2&qt-tabs_user_related=3,0.48328784
http://artmarketingsecrets.com/2011/06/andy-warhol-12-interesting-facts.html,0.4811005
http://climatestate.com/tag/dunning-kruger-effect,0.48081452
http://www.ontheglideslope.net/2017/03,0.47939306
http://www.gocurriculum.com,0.47606808
http://en.battlestarwiki.org/Galactica_1980,0.469014
http://fengshuisteps.wordpress.com,0.4687968
http://skillbasedfitness.com/why-goals-suck-part-ii,0.46410295
http://www.n8xym.com/2014/04/how-to-setup-raspberry-pi-and-dvap-for.html,0.46402472
http://opensiddur.org/tagged/jews-of-alexandria,0.46345386
http://www.mariejudith.com/2013/01/no-so-lucky-cat.html,0.4589527
http://theluckygeneral.biz/2018/07/17/from-the-chair-transforming-auda-to-build-au,0.4577316
http://hawaii.cagecode.info/052M0,0.45694104
http://luckyslakeswim.com/2011/12/30/yes-we-are-starting-the-new-year-with-a-swim-at-745-am-jan-1st,0.45114037
http://www.tom-ragonneau.co,0.44906235
http://ww2f.com/threads/loudest-artillery.39261,0.4479078
http://livestockadviser.guidetoprofitablelivestock.com/2020/03/05/coldplay-champion-of-the-world-official-video,0.44249463
http://tarotyesorno.com/horoscope/career/leo,0.42387214
