url,centroid_sim
http://yonnelautre.fr/spip.php?auteur4548=&lang=fr,0.89565253
http://www.lesmotsdelesprit.com/penseacutee-du-jour/category/chagrin,0.8762109
http://cepidc.inserm.fr/publications-scientifiques?f[0]=annee%3A28&f[1]=annee%3A61&f[2]=annee%3A533&f[3]=annee%3A537&f[4]=annee%3A565&f[5]=annee%3A581&f[6]=annee%3A617&f[7]=langues%3A84,0.8736609
http://cepidc.inserm.fr/publications-scientifiques?f[0]=annee%3A28&f[1]=annee%3A83&f[2]=annee%3A257&f[3]=annee%3A550&f[4]=annee%3A565&f[5]=annee%3A590&f[6]=annee%3A617&f[7]=langues%3A84,0.8736609
http://cepidc.inserm.fr/publications-scientifiques?f[0]=annee%3A48&f[1]=annee%3A257&f[2]=annee%3A258&f[3]=annee%3A550&f[4]=annee%3A565&f[5]=annee%3A584&f[6]=annee%3A587&f[7]=dossiers%3A14,0.8736609
http://cepidc.inserm.fr/publications-scientifiques?f[0]=annee%3A29&f[1]=annee%3A126&f[2]=annee%3A257&f[3]=annee%3A519&f[4]=annee%3A550&f[5]=annee%3A603&f[6]=dossiers%3A14&f[7]=langues%3A84,0.8736609
http://cepidc.inserm.fr/publications-scientifiques?f[0]=annee%3A61&f[1]=annee%3A83&f[2]=annee%3A258&f[3]=annee%3A533&f[4]=annee%3A576&f[5]=annee%3A590&f[6]=annee%3A603&f[7]=annee%3A617&f[8]=annee%3A644&f[9]=langues%3A84,0.8736609
http://cepidc.inserm.fr/publications-scientifiques?f[0]=annee%3A48&f[1]=annee%3A61&f[2]=annee%3A83&f[3]=annee%3A258&f[4]=annee%3A519&f[5]=annee%3A533&f[6]=annee%3A550&f[7]=annee%3A600&f[8]=dossiers%3A14,0.8736609
http://cepidc.inserm.fr/publications-scientifiques?f[0]=annee%3A48&f[1]=annee%3A61&f[2]=annee%3A193&f[3]=annee%3A533&f[4]=annee%3A581&f[5]=annee%3A584&f[6]=annee%3A590&f[7]=annee%3A600&f[8]=dossiers%3A14,0.8736609
http://cepidc.inserm.fr/publications-scientifiques?f[0]=annee%3A61&f[1]=annee%3A519&f[2]=annee%3A550&f[3]=annee%3A581&f[4]=annee%3A587&f[5]=annee%3A600&f[6]=annee%3A603&f[7]=dossiers%3A14,0.8736609
http://cepidc.inserm.fr/publications-scientifiques?f[0]=annee%3A28&f[1]=annee%3A519&f[2]=annee%3A550&f[3]=annee%3A565&f[4]=annee%3A590&f[5]=langues%3A84,0.8736609
http://cepidc.inserm.fr/publications-scientifiques?f[0]=annee%3A550&f[1]=annee%3A565&f[2]=annee%3A576&f[3]=annee%3A581&f[4]=annee%3A617&f[5]=langues%3A84,0.8736609
http://cepidc.inserm.fr/publications-scientifiques?f[0]=annee%3A48&f[1]=annee%3A256&f[2]=annee%3A550&f[3]=annee%3A584&f[4]=annee%3A590&f[5]=annee%3A600&f[6]=annee%3A603&f[7]=dossiers%3A14,0.8736609
http://cepidc.inserm.fr/publications-scientifiques?f[0]=annee%3A61&f[1]=annee%3A126&f[2]=annee%3A537&f[3]=annee%3A550&f[4]=annee%3A581&f[5]=annee%3A587&f[6]=annee%3A600&f[7]=dossiers%3A14,0.8736609
http://cepidc.inserm.fr/publications-scientifiques?f[0]=annee%3A48&f[1]=annee%3A256&f[2]=annee%3A258&f[3]=annee%3A565&f[4]=annee%3A576&f[5]=annee%3A603&f[6]=annee%3A644&f[7]=dossiers%3A14,0.8736609
http://cepidc.inserm.fr/publications-scientifiques?f[0]=annee%3A29&f[1]=annee%3A126&f[2]=annee%3A258&f[3]=annee%3A584&f[4]=annee%3A590&f[5]=dossiers%3A14,0.8736609
http://cepidc.inserm.fr/publications-scientifiques?f[0]=annee%3A61&f[1]=annee%3A258&f[2]=annee%3A587&f[3]=annee%3A617&f[4]=langues%3A84,0.8736609
http://cepidc.inserm.fr/publications-scientifiques?f[0]=annee%3A193&f[1]=annee%3A533&f[2]=annee%3A600&f[3]=annee%3A644&f[4]=dossiers%3A14&f[5]=langues%3A84,0.8736609
http://cepidc.inserm.fr/publications-scientifiques?f[0]=annee%3A533&f[1]=annee%3A590&f[2]=annee%3A603&f[3]=dossiers%3A14,0.8736609
http://cepidc.inserm.fr/publications-scientifiques?f[0]=annee%3A83&f[1]=annee%3A258&f[2]=annee%3A565&f[3]=annee%3A587&f[4]=annee%3A600&f[5]=dossiers%3A14,0.8736609
http://cepidc.inserm.fr/publications-scientifiques?f[0]=annee%3A83&f[1]=annee%3A533&f[2]=annee%3A576&f[3]=annee%3A584&f[4]=annee%3A600&f[5]=annee%3A617&f[6]=dossiers%3A14&f[7]=langues%3A84,0.8736609
http://cepidc.inserm.fr/publications-scientifiques?f[0]=annee%3A48&f[1]=annee%3A83&f[2]=annee%3A257&f[3]=annee%3A258&f[4]=annee%3A519&f[5]=annee%3A576&f[6]=annee%3A590&f[7]=annee%3A603&f[8]=dossiers%3A14&f[9]=langues%3A84,0.8736609
http://cepidc.inserm.fr/publications-scientifiques?f[0]=annee%3A48&f[1]=annee%3A258&f[2]=annee%3A537&f[3]=annee%3A590&f[4]=annee%3A617&f[5]=dossiers%3A14,0.8736609
http://cepidc.inserm.fr/publications-scientifiques?f[0]=annee%3A48&f[1]=annee%3A519&f[2]=annee%3A533&f[3]=annee%3A550&f[4]=annee%3A600&f[5]=dossiers%3A14,0.8736609
http://maisouvaleweb.fr/captologie-nudge-dans-les-biais-des-armes-de-persuasion-massive,0.8717544
"http://viechretienne.fr/article/resister-au-bavardage-mediatique,1266.php",0.8711915
http://mimesis-sfuchs.com/2016/10/07/les-trois-yeux-de-la-connaissance-partie-i,0.8711586
http://cimbcc.org/tag/bibliotheque,0.86637366
http://bibliotheque.braille.be/fr/catalogue/litterature/romans/romans-policiers-thrillers/101218-combustion,0.865152
http://www.ivoire-juriste.com/2015/09/cours-de-droit-penal-general-ivoirien-la-responsabilite-penale.html,0.86492616
http://www.araigneedudesert.fr/tag/macons,0.8623667
http://pnb.payot.ch/ebook/9782307754176-sous-la-schlague-henriette-lasnet-de-lanty,0.86216664
http://cg28.fr/commune/authon-du-perche,0.86162424
http://jfmoyen.free.fr/spip.php/IMG/article_PDF/plugins/blip/ecrire/ecrire/ecrire/IMG/pdf/IMG/article_PDF/spip.php?rubrique10=,0.8592577
http://www.olln.be/fr/loisirs/culture/centre-culturel/ancien-aussi-centre-culturel/exploration-du-monde-croatie,0.85889614
http://docs.ac-toulouse.fr/col-verne-plaisance/opac_css/index.php?id=222022&lvl=notice_display,0.8588721
http://www.rci.fm/martinique/infos/Sante/Astronomie-Venus-ou-la-traversee-des-apparences,0.856753
http://www.liege.be/fr/decouvrir/tourisme/agenda-liegeois/2017-3/12-decembre-2017/du-poil-de-mammouth-a-loeil-du-cyclope,0.85603315
http://www.pieuvre.ca/2018/10/31/science-physique-experience-large-hadron-collider-trou-noir,0.8557899
http://mabatim.info/2016/03/06/lecole-mathematique-de-lvov?msg=fail&shared=email,0.8540712
http://www.xn--encyclopdie-ibb.eu/index.php/arts-metiers/848469255-fontaine/741676424-EQUILLE,0.8518468
http://www.lespac.com/montreal/plateau-mont-royal/electronique-televisions_b489g17394k2R2.jsa?ncc=dh0i1,0.85173726
http://jfmoyen.free.fr/spip.php/IMG/kml/IMG/article_PDF/spip.php?rubrique7=,0.85096455
http://maplanete.blogs.sudouest.fr/archives/category/peche/index-6.html,0.8505024
http://www.olln.be/fr/annuaire/telemis,0.8500307
http://images.math.cnrs.fr/La-semantique-c-est-romantique.html?lang=fr,0.8492631
http://www.voie-militante.com/divers/evenements/universite-dete-de-la-rochelle,0.8488375
http://catalogue.bpi.fr/fr/actualites-revues/recherche-avancee?action=&adv-search-date=Date&advanced_search[0][field]=indiceCote&advanced_search[0][text]=SG%2A&criteria[publicationDateEnd]=&criteria[publicationDateStart]=&criteria[publicationDate]=,0.84859884
http://www.jeanmichelpalacios.fr/442000243/6755567/posting/assister-a-une-d%C3%A9dicace-partager-une-tranche-de-vie,0.84859705
http://www.fermedesaussac.fr/search?mode=grid&q=Consoude,0.847671
http://www.fermedesaussac.fr/search?mode=list&q=Eczema%2C+psoriasis,0.847671
http://jf.vole.photos/localisation/grece-crete,0.8469948
http://www.loiret.fr/le-numero-de-contact-inondation,0.8459955
http://maplanete.blogs.sudouest.fr/archives/tag/etats-unis/index-4.html,0.84584427
http://www.olln.be/fr/annuaire/tichoux-pauline,0.8452704
http://c2so.ens-lyon.fr/spip.php/local/cache-vignettes/l70xh75/dist/http:www.sauvonsluniversite.com/spip.php?article123=,0.8447348
http://www.eurojuris.fr/articles/le-dialogue-des-carmelites-le-droit-de-la-propriete-intellectuelle-face-a-la-liberte-de-creation-artistique-36166.htm,0.8440405
http://atoutesbranches.fr/2015/06/04/c-comme-chercher-ou-comment-trouver,0.8437354
http://h16free.com/2021/01/20/67720-detruisons-lenvironnement-pour-le-proteger,0.843374
http://www.liege.be/fr/annuaire/administration-communale/departement-des-services-sociaux-et-de-proximite/service-animation-seniors/maison-des-seniors-saint-christophe,0.84312916
http://jfmoyen.free.fr/spip.php/IMG/article_PDF/ecrire/ecrire/IMG/jpg/IMG/article_PDF/ecrire/IMG/article_PDF/IMG/article_PDF/spip.php?debut_article_liste=300&page=article&tri=popularite,0.84220517
http://www.slate.fr/lien/36499/abeilles-ruche-pesticides,0.84202325
http://rictus.info/le-silence-de-l-exode.html,0.8415574
http://fr.mydict.com/search.php?keyword=fluorhydrate,0.84146905
http://poules-club.com/pourquoi-leau-est-importante-pour-nos-poules,0.841403
http://madamelit.ca/2018/11/30/madame-lit-les-villes-de-papier-de-dominique-fortier,0.841323
http://lemondedesphasmes.free.fr/index.php/scripts/dist/IMG/IMG/cache-386x387/spip.php?article243=,0.8412307
http://jfmoyen.free.fr/spip/plugins/blip/IMG/kmz/plugins/blip/ecrire/ecrire/local/cache-vignettes/L750xH563/local/cache-vignettes/L750xH563/ecrire/IMG/article_PDF/ecrire/IMG/pdf/spip.php?rubrique13=,0.8392266
http://jfmoyen.free.fr/spip.php/plugins/blip/ecrire/plugins/blip/ecrire/spip.php?rubrique13=,0.8392266
http://www.cite-catholique.org/viewtopic.php?f=9&p=298019&t=31324,0.8385188
http://www.fosses-la-ville.be/loisirs/enfance-et-petite-enfance/stages-de-vacances/les-ecuries-du-bois-du-prince/sendtomanager_form,0.8378892
http://www.lespac.com/ste-agathe-des-monts/vehicules-minifourgonnettes_b451g23965k1R2.jsa,0.83766496
http://www.mairiecornille.fr/blog/vente-composteurs.html,0.83747375
http://interlettre.com/bac/le-roman-et-ses-personnages?start=10,0.83706784
http://www.labouille.fr/decouvrir/la-bouille-en-chiffres,0.8350918
http://www.liege.be/fr/vie-communale/vie-politique/college-communal/communiques-du-college-communal/communiques-du-college-communal-2017/2017-10-20-communique-college,0.83507717
http://lecumedunjour.fr/2016/07,0.8348582
http://ud18.cgt.fr/index.php/dist/javascript/plugins/thickbox2/spip.php?article506=&debut_articles_rubrique=630&lang=fr,0.8348425
http://c2so.ens-lyon.fr/spip.php/local/cache-vignettes/wp-c...MG/w...e.com/spip.php?rubrique8=,0.83474517
http://jeanneavelo.fr/2017/01/20/orleans-metropole-entre-deux-rives,0.8347292
http://www.plantesvivaces.fr/Scutellaria-orientalis-ssp.html,0.83325076
http://www.lalouviere.be/ma-ville/services-communaux/animation-de-la-cite/actualites/logo-et-fond.jpg/view,0.83250433
http://ethnolinguiste.org/ressources,0.83227813
http://sahm06.com/spip.php?article361=,0.8322171
http://c2so.ens-lyon.fr/spip.php/modules/Forums/admin/IMG/xls/www.sauvonsluniversite.com/IMG/pdf/spip.php?article43=,0.8318021
http://agoramundi.fr/2017/03/02/quand-lesprit-commande-la-chimie-du-corps,0.83142304
http://www.contemplazione.it/2014/03/26/chi-crea-la-via-spirituale-e-il-suo-maestro,0.831393
http://www.luccarvounas.net/que-les-socialistes-retrouvent-de-la-fierte,0.83132094
http://foro.editorialalaire.es/viewtopic.php?t=20159,0.8310108
http://www.lalouviere.be/ma-ville/services-communaux/action-de-prevention-et-de-citoyennete/les-centres-de-vacances/les-implantations/strepy-bracquegnies/banner.jpg/view,0.83058244
http://jfmoyen.free.fr/spip.php/http%20:/ecrire/ecrire/IMG/article_PDF/ecrire/plugins/gis/js/IMG/kmz/plugins/blip/spip.php?rubrique2=,0.83051157
http://aje-environnement.org/debats,0.8304633
http://www.lessines.be/ma-ville/avis-enquetes/enquetes-publiques-et-annonces-de-projets-en-cours-1/recours,0.82904255
http://www.rendeux.be/economie/annuaire-economique/services-aux-personnes/one-accueillantes-autonomes,0.8282011
http://www.seneffe.be/theme_commune/services-communaux/environnement/commission-securite/comptes-rendus,0.82815015
http://ebook.lesoir.be/ebook/9782220078854-battements-d-elles-colette-nys-mazure,0.82759213
http://christophebouquerel.com/2015/08/06/la-venus-darles,0.8275563
http://druweb.sigma-clermont.fr/fr/formations/bachelor-robotique-industrielle-et-vision,0.8275436
http://www.leguideduflaneur.fr/blog/le-blog-de-doudouche/poulet-d-estives.html,0.8271775
http://cimbcc.org/tag/high-tech,0.82698584
http://c2so.ens-lyon.fr/spip.php/dist/IMG/pdf/http:www.sauvonsluniversite.com/IMG/jpg/IMG/xls/spip.php?rubrique15=,0.8269789
http://www.le-vestiaire.net/2009/07/championnats-de-france-berlin-lenchanteur-5,0.8267696
http://jfmoyen.free.fr/spip.php/IMG/pdf/ecrire/IMG/pdf/plugins/blip/ecrire/IMG/kml/spip.php?article325=,0.82672846
http://vosdernieresvolontes.ca/2019/08/15/funerailles-du-monde-linde-et-hindouisme,0.8264843
http://www.dictionnaire.exionnaire.com/que-signifie.php?mot=concerter,0.8263098
http://www.agoradeslivres.com/ntopic17198.php,0.82617795
http://institutdeslibertes.org/letat-de-droit-mal-defendu?postid=2150&replytocom=3271&wpfpaction=add,0.82544255
http://www.sportxtrem.com/Sports-deau/rafting/24.html,0.82537496
http://jfmoyen.free.fr/spip.php/ecrire/ecrire/IMG/doc/IMG/kml/ecrire/spip.php?rubrique4=,0.8246507
http://www.wikiwix.com/index.php?action=World+Fran%C3%A7ais+R%C3%A9f%C3%A9rences+ici+connaissez+ouvrages+merci+disposez+verifiabilite+pratique+qualite&art=true&disp=quote&lang=fr,0.8246088
http://leblogducheminet.org/2016/12/25/les-croquignols-de-noel,0.82458067
http://c2so.ens-lyon.fr/spip.php/IMG/xls/local/cache-vignettes/L253xH344/www.sauvonsluniversite.com/IMG/xls/http:www.sauvonsluniversite.com/IMG/pdf/ecrire/spip.php?article122=,0.8244376
http://c2so.ens-lyon.fr/spip/IMG/pdf/IMG/pdf/spip.php?article122=,0.8244376
http://c2so.ens-lyon.fr/spip.php/dist/dist/local/cache-vignettes/L70xH75/IMG/xls/www.sauvonsluniversite.com/IMG/xls/spip.php?article122=,0.8244376
http://www.editions-libreexpression.com/guides-voir-italie/livre/9782764813904,0.82402134
http://www.pecq.be/vie-administrative/services-communaux/finances,0.82392085
http://mafeuilledechou.fr/2018/05/23/allez-mamy-raconte-les-petites-filles-modeles,0.8237116
http://monaulnay.com/tag/suppression-arret,0.8233924
http://jfmoyen.free.fr/spip/IMG/pdf/IMG/jpg/ecrire/spip.php?page=rubrique,0.8232255
http://www.net-maquettes.com/fr/pictures/m4-high-speed-tractor-walk,0.8228963
http://atlaneastro.fr/article/cercueil-inhumation-diamant-part-3,0.8227153
http://bibliotheque.saintclarderiviere.fr/opac_css/index.php?id=102&lvl=serie_see,0.82239187
http://www.christopheandre.com/le-blog-de-christophe-andre/souviens-toi-que-je-tai-aime,0.8220245
http://dicoriginaux.com/mots/oblatif,0.82095206
http://www.agoravox.fr/tribune-libre/article/la-bonne-soeur-de-meyssan-108655,0.82078934
http://www.sceptiques.qc.ca/forum/search.php?author_id=3602&sr=posts,0.820183
http://jfmoyen.free.fr/spip/IMG/article_PDF/local/cache-vignettes/L750xH489/ecrire/IMG/pdf/spip.php?rubrique9=,0.82007515
http://jfmoyen.free.fr/spip/IMG/kmz/ecrire/IMG/article_PDF/ecrire/ecrire/IMG/pdf/IMG/article_PDF/spip.php?rubrique9=,0.82007515
http://www.leblogueduql.org/2010/09/journee-sans-ma-voiture-le-festival-anti-voiture-arrive-en-ville.html?cid=6a00d8341cb44a53ef0133f451eb96970b,0.8197468
http://grawr.fr/2020/08/04/adoration,0.81846154
http://c2so.ens-lyon.fr/spip.php/img/jpg/IMG/pdf/IMG/xls/spip.php?article148=&artsuite=0,0.81840265
http://c2so.ens-lyon.fr/spip.php/local/cache-vignettes/wp-...e.com/IMG/pdf/www.sauvonsluniversite.com/spip.php?article148=,0.81840265
http://www.lesplaisirsdesmots.fr/les-hauts-de-hurlevent,0.8183514
http://david.mercereau.info/motclef/visite,0.8172069
http://www.sentiers-en-france.eu/sentiers-hautes-pyrenees-65/argeles-gazost/sentier-le-pic-de-predouset-arrens-marsous,0.81712484
http://www.musson.be/loisirs/tourisme/parc-naturel-de-gaume/sendtomanager_form,0.81692654
http://www.contre-info.com/tag/avortements,0.8169241
http://www.tela-botanica.org/eflore?module=fiche&niveau=2&nom=&num_nom=63159&onglet=statut&referentiel=bdtfx&type_nom=nom_scientifique,0.8167648
http://www.tela-botanica.org/eflore?action=fiche&module=fiche&niveau=2&nom=&num_nom=77036&onglet=ecologie&referentiel=bdtfx&type_nom=,0.8167648
http://www.tela-botanica.org/eflore?action=fiche&module=fiche&nom=&num_nom=12869&referentiel=bdtfx&type_nom=nom_scientifique,0.8167648
http://www.tela-botanica.org/eflore?action=fiche&module=fiche&nom=&num_nom=63731&referentiel=bdtfx&type_nom=nom_scientifique,0.8167648
http://www.tela-botanica.org/eflore?action=fiche&module=fiche&niveau=2&nom=&num_nom=40148&onglet=repartition&referentiel=bdtfx&type_nom=nom_scientifique,0.8167648
http://www.tela-botanica.org/eflore?action=fiche&module=fiche&nom=&num_nom=63721&referentiel=bdtfx&type_nom=nom_scientifique,0.8167648
http://messagesdelanature.ek.la/paititi-la-cite-oubliee-des-incas-p1245144,0.8166716
http://les-ailes-immortelles.net/forum/viewtopic.php?f=33&t=22719,0.81611484
http://jfmoyen.free.fr/spip.php/local/cache-vignettes/L750xH510/IMG/kml/IMG/kml/Geological_map_of_the_NE_Kaapvaal_Craton_and_cover.kml,0.815803
http://jfmoyen.free.fr/spip/ecrire/local/cache-vignettes/L103xH150/local/cache-vignettes/L503xH750/IMG/kml/ecrire/IMG/pdf/spip.php?page=sommaire,0.815803
http://jfmoyen.free.fr/spip/http/ecrire/ecrire/IMG/article_PDF/IMG/article_PDF/ecrire/ecrire,0.815803
http://c2so.ens-lyon.fr/spip.php/wp-content/plugins/wp-cont...s/dist/www.sauvonsluniversite.com/IMG/xls/www.sauvonsluniversite.com/spip.php?article3=,0.81547064
http://www.sentiers-en-france.eu/sentiers-cote-d-or-21/dijon/sentier-boucle-des-maillys-les-maillys,0.8154095
http://chasseurpasnormal.fr,0.81540895
http://www.chu-bordeaux.fr/CHU-de-Bordeaux/Pr%C3%A9sentation-du-CHU/Espace-de-r%C3%A9flexion-%C3%A9thique-de-Nouvelle-Aquitaine/Actualit%C3%A9s/[EREA]-Colloque-%22Pr%C3%A9carit%C3%A9-et-%C3%A9galit%C3%A9-d-acc%C3%A8s-aux-soins%22-(15-juin-2017),0.8148638
http://newsroom.univ-grenoble-alpes.fr/the-conversation/the-conversation-apprendre-au-xxie-siecle-un-pari-sur-l-intelligence-collective--413123.kjsp?RH=1468425802922,0.8143444
http://www.voie-militante.com/politique/parti-socialiste-politique/francois-hollande-retraite-tete-parti-socialistes,0.8139603
http://www.aps.dz/economie/116342-energie-attar-passe-en-revue-avec-l-ambassadeur-italien-la-cooperation-entre-les-deux-pays,0.8135469
http://www.parcdesvolcans.fr/Agir/Des-enjeux-des-actions/Agriculture-et-produits/Races-locales/La-Ferrandaise,0.813092
http://www.mon-poeme.fr/citations-bernard-werber,0.8130094
http://www.mercartonline.com/producto/negrerie-herve-telemaque,0.8128221
http://bogros.blogspot.com/2011/01,0.81257594
http://conservatoire.pf,0.8123492
http://www.hervekabla.com/wordpress/tag/conquete-spatiale,0.8122822
http://www.araigneedudesert.fr/247-domande-lomosessualita-all-interno-della-chiesa-cattolica-parte-1,0.8122599
http://lemondedesphasmes.free.fr/spip.php/IMG/cache-287x450/Systematique/IMG/scripts/scripts/squelettes/IMG/pdf/spip.php?article266=,0.8116579
http://docs.ac-toulouse.fr/col-cassin-vielmur-agout/opac_css/index.php?id=26585&lvl=notice_display,0.8112606
http://guusvanholland.com/2013/01/27/een-meisje-van-zestien-jaar-de-trots-van-papa-en-al-epo,0.81106746
http://sinagot.bzh?p=3835,0.81104416
http://parolesbohemes.com/festival-detours-et-raccourcis/soupers-contes.html,0.8104374
http://fr.wikiwix.com?action=%C3%89glise+Saint-Martin+d%27Haux+atlas%3A1337%3A161047+templiers&lang=fr,0.8103529
http://wikidifference.fr/m%C3%A9nag%C3%A8re/m%C3%A9nagerie,0.8099234
http://fr.asexuality.org/forum/viewtopic.php?p=194235,0.8097794
http://www.lasourisglobe-trotteuse.fr/saint-petersbourg-triangle-dor-ermitage-jardin-dete,0.809757
http://www.dictionnaire.exionnaire.com/que-signifie.php?mot=guiper,0.8096647
"http://www.chu-bordeaux.fr/Espace-m%C3%A9dia/Archives/La-cirrhose,-une-maladie-silencieuse",0.80949694
http://www.mas-theleme.com/spip.php/local/cache-vignettes/L480xH640/IMG/pdf/-Le-domaine-.html,0.8088885
http://xn--encyclopdie-ibb.eu/index.php/non-classifie/1117165164-ABOMINATION,0.8085853
http://jfmoyen.free.fr/spip.php/local/cache-vignettes/L150xH101/ecrire/spip.php?rubrique12=,0.80756164
http://www.conjugaison.info/emp%C3%AAner,0.80743897
http://cincivox.fr/2019/03/11/heure-dete-un-affligeant-divertissement,0.8073037
http://blog.jmtrivial.info/2010/07/14/au-revoir-genova,0.8072727
http://www.tesserault.com/spip.php?rubrique12=,0.8072688
http://c2so.ens-lyon.fr/spip.php/dist/dist/IMG/xls/local/cache-vignettes/L88xH31/local/cache-vignettes/L8xH11/www.sauvonsluniversite.com/spip.php?article70=,0.8070178
http://fr.wikiwix.com?action=Schtroumpfette&lang=fr,0.8056716
http://thierrycouteau.com/ciblage-et-reciblage-publicitaire-sur-facebook,0.80504465
http://2014.rmll.info/theme33?amp=&amp=&day=2014-07-07&lang=fr&level=expert&level=gourou&public=collectiv&public=decideur,0.8049861
http://es.wikidark.org/wiki/Arqueolog%C3%ADa,0.804705
http://www.ellezelles.be/fr/ma-commune/ellezelles-bienvenue/atelier-galerie-jasco,0.80467963
http://2014.rmll.info/theme26?amp=&amp=&amp=&amp=&amp=&day=2014-07-07&day=2014-07-09&lang=fr&public=artist&public=decideur&redline=culture&redline=culture,0.8044565
http://argoul.com/tag/jerusalem,0.8043045
http://www.slate.fr/story/23609/vacances-crise-grece-espagne-bons-plans,0.80160046
http://2014.rmll.info/theme8?day=2014-07-11&lang=fr&level=gourou&public=artist,0.8015979
http://cultureetvoyages.fun/monet,0.8010869
http://lemondedesphasmes.free.fr/spip.php/IMG/cache-287x450/IMG/scripts/squelettes/scripts/spip.php?rubrique9=,0.8009187
http://www.le-coryphee.com/tag/theatre,0.80033284
http://www.enfancedesarbres.com/2014/01/blog-post_2.html,0.8000686
http://www.enfancedesarbres.com/2013/03/blog-post_3.html,0.8000175
http://laviedesidees.fr/Le-miracle-high-tech.html,0.79993623
http://agendadulibre.qc.ca/events/492?region=15,0.7995237
http://www.papa-blogueur.fr/la-guerre-des-moutons-2-asmodee,0.798769
http://halldulivre.com/livre/9782226112880-l-ecole-de-leon-serge-bloch,0.79759675
http://viedewouf.fr/education/chien-qui-tire-en-laisse-comment-regler-le-probleme,0.79753053
http://www.agencepearl.com/photographe-mariage-craponne-sur-arzon,0.79721
http://maisondegaulle.fr/rappelle-toi-barbara,0.79702127
http://jfmoyen.free.fr/spip/IMG/ppt/spip.php?rubrique17=,0.79648966
http://www.hervekabla.com/wordpress/category/politique/page/35,0.7964783
http://www.slate.fr/story/190416/mgtow-hommes-secession-femmes-misogynie-anti-feminisme-masculinisme,0.7961457
"http://www.chu-bordeaux.fr/Etudiants-formation/Ecoles,-instituts-et-formations-du-CHU-de-Bordeaux/Ecole-d-infirmiers(eres)-anesth%C3%A9sistes",0.79598725
http://maille-de-palissage.com/2016/09/28/le-filet-a-ramer-de-cucurbitacees-et-solanacees,0.7958374
http://www.xn--pourunecolelibre-hqb.com/2009/08,0.7955661
"http://www.politika.io/fr/auteurs/270,522,392,261,337,395",0.79492724
"http://www.politika.io/fr/auteurs/270,522,392,261,337,792",0.79492724
http://dict.xmatiere.com/wiki/Vektor,0.7939536
http://c2so.ens-lyon.fr/spip.php/IMG/dist/http:www.sauvonsluniversite.com/http:www.sauvonsluniversite.com/IMG/jpg/spip.php?auteur2=,0.79330087
http://www.lerendezvousdumathurin.com/musee-en-herbe,0.7931521
http://www.artsixmic.fr/prix-france-culture-cinema-2017,0.7929795
http://www.ajpn.org/commune-La-Rochelle-17300.html,0.79190344
"http://www.alliance-editeurs.org/-activites,178-?debut101=10&debut13=20&debut21=10&debut22=30&debut4=90&lang=fr",0.79187596
http://fr.iliveok.com/health/coffre-dentonnoir_79157i15958.html,0.79182094
http://www.xn--miralldegla-w9a.cat/bartomeu-garces,0.79121745
http://www.monannoncerencontre.com/g_3033881_rencontre-libertine-annonce-sexe-coquine-Begles.html,0.790306
http://xn--encyclopdie-ibb.eu/index.php/histoire/1849563327-geographie-moderne?start=70,0.79020655
http://enfance.bastogne.be/loisirs/activites-et-stages/sendtomanager_form,0.789554
http://aliexpress.co.ma/deconfinement-cest-le-moment-ideal-pour-realiser-une-belle-affaire-automobile?doing_wp_cron=1614906014.3453800678253173828125,0.7894615
"http://www.politika.io/fr/auteurs/270,522,392,261,337,192",0.7892734
http://docs.ac-toulouse.fr/col-cassin-vielmur-agout/opac_css/index.php?lvl=more_results&mode=keyword&tags=ok&user_query=pratique+sportive,0.78906566
http://clignes.blogspot.com/2014/07,0.7885857
http://www.ipaginablog.com/coup-de-coeur-musical-a-un-auteur-compositeur-benoit-doremus,0.7878286
http://www.bekebobo.com/fr_FR/produit/ensemble-pour-bebe-ecusson-mignon,0.7876878
http://dictionnaire.sensagent.leparisien.fr/pastorale/fr-fr,0.7876704
http://www.pretto.fr/courtier-immobilier/region/pays-de-la-loire/la-fleche,0.7874545
http://amessi.org/+-On-peut-se-dire-au-revoir-+,0.7872109
http://amessi.org/+-biologie-cellulaire-+,0.7872109
http://jpverrue.piwigo.com/index?/created-monthly-list-2007-03-17=,0.78698486
http://www.maribranze.ro/maribranze/eu-mies-arhitect-baban?msg=fail&shared=email,0.7869526
http://garcon-magazine.com/2021/02/02/la-turquie-sen-prend-aux-jeunes-lgbtqi,0.7868273
http://www.voie-militante.com/politique/environnement/nucleopolis-les-elus-europe-ecologie-les-verts-s-en-foutent,0.78676593
http://www.ramboliweb.com/diaporama/diaporama.asp?DD=/images/diaporama/espace-rambouillet/,0.7866037
http://sighisoara-freelance.ro/2013/02/15/mario-bihari-bachtale-apsa-la-sighisoara,0.7861976
http://www.autoitscript.fr/forum/viewtopic.php?f=11&t=5416,0.78606
http://www.versusconformita.fr/2021/02/15/francois-truffaut-verseau,0.7860378
http://loumamalet.com/2019/05/15/le-ciel-sous-nos-pas-ode-a-la-femme-libre-de-leila-bahsain,0.78545594
http://cimbcc.org/commerce-en-ligne-amazon-convoite-le-marche-detsy,0.7850347
http://www.liege.be/fr/vivre-a-liege/mobilite/taskforce-mobilite,0.78468674
http://www.frasesypensamientos.com.ar/autor/eugenio-espejo.html,0.78460646
http://laclarinetteconte.com/personnage-charniere-deux-alliances,0.78436303
http://www.francaitinera.org/spip.php?article96=&lang=fr,0.7841445
http://www.agoravox.tv/culture-loisirs/culture/article/l-europe-le-berceau-de-l-humanite-84880?debut_forums=100,0.7838703
http://www.aps.dz/monde/tag/Libye,0.7828729
http://www.arche-de-venoix.fr/urgences-veterinaires-caen,0.78273094
http://www.saisons-fruits-legumes.fr/champignons/pied-de-mouton,0.7822597
http://monumentum.fr/croix-e-siecle-pa00100174.html,0.78214574
http://forums.futura-sciences.com/chimie/900025-origine-feux-follets.html,0.782001
http://bibliotheque.braille.be/fr/catalogue/litterature/theatre-oeuvres/405358-l-avare?filters[author]=Jean-Baptiste+Poquelin+%28dit%29+MOLIERE&filters[categories]=Litt%C3%A9rature,0.781399
http://keydesartistes.fr/2016/11/19/soiree-de-seminaire-au-radisson-blu-de-lyon,0.7813839
http://www.altaride.com/spip/spip.php?rubrique238=,0.7812538
http://environnement-lanconnais.asso.fr/spip.php?article710=&lang=fr,0.78093785
http://c2so.ens-lyon.fr/index.php/checkout/cart/IMG/pdf/IMG/jpg/skin/IMG/xls/IMG/pdf/spip.php?article17=,0.78077304
http://www.elrincondesele.com/ruta-don-quijote-coche-la-mancha-segunda-parte,0.7807024
http://www.oasisdesartistes.org/modules/xoopsfaq/index.php?cat_id=3,0.7798207
http://www.bookeenstore.com/ebook/9782226431783-anatomie-de-l-horreur-stephen-king,0.7796283
http://monacoitaliamagazine.net/au-fil-du-temps-mostra-monegasco-claude-gauthier,0.77810544
http://www.wikiart.org/de/jean-auguste-dominique-ingres/the-apotheosis-of-homer-1827,0.777265
http://www.vuparici.fr/saint-valentin-offrez-un-bouquet-de-suzel,0.77659845
http://c2so.ens-lyon.fr/spip/IMG/pdf/IMG/pdf/spip.php?article32=,0.7765206
http://ud18.cgt.fr/spip.php/img/pdf/IMG/pdf/local/cache-vignettes/L80xH68/spip.php?article179=&artpage=5-8&debut_articles_rubrique=705&lang=fr,0.77596617
http://jfmoyen.free.fr/spip.php/local/cache-vignettes/L750xH510/spip.php?article132=,0.7757441
http://blocs.mesvilaweb.cat/marco/el-salt-de-felix-baumgartner-i-la-fisica-de-la-caiguda-lliure?share=twitter,0.77489704
http://ud18.cgt.fr/index.php/IMG/html/spip.php?article190=&debut_articles_rubrique=60&lang=fr,0.77469826
http://www.lagardedenuit.com/forums/sujets/tyrion-bran-et-leurs-freres-et-soeurs,0.7745822
http://www.goliards.fr/tag/medievalisme/page/3,0.77433926
http://pro-plombiers.fr/plomberie-traitement-d-eau-recuperation-eau-pluie-establet-26470,0.7741478
http://www.saphirnews.com/A-propos-du-salafisme-tunisien-ou-les-impasses-de-la-diabolisation_a16266.html,0.7740339
http://metal-integral.com/chronique.do?album=origines&chronique_ID=3779&groupe=warnam,0.77385557
http://monumentum.fr/eglise-saint-martin-chabasse-pa00092223.html,0.77356076
http://www.infoclimat.fr/observations-meteo/archives/30/janvier/2021/glacier-du-pisaillas-val-d-isere-bonneval-sur-arc/000PZ.html,0.7733795
http://detoursdesmondes.typepad.com/dtours_des_mondes/2019/01/hernsheim-company-max-thiel-bismarck-archipel.html,0.7733184
http://www.39-45.org/viewtopic.php?f=18&t=46051,0.7728791
http://www.mediatly.com/cards/view/117421/lang:fr,0.7727082
http://viewer.tiho-hannover.de/viewer/image/PPN626270685/436,0.77259225
http://lebibliocosme.fr/2014/09/23/la-saga-de-hrolf-kraki,0.7717508
http://cichlidae.com/glossary_term.php?id=652&lang=fr,0.77171147
http://lasserpe.blogs.sudouest.fr/archive/2009/05/12/des-vacances-bien-meritees.html,0.771497
http://orgues-et-vitraux.ch/default.asp/2-0-2568-11-6-1,0.76996887
http://www.chu-bordeaux.fr/Espace-m%C3%A9dia/Actualit%C3%A9s/Innovation-th%C3%A9rapeutique-dans-la-prise-en-charge-des-AVC-au-CHU-de-Bordeaux,0.7698575
http://albator.com.fr/AlWebSite/anime-2568.php,0.76965356
http://www.contecurte.eu/2020/02/ecumene-la-colade-di-gondolin-j-r-r-tolkien,0.7695226
http://www.saint-ghislain.be/ma-ville/services-communaux/score,0.76910913
http://www.lamusiqueclassique.com/2011/02/antonin-dvorak-symphonie-n%C2%B09-du-nouveau-monde-4-allegro-con-fuoco,0.7687328
http://www.nestiveqnen.com/harmelinde-et-deidre,0.7684958
http://www.7joursaclermont.fr/bars-a-chats-ne-boivent-trinquent,0.7681542
http://espace-monnaies.fr/produit-442-5-eurocents-grece-2002-lettre-f.html,0.7681509
http://lecultedapophis.com/2017/08/07/gagner-la-guerre-jean-philippe-jaworski?replytocom=17351,0.7678134
http://genealogie.ott.fr/2012/02/19/quel-est-le-prenom-d-herve-bazin,0.7676878
http://ud18.cgt.fr/index.php/plugins/Lecteur_multimedia/spip.php?article300=&debut_articles_rubrique=735&lang=fr,0.7672007
http://amoquindisono.org/2012/05,0.76703024
http://www.etudes-fiscales-internationales.com/tag/politique,0.76700634
http://ocfm.free.fr/flyspray/index.php?amp;do=index&amp;order=openedby&amp;project=3&amp;sort=asc&amp;toggleadvanced=1&do=index&do=index&order=comments&order2=tasktype&pagenum=4&project=3&project=3&sort=desc&sort2=asc,0.7669946
http://ocfm.free.fr/flyspray/index.php?amp;do=index&amp;order=openedby&amp;pagenum=2&amp;project=3&amp;sort=asc&amp;toggleadvanced=1&do=index&do=index&order=category&order2=status&pagenum=11&project=3&project=3&sort=asc&sort2=asc&toggleadvanced=1,0.7669946
http://ocfm.free.fr/flyspray/index.php?amp;do=index&amp;order=openedby&amp;order2=dateopened&amp;pagenum=4&amp;project=3&amp;sev[0]=6&amp;sort=asc&amp;sort2=desc&amp;string=&do=index&do=index&order=comments&order2=severity&pagenum=5&project=3&project=3&sort=desc&sort2=desc,0.7669946
http://ocfm.free.fr/flyspray/index.php?amp;do=index&amp;order=comments&amp;order2=id&amp;project=3&amp;sev[0]=6&amp;sort=desc&amp;sort2=desc&amp;string=&do=index&do=index&order=openedby&order2=dateclosed&pagenum=9&project=3&project=3&sort=asc&sort2=desc&toggleadvanced=1,0.7669946
http://ocfm.free.fr/flyspray/index.php?amp;do=index&amp;order=severity&amp;order2=dateopened&amp;project=3&amp;sev[0]=6&amp;sort=desc&amp;sort2=asc&amp;string=&do=index&do=index&order=openedby&order2=category&pagenum=10&project=3&project=3&sort=asc&sort2=asc&toggleadvanced=1,0.7669946
http://ocfm.free.fr/flyspray/index.php?do=index&do=index&order=category&order2=progress&pagenum=10&project=3&project=3&sort=asc&sort2=desc,0.7669946
http://ocfm.free.fr/flyspray/index.php?amp;do=index&amp;order=severity&amp;order2=dateopened&amp;project=3&amp;sev[0]=6&amp;sort=desc&amp;sort2=asc&amp;string=&do=index&order=severity&order2=progress&pagenum=11&project=3&sort=desc&sort2=desc&toggleadvanced=1,0.7669946
http://ocfm.free.fr/flyspray/index.php?amp;do=index&amp;order=summary&amp;order2=severity&amp;project=3&amp;sev[0]=2&amp;sort=desc&amp;sort2=desc&amp;string=&do=index&do=index&order=dateclosed&order2=severity&pagenum=10&project=3&project=3&sort=desc&sort2=desc&toggleadvanced=1,0.7669946
http://tnc.quebec/gabriel-lacoursiere,0.76548254
http://ztfnews.wordpress.com/tag/der-census-raumlicher-complexe-oder-verallgemeinerung-des-eulerschen-satzes-von-den-polyedern,0.76521707
http://cotedivoirenews.info/cote-divoire-politique-les-groupes-parlementaires-de-lopposition-sabstiennent-de-participer-a-la-pleniere-de-ce-mardi-1er-decembre-et-exigent-la-liberation-des-deputes-in,0.7648463
http://lisbethfalling.com/category/fotografi,0.7642632
http://c2so.ens-lyon.fr/spip.php/http:www.sauvonsluniversite.com/IMG/xls/IMG/pdf/spip.php?article129=,0.7638521
http://everybodywiki.com/Catherine_Gernay,0.7635657
http://www.rtbf.be/webcreation/webseries/euh/actualites/article_la-saison-2-de-euh-seduit-le-rio-web-fest?id=9776893,0.7631306
http://unecouleursurunfil.fr/boutique/sac-fourre-tout-shibori-coton-4?add-to-cart=1498,0.7629055
http://c2so.ens-lyon.fr/spip.php/dist/dist/local/cache-vignettes/L70xH75/local/cache-vignettes/L245xH357/www.sauvonsluniversite.com/www.sauvonsluniversite.com/http:www.sauvonsluniversite.com/http:www.sauvonsluniversite.com/IMG/pdf/IMG/pdf/spip.php?article33=,0.7628419
http://grandterrier.net/wiki/index.php?title=Santez_Marc%27harid,0.76211107
http://jfmoyen.free.fr/spip/ecrire/local/cache-vignettes/L103xH150/local/cache-vignettes/L503xH750/ecrire/ecrire/IMG/pdf/IMG/pdf/ecrire/IMG/jpg/spip.php?rubrique18=,0.7613007
http://charles-de-flahaut.fr/annuaire-histoire-communes/annuaire-professionnel/histoire-de-loche-sur-indrois-indre-et-loire,0.76097476
http://memory-alpha.fandom.com/fr/wiki/1945,0.76079565
http://french-corporate.com/french-corporate.v6.php?siren=427542626-maume-jean-29-rte-de-beaune-21220-gevrey-chambertin,0.76029134
http://commissaire-aux-comptes-france.net/contact.htm,0.7601092
http://odiariodeumet.wordpress.com/tag/mergulhador-morto-na-tailandia,0.76002425
http://jeanyvesnau.com/2019/01/21/deni-politique-des-acquis-de-la-cigarette-electronique-agnes-buzyn-identique-a-marisol-touraine?replytocom=23970,0.7600085
http://everybodywiki.com/Isabelle_Habiague,0.7594386
http://patriciapriat.fr/tag/profondeur,0.75931644
http://exotech.biz/tag/Programmation,0.759256
http://jfmoyen.free.fr/spip/local/cache-vignettes/L750xH563/IMG/article_PDF/spip.php?rubrique16=,0.7588794
http://www.lesarchivesduspectacle.net?IDX_Personne=9846,0.75861514
http://misslune.com/2016/07/29/cest-lete?_wpnonce=db6d2ac691&like_comment=643,0.75845563
http://jfmoyen.free.fr/spip/IMG/xls/ecrire/IMG/jpg/spip.php?auteur1=,0.7583668
http://jfmoyen.free.fr/spip/ecrire/local/cache-vignettes/L103xH150/IMG/jpg/spip.php?auteur1=,0.7583668
http://primaria.baile-herculane.ro/2014/01,0.7579487
http://sheherazade2000.canalblog.com/archives/2015/11/03/32875965.html,0.7576833
http://ledernierkilometre.com/2017/10/28/bromont-ultra-capitaine-au-camp-de-base,0.75736684
http://blogs.mediapart.fr/edition/en-bigorre/article/301120/un-millier-tarbes-contre-la-loi-securite-globale-votee-par-le-depute-sempastous?userid=6ff57b86-175f-4f63-905f-98a7438cc6a8,0.75686944
http://www.camif-habitat.fr/renovation/maison/ville/bourgeoise,0.7564997
http://www.murolensaintamant.com/location?lightbox=dataItem-kf6vnx6d,0.7562486
http://dictionnaire.sensagent.leparisien.fr/manifestaci%C3%B3n%20cultural%20europea/es-es,0.7559791
http://dicciomed.usal.es/palabra/laringofaringe,0.75557435
http://cultureetvoyages.fun/ismeaa-agit-2022,0.7554173
http://patriciapriat.fr/tag/newsletter,0.7549207
http://www.lamusiqueclassique.com/2011/03/tomaso-albinoni-concerto-pour-hautbois-n%C2%B0-2-adagio,0.7547476
http://french-corporate.com/french-corporate.v6.php?siren=443338678-transaction-immobiliere-centre-parisien-114-rue-du-chemin-vert-75011-paris-11,0.75393224
http://www.theoutsiders.travel/inspiration/lieu/chateau-dharlech,0.7538974
http://www.restaurant-airial.fr?-Menu-Cabane-73-=&lang=fr,0.75355566
http://www.moncets-chambrun.com/fr/moncets-chambrun,0.75334567
http://www.melusinechouraki.com/2015,0.7532177
http://www.woxikon.com.br/fr/couplasse,0.7527237
http://academia-celtica.niceboard.com/t1581-la-prononciation-du-r-en-breton,0.7521205
http://www.xn--pourunecolelibre-hqb.com/2019/07,0.7518705
http://cv.fingelrest.net,0.7513225
http://www.1max2peche.com/magazine-de-peche-1max2peche,0.7511695
http://www.sambreville.be/economie/leconomie-sociale/le-site-du-bon-grain-a-auvelais,0.7507634
http://www.polemia.com/les-femmes-sont-petites-car-les-hommes-les-ont-privees-de-nourriture-fake-news,0.750185
http://atelier-gousset.com/blogs/blog-montre-gousset/montre-gousset-plus-chere-du-monde,0.74976707
http://www.davidgis.fr/blog/index.php?2007/01=,0.7489631
http://monaulnay.com/2005/06/projet-de-renovation-urbaine-les-plans.html,0.74855137
http://www.initiationphilo.fr/articles.php?lng=fr&pg=615,0.74826777
http://www.claude-arnaud.com/fr/claude-arnaud?replytocom=650,0.7477018
http://www.visorando.com/randonnee-la-vrille.html,0.7474485
http://lostinlondon.fr/2010/06/24/le-pimm%E2%80%99s-mode-d%E2%80%99emploi,0.747118
http://belcikowski.org/publications5/index.php?categorie4/art=,0.7470262
http://www.gabjo.fr/comment-toujours-paraitre-chic-meme-avec-une-grande-taille,0.7464269
http://travaux-isolations.fr/isolation-exterieure-et-interieure-saint-aubin-des-grois-61340,0.7461304
http://ud18.cgt.fr/index.php/IMG/xls/IMG/pdf/spip.php?article1567=&debut_articles_rubrique=720&lang=fr,0.74586284
http://artvisions.fr/fr/portfolio-item/paris-adrian-alaia-fondation-azzedine-alaia,0.74577135
http://bibliophilie.com/vente-jean-a-bonna-chez-christies-de-leclectisme-et-de-la-separation-chez-le-bibliophile-les-mots-de-jean-bonna,0.7451769
http://c2so.ens-lyon.fr/spip.php/local/cache-vignettes/modu...MG/w...ctions/dist/IMG/pdf/IMG/pdf/spip.php?article84=,0.7450203
http://www.images-insolites.fr/2009/deux-urinoirs-mal-places,0.7449827
http://french-corporate.com/french-corporate.v6.php?siren=511607111-ballester-chiarotto-chantal-149-che-mas-de-boudan-30000-nimes,0.74453306
http://prix-litteraires.net/detail_prix_auteur.php?auteur=4320_Stephane_Levallois,0.74429333
http://www.comptablesparis.eu/Club_des_jeunes_experts_comptables,0.7442126
http://www.ud18.cgt.fr/spip.php?article1430=&debut_articles_rubrique=75&lang=fr,0.7440402
http://voirseries.tv/larme-fatale-saison-3,0.74374676
http://sunof.net/blog/tag/smombie-forever,0.74371785
http://placard.ficedl.info/mot10957.html?lang=fr,0.7433816
http://www.slate.fr/story/26203/arcade-fire-the-suburbs-critique,0.742658
http://www.judeopedia.org/Proph%C3%A8tes_Isa%C3%AFe_13_1__H%C3%A9breu_Paleo.aspx,0.74242854
http://www.nananews.fr/lagora-toutes-paroles/3082-en-bonne-voie-vers-le-desastre,0.74229705
http://ubapar.bzh/spip.php?article168=,0.74225736
http://www.weelz.fr/fr/la-tentation-de-la-bicyclette-par-edmondo-de-amicis,0.7419502
http://ud18.cgt.fr/index.php/IMG/doc/plugins/Lecteur_multimedia/javascript/plugins/thickbox2/javascript/spip.php?article658=&debut_articles_rubrique=60&lang=fr,0.7417921
http://www.parisrevolutionnaire.com/spip.php?article1932=&debut_intro_articles=60,0.7411083
http://www.jimmysabater.com/20150108designe-coupable-sortira-le-3-mars-2015,0.74105334
http://lesoufflecestmavie.unblog.fr/tag/science/page/3,0.74102396
http://www.dico-voyage.com/plouarzel,0.7405802
http://desartsonnantsbis.com/tag/inauguration,0.7398478
http://blog.autoplus.fr/moncet/2014/05/27/entretien-avec-jean-louis-moncet-apres-le-grand-prix-de-monaco-2014?replytocom=230642,0.73965394
http://www.plumetismagazine.net/quilting-matelassage-technique-couture,0.73926234
http://art.rmngp.fr/fr/library/artworks/louis-lerambert_fontaine-des-trois-enfants-musiciens_bronze_1688-8833cc0f-adc2-4a99-9084-72b47525ff9e?page=1,0.73866826
http://www.nodualidad.info/maestros/thomas-traherne.html,0.7383056
http://ebook.lesoir.be/ebook/9782818035771-abraham-et-fils-martin-winckler,0.7380711
http://fipjp.org/index.php/fr/8-informations-fr/385-christian-lacoste-nous-a-quittes,0.73782074
http://c2so.ens-lyon.fr/spip.php/IMG/pdf/IMG/xls/www.sauvonsluniversite.com/www.sauvonsluniversite.com/local/cache-vignettes/L253xH344/dist/dist/spip.php?article121=,0.7376249
http://c2so.ens-lyon.fr/spip.php/dist/dist/local/cache-vignettes/L70xH75/IMG/xls/www.sauvonsluniversite.com/IMG/xls/spip.php?article121=,0.7376249
http://generationvoyage.fr/location-camping-car-tours,0.7376246
http://www.bbvaopenmind.com/ciencia/grandes-personajes/louis-leakey-y-las-memorias-de-africa-de-la-evolucion-humana,0.73699415
http://french-corporate.com/french-corporate.v6.php?siren=443334834-jnh-1-res-de-l-olympe-13530-trets,0.73639673
http://jfmoyen.free.fr/spip.php/IMG/ppt/fr.wikipedia.org/wiki/IMG/pdf/ecrire/IMG/article_PDF/IMG/article_PDF/ecrire/ecrire/IMG/article_PDF/ecrire/plugins/blip/ecrire/IMG/article_PDF/IMG/article_PDF/article_4.pdf,0.7354916
http://fabriceaimetti.coach/2018/04/28/sans-domicile-fixe-ou-prison-domicile-fixe,0.73507243
http://ud18.cgt.fr/index.php/IMG/doc/plugins/Lecteur_multimedia/javascript/plugins/thickbox2/javascript/IMG/pdf/spip.php?debut_articles_rubrique=60&lang=fr&rubrique7=,0.7349436
http://www.oreye.be/annuaire/madame-anne-francoise-mievis/directrice-generale-centre-public-daction-sociale/view,0.7345862
http://www.rue89lyon.fr/2014/12/15/quelle-place-porno-histoire-cinema-lavoir-public,0.73441297
http://www.sophrologie95.com/post/ce-qui-gouverne-la-vie-d-un-d%C3%A9pendant-affectif,0.7340612
http://nixgut.wordpress.com/tag/carly-fiorina,0.733413
http://www.oisingormallyphotography.com/GalleriesMariage/Jean-R%C3%A9gis-Albane-Mariage/i-wpP8fp4,0.7330273
http://www.fleursbleues.fr/437218351,0.73287135
http://www.sauramps.com/ebook/9782367930763-l-enjomineur-t-3-1794-pierre-bordage,0.73255944
http://c2so.ens-lyon.fr/spip.php/dist/local/cache-vignettes/L245xH357/dist/vignettes/IMG/pdf/spip.php?article100=,0.7317023
http://www.gembloux-autrement.be/news/jo-lemaire,0.73113203
http://les-enfants-du-cinoche.blog4ever.com/le-promeneur-d-oiseau,0.7307528
http://gbessay.unblog.fr/tag/opposition/page/2,0.7304537
http://www.graindepixel.fr/project/rock-and-horse,0.72941846
http://minhavidagay.com.br/o-gay-afeminado-desmistificado/gls,0.72917473
http://michelduchaine.com/tag/operation-sous-faux-drapeau,0.7281061
http://www.musicanet.org/bdd/es/autor/325-belloc-hilaire,0.7277883
http://thelittlenorthseastudio.com/michael-che-bio,0.7277446
http://zic-isy.fr/2015/11/09/michelle,0.72754264
http://www.ziarulmetropolis.ro/de-ce-a-murit-prince?next=20/?next%3D10/?next%3D2/,0.72749525
http://fatou.se/tag/radda-barnen,0.7271731
http://www.lespac.com/mirabel/vehicules-motoneiges/2022-ski-doo-renegade-x-rs-850-e-tec-ice-ripper-xt-1-5-e-s_132996953D0.jsa,0.72615105
http://www.lepape-info.com/actualite/sentier-international-des-appalaches-marcher-jusquau-bout-du-monde-americain,0.72600865
http://dkblog.korsani.fr/2015/01/19/roquette,0.7255458
http://www.lesparisdld.com/2010/09/la-republique-du-4-septembre.html,0.7254189
http://www.ud18.cgt.fr/spip.php/IMG/doc/IMG/pdf/plugins/Lecteur_multimedia/javascript/IMG/pdf/spip.php?article1166=&debut_articles_rubrique=150&lang=fr,0.725366
http://dictionnaire.sensagent.leparisien.fr/Reserva%20natural/es-es,0.7249216
http://planetalibro.net/tema/logica,0.7249199
http://abp.bzh/coffret-le-monde-des-celtes-43340,0.7248888
http://www.topito.com/top-idees-recues-fausses-espace,0.7245996
http://maddmaths.simai.eu/divulgazione/informatica-quantistica-non-solo-qubit,0.7242496
http://www.radiotradgrandest.com/artistes/triskill-34,0.7218682
http://www.henaut.com/genea/individual.php?ged=henaut1&pid=I2314,0.7216265
http://thelittlenorthseastudio.com/marc-silverstein-bio,0.7214399
http://www.motard-geek.fr/greves-freeride-en-velib,0.72138745
http://ceramicamarratxi.blogspot.com/2013/07,0.72104824
http://kiwix.demo.ideascube.org/wikipedia.fr/A/Baudelaire.html,0.72091377
http://www.tristanjosse.com/category/illustration/page/12,0.72070634
http://www.coindeslecteurs.com/viewtopic.php?p=84700,0.7197573
http://velorutionorleans.org/2020/01/10/municipales-2020-il-est-temps-de-parler-velo?replytocom=89,0.71940196
http://c2so.ens-lyon.fr/spip.php/local/cache-vignettes/modu...hadmin/admin/IMG/pdf/spip.php?article1=,0.7191137
http://c2so.ens-lyon.fr/spip.php/IMG/jpg/local/cache-vignettes/L253xH344/www.sauvonsluniversite.com/www.sauvonsluniversite.com/spip.php?page=statistiques,0.71897453
http://www.synatpau.com/geometre/formations/initiales/bac-pro-geometre,0.71878093
http://siterenebazin.wordpress.com/ils-ont-ecrit-sur-rene-bazin/le-new-york-times,0.7184754
http://dansmagazine.nl/reportage/5-romantische-dansfilms,0.71837586
http://www.aeroweb-fr.net/forum/aviation-civile/4378/1,0.71833897
http://www.bildersuche.org/kunst/george-seurat,0.71812385
http://www.blelorraine.fr/2017/09/kverneland-implante-centre-logistique-mondial-lorraine,0.7176777
http://volte-espace.fr/small-is-beautiful-quelques-extraits-e-f-schumacher,0.71686006
http://atelierdecreationlibertaire.com/blogs/bakounine/tag/propagande-par-le-fait,0.7166681
http://up2school.com/fr/article/lycee/technique-bac-philosophie,0.7164289
http://courtage.international/produit/hammamet-location-vacances-villa-vue-mer-avec-piscine-jardin-terrasses-et-5-chambres,0.71602297
http://www.lafrenchrun.com/produit/paris,0.7155922
http://jukeboxlefilm.com/tu-es-impossible-les-sultans,0.71410775
http://www.parisrevolutionnaire.com/spip.php?article145=,0.71330124
http://magazinart.com/shokichi-sato-quand-lessentiel-est-de-realiser-les-formes-que-lon-sent,0.71329975
http://www.n-3ds.com/sports/22808-ligue-1-accedez-aux-actualites-de-ce-championnat-en-live,0.712006
http://domainedeflorette.com/lemuriens,0.7119147
http://thelittlenorthseastudio.com/eddie-vedder-bio,0.71185625
http://www1.ilmortodelmese.com/2011/10/david-hess-1942-2011.html,0.7112885
http://www.rockmadeinfrance.com/encyclo/roger-la-honte/2898,0.7109449
http://www.genealogies-celebres.fr/individual.php?ged=arbre&pid=I10240,0.71075225
http://stmaterne.blogspot.com/2016_06_19_archive.html,0.710644
http://www.instant-city.com/jumbo-elephant-star-et-martyr-du-cirque,0.71054494
http://www.pieces-euro.tv/irlande-euro-series-annuelles,0.70959413
http://linkaband.com/recherche/musiciens/guitariste/villemomble,0.70887613
http://www.pauloeuvreart.com/peinture/grands-tableaux-taille-originale.html,0.70852524
http://www.ed-chimie.universite-paris-saclay.fr/spip.php?rubrique66=,0.7075682
http://mundoclasico.com/articulo/33781/La-Beethoven-Haus-Bonn-completa-un-boceto-aut%C3%B3grafo-para-el-cuarteto-op-127,0.70675665
http://afropoesie.com/2017/10/09/assagi-lli%C9%A3-je-suis?_wpnonce=ba285c376b&like_comment=398,0.70654714
http://travaux-ventilation.fr/professionnel-de-la-ventilation-moulhard-28160,0.70520854
http://www.fadis-diving.fr/product/combinaison-aqualung-balance-comfort,0.70341825
http://siterencontregratuit.eu/je-cherche-la-femme,0.7009934
http://videosdecyclisme.fr/live-video-criterium-du-dauphine-2015,0.7004771
http://www.anmgd.ro/Calendarul-alegerilor-pentru-func%C8%9Bia-de-rector-al-ANMGD---Martie-20,0.6999625
http://www.l-instant-secret.fr/poemes-de-detresse-c30587550,0.69970906
http://thelittlenorthseastudio.com/jordy-nelson-bio,0.69913924
http://jfmoyen.free.fr/spip/plugins/blip/local/cache-vignettes/L750xH563/ecrire/IMG/kmz/IMG/article_PDF/spip.php?article2=,0.69887936
http://espace-monnaies.fr/produit-199-5-eurocents-espagne-1999.html,0.6987979
http://www.cabinetcomptable.com/Compte-44567-Credit-de-T.V.A.-a-reporter,0.69876206
http://commissaireauxapports.com/commissaires-aux-comptes.php5,0.69817424
http://jpmartel.quebec/2019/03/15/le-pq-doit-il-changer-de-nom,0.6974891
http://www.toutsurlasarcopenie.fr,0.69740784
http://lecourrierdesstrateges.fr/2019/11/18/weizmann-education-nationale-ce-nest-plus-le-mammouth-cest-le-titanic,0.6973604
http://www.ceccarbusinessmagazine.ro/cei-trei-r-esentiali-regandire-relaxare-relansare-a6222,0.6968497
http://dicciomed.usal.es/palabra/psicoanalisis,0.69646597
"http://www.politika.io/en/auteurs/708,423",0.6961916
http://justinbusch.fr/category/les-films,0.69512534
http://elreplicadorliberal.com/2015/10/27/documental-vida-y-obra-de-richard-feynman-1918-1988,0.69464874
"http://www.politika.io/en/auteurs/437,272",0.6934092
http://ebook.coop-tic.eu/francais/wakka.php?tags=Concevoir+et+animer+un+projet&wiki=CoopererEntreEfficienceEtResilience/listpages,0.69215876
http://thelittlenorthseastudio.com/molly-quinn-bio,0.6910477
http://spacefiction.fr/2018/02/26/lespace-des-peintres-au-cinema-2eme-partie-painters-space-in-cinema-2nd-part,0.6901199
http://beffrois.blogg.org/tag/girouette,0.6886771
http://www.blocdemoda.com/2013/09/el-chic-de-eva-mendes-para-new-york.html,0.6885326
http://shows.acast.com/amourpapier/episodes/3-ton-bic-pref,0.6876116
http://dan.wikitrans.net/Geografi,0.6867126
http://archi-wiki.org/Personne:Pierre_Valentin_Boudhors,0.6862906
http://dictionnaire.sensagent.leparisien.fr/Cher%20(departement)/cs-cs,0.6858866
http://les-fleursdebach.fr/blglk4xq/archive.php?1cfa0c=master-2-droit-social-%C3%A0-distance,0.6857039
http://albert-danielle.eklablog.com/vitre-la-medievale-dept-35-a84399996?reply_comm=32325470,0.68502235
http://bafybeicgmdpvw4duutrmdxl4a7gc52sxyuk7nz5gby77afwdteh3jc5bqa.ipfs.dweb.link/wiki/Mali.html,0.68499947
http://www.camif-habitat.fr/amenagement/exterieur/terrasse,0.68465614
http://www.silvieon4.com/2015/11/sadness-unspeakable-sadness-111315.html,0.6845989
http://seenthis.net/tag/city:corbeil-essonnes,0.6843953
http://www.entrelemanetjura.ch/BLOG_WP_351/gagner-la-guerre-contre-le-coronavirus-covid-19,0.6826265
http://ecolejeanvilar.free.fr/spip.php?rubrique220=,0.68205523
http://orleansrollerderby.fr/historique,0.6816994
http://anniversaire-celebrite.com/francois-rabelais-c4139,0.68106294
http://jfmoyen.free.fr/spip.php/IMG/ppt/IMG/kml/spip.php?article215=,0.68086743
http://c2so.ens-lyon.fr/spip.php/dist/IMG/jpg/local/cache-vignettes/L187xH265/IMG/pdf/igor.babou%20(at)%20ens-lyon.fr?debut_article_langue=90,0.6776824
http://dietrich13.com/category/recel,0.6773565
http://stmaterne.blogspot.com/2015_08_02_archive.html,0.67628324
http://www.infolevallois-voyages.com/drones-en-folie,0.673996
http://jfmoyen.free.fr/spip/IMG/kmz/ecrire/IMG/article_PDF/ecrire/spip.php?rubrique29=,0.6730503
http://auto.akemi.de/fr?cHash=59bbe449defd2c87e06827c80d9a6cad&tx_twreferenzen_twreferenzen[action]=show&tx_twreferenzen_twreferenzen[controller]=Referenz&tx_twreferenzen_twreferenzen[referenz]=16,0.67285347
http://linkaband.com/recherche/musiciens/pianiste/halluin,0.6720942
http://www.helenabarbas.net/jeanne-duval-o-direito-ao-bom-nome-3,0.67205226
http://zims-fr.kiwix.campusafrica.gos.orange.com/wikipedia_fr_all_maxi/A/Pierre_Eyt,0.6711956
http://christianmanrique.com/tag/christian-manrique,0.6702998
http://www.rcao17.fr/index-fiche-60941.html,0.6692774
http://stmaterne.blogspot.com/2014_01_05_archive.html,0.6691381
http://www.21cles.fr/intelligence-artificielle,0.6690155
http://beffrois.blogg.org/oudenaarde-audenarde-u-a164061520,0.66816306
http://arnagedanslacourse.com/2017-hommage-a-henri-pescaloro,0.6661782
http://www.usmilitariacollection.com/boutique/carte-us-army-1944-france-b,0.6640494
http://linkaband.com/recherche/musiciens/pianiste/bry-sur-marne,0.66313374
http://10lunes.com/2016/12/colore,0.6623665
http://www.xavierstuder.com/2012/08/sur-surf-internet-la-suisse-plus-rapide-que-tous-ses-voisins,0.6613546
http://www.pokepedia.fr/Rapasdepic,0.65892816
http://kdfrases.com/autor/ren%C3%A9-descartes/2,0.6584779
http://biopellet.pl/en/news-article-9,0.6582278
http://un-osteo.com/fr/osteopathie-articulaire,0.6570462
http://www.francetvinfo.fr/replay-radio/france-info-numerique/une-ex-commissaire-europeenne-chez-uber_1782667.html,0.65391475
http://cinepassion34.fr/celebrity/benjamin-bratt,0.6533482
http://lescocktailsdalexandre.com/blog/histoire-de-cocktails/vesper,0.65276104
http://art.rmngp.fr/en/library/artworks/leon-francois-comerre_le-deluge_huile-sur-toile?page=5,0.65274465
http://conceptnet5.media.mit.edu/c/fr/possibilisme,0.65230274
http://alexandrelatsa.ru/2012/06/%D0%BD%D0%BE%D0%B2%D0%BE%D1%81%D1%82%D0%B8-%D0%B8%D0%B7-%D0%B1%D0%B5%D0%BB%D0%BE%D1%80%D1%83%D1%81%D1%81%D0%B8%D0%B8,0.6512988
http://www.nautique-naval-simon.ch/references/luc-simon,0.6512378
http://reseau-mirabel.info/revue/4308/Journal-of-the-American-Statistical-Association,0.6485094
http://www.jean-marc-gil-toutsurlabotanique.com/page/introduction-a-la-botanique/glossaire-botanique/glossaire/page-116.html,0.64699244
http://www.seriebox.com/people/david-giler.html,0.6399259
http://la-malle-aux-jouets.forumactif.org/t1664-les-fous-du-volant-multi-1975-maj-14-10-2013,0.6383488
http://www.jouercasinos.com/2016/12/31/aucune-licence-en-chypre-avant-lapprobation-des-reglements.html,0.6356691
http://data.cerl.org/thesaurus/cnl00028054?file=yes&format=csv&lang=fr&orig=1&style=full,0.6354527
http://www.trombonefrance.com/pages/portraits-de-trombonistes/raymond-katarzynski-fevrier-2016.html,0.6352847
http://autospeed.celeonet.fr/khufu/spip.php/local/cache-vignettes/L292xH450/local/cache-vignettes/L400xH269/IMG/kmz/spip.php?page=plan,0.63208747
http://www.antagoniste.net/2007/05/12,0.6301367
http://www.duboislaurent.com/galerie/peinture/portraits-peinture,0.6294727
http://ud18.cgt.fr/index.php/plugins/thickbox2/plugins/thickbox2/spip.php?article355=&debut_articles_rubrique=60&lang=fr,0.62485504
http://www.net-maquettes.com/bg/pictures/imr-2,0.6203481
http://www.brianphotographe.com/mariage/fresnes-94,0.6192647
http://randomc.net/2013/09/28/genei-wo-kakeru-taiyou-13-end,0.61878574
http://www.lejazzophone.com/portrait-nina-papa,0.6177376
http://hadominique75.wordpress.com/2019/06/23,0.61405295
http://photography-to-remember-ww-one.com/article.php?id=5,0.60131633
http://www.allaroundkaarl.com/centre-georges-pompidou-parigi,0.5990173
http://astucesaufeminin.com/brioche-yaourt,0.59032005
http://etspanolpdf.mypressonline.com/js/0714898082-Rene-Burri-Fotografias-Rene-Burri,0.58140457
http://www.gedenkorte-europa.eu/de_de/bapaume.html,0.57294476
http://spabudoku.blogsport.eu/1973/02,0.5639025
http://dictionnaire.sensagent.leparisien.fr/Count_Palatine/en-en,0.5549763
http://lanternativa.info/gerda-wegener-largely-out-of-fashion?replytocom=73358,0.55122316
http://peoplepill.com/people/charles-frederic-le-sage-de-fontenay,0.50449383
