url,centroid_sim
http://www.taiwanflower.org/archives/tag/%E8%8A%B1%E6%9F%B1,0.9731859
http://owjclo.634ss.com/a/20210223/263696.html,0.972764
http://678sbcp.com/a/20210117/448734.html,0.9718037
http://irvwfj.msc99msc.com/a/20210223/256487.html,0.97093284
http://fjd1ql.msc502.com/a/20210223/195323.html,0.9686184
http://um9iiy.138oz.com/a/20210223/172185.html,0.9685754
http://opg4my.526mcp.com/a/20210223/78696.html,0.9679279
http://508ss.com/a/20210223/281870.html,0.964267
http://k3jxjm.188bu.com/a/20210223/183134.html,0.9640165
http://isb5.com/a/20210122/195409.html,0.9635251
http://hk.search.yahoo.com/mobile/s?_intl=hk&_lang=zh-hant-tw&_sep=fp&_tsrc=yahoo&b=41&ei=UTF-8&fr2=rs-top&p=%E9%8D%BE%E5%98%89%E6%AC%A3%E8%80%81%E5%85%AC&pz=10&vs=zh.wikipedia.org&vst=0&xargs=0,0.96310115
http://www.kanto-cleancenter.net/%E5%80%92%E7%94%A3%E6%95%B4%E7%90%86-%E7%A0%B4%E7%94%A3%E6%95%B4%E7%90%86-%E6%9D%B1%E4%BA%AC/%E5%8C%97%E5%8C%BA-%E5%80%92%E7%94%A3%E6%95%B4%E7%90%86-%E7%A0%B4%E7%94%A3%E6%95%B4%E7%90%86,0.9622867
http://e1xltp.185ss.com/a/20210223/400055.html,0.9616093
http://ynyc7b.ib3333.com/a/20210223/370174.html,0.960538
http://www.milunion.com/news2/240.html/attachment/20130401164310_4628,0.9604124
http://1lyp0v.wps77.com/a/20210223/132335.html,0.9603189
http://hk.search.yahoo.com/mobile/s?_intl=hk&_lang=zh-hant-tw&_sep=fp&_tsrc=yahoo&ei=UTF-8&fr2=rs-bottom%2Cp%3As%2Cv%3Aw%2Cm%3Aat-s&p=%E9%8D%BE%E5%98%89%E6%AC%A3%E8%80%81%E5%85%AC%E5%B9%BE%E6%AD%B2&vs=zh.wikipedia.org&vst=0,0.9598123
http://bkwu0x.188pq.com/a/20210223/125013.html,0.95956486
http://www.waichiba.com/item/itemgenre/gaku/14995.html,0.95888567
http://ringomusha.com/it/7153.html,0.95863694
http://passing-notes.com/school/201078,0.9581687
http://99agwz.152sun.com/a/20210223/125521.html,0.95745695
http://www.waichiba.com/category/item/itemgenre/mobilecleaner,0.95691377
http://words.omuch.net/%8E%9E%8C%F8%8Cx%8E@.html,0.95621353
http://fojkt0.127ms.com/a/20210223/115121.html,0.9557837
http://vfc.roconline.org/2017/04/27/%E9%81%92%E7%9C%9F%E8%A8%80%E5%AF%A6%EF%BC%9A%E6%9C%9D%E9%B2%9C%E5%8D%8A%E5%B2%9B%E5%8D%B1%E6%9C%BA%E7%9C%9F%E7%9B%B8-%E4%B8%AD%E5%85%B1%E4%B8%A7%E5%B0%BD%E4%BA%86%E9%81%93%E4%B9%89-3,0.95578337
http://hpaajm.99sbcp.com/a/20210223/419523.html,0.9556513
http://noblcf.651ss.com/a/20210223/242870.html,0.9548026
http://hk.search.yahoo.com/mobile/s?_intl=hk&_lang=zh-hant-tw&_sep=fp&_tsrc=yahoo&age=1w&ei=UTF-8&fr2=rs-bottom%2Cp%3As%2Cv%3Aw%2Cm%3Aat-s&p=%E6%A5%8A%E4%B8%9E%E7%90%B3+%E9%9B%A8%E6%84%9B&vs=baike.baidu.com&vst=0,0.95378864
http://cn.secretchina.com/news/b5/2021/01/20/959648.html,0.953453
http://75lzh5.wps456.com/a/20210223/267940.html,0.9533845
http://hk.search.yahoo.com/mobile/s?_intl=hk&_lang=zh-hant-tw&_sep=fp&_tsrc=yahoo&age=1m&ei=UTF-8&fr2=rs-top&p=%E5%A4%A7%E5%BF%AB%E6%B4%BB%E5%BF%AB%E9%A4%90%E5%BA%97,0.9530997
http://qqdv64.198scp.com/a/20210223/164903.html,0.9528903
http://hayaritrend.com/dorama/post-9069.htm,0.9527795
http://kami-ch.com?t=%E4%B8%89%E5%8E%9F%E3%81%98%E3%82%85%E3%82%93%E5%AD%90,0.95243955
http://www.betmantoto.pro/%EC%8A%A4%ED%8F%AC%EC%B8%A0%ED%86%A0%ED%86%A0-%EB%86%8D%EA%B5%AC%ED%86%A0%ED%86%A0-%EB%A7%A4%EC%B9%98.html,0.9510956
http://hk.search.yahoo.com/mobile/s?_intl=hk&_lang=zh-hant-tw&_sep=fp&_tsrc=yahoo&age=1m&ei=UTF-8&p=%E5%90%B3%E5%8D%93%E7%BE%B2&vs=www.zhihu.com&vst=0,0.95071495
http://8mwemw.265sun.com/a/20210223/352430.html,0.95011115
http://kodomo-iroha.com/kagawa/%E5%A4%9A%E5%BA%A6%E6%B4%A5%E7%94%BA,0.9499187
http://hk.search.yahoo.com/mobile/s?_intl=hk&_lang=zh-hant-tw&_sep=fp&_tsrc=yahoo&ei=UTF-8&fl=0&p=%E9%BB%83%E4%B9%8B%E9%8B%92&rd=r2&vs=mypaper.pchome.com.tw&vst=0,0.94937015
http://sgwritings.com/bbs/viewthread.php?page=2&tid=62051,0.948331
http://bc6pzc.8sbcp.com/a/20210223/270822.html,0.9482399
http://amd.yd-uv.com/a/20210223/325130.html,0.94817495
http://mqxqz6.yapiqwn.cn/a/20210223/278563.html,0.947998
http://tw.search.yahoo.com/mobile/s?_intl=tw&_lang=zh-hant-tw&_sep=fp&_tsrc=yahoo&age=1w&ei=UTF-8&fl=0&fr2=ps_east&p=%E6%9D%8E%E9%8D%BE%E7%A2%A9&rd=r2&vs=tw.answers.yahoo.com&vst=0&xargs=0,0.9479901
http://n93tko.188pq.com/a/20210223/404145.html,0.9477438
http://www.mrtcasino.com?shop/commodiy/WSX1450t24c/ED800j58893b859017464=,0.9473294
http://fxejkx.138qz.com/a/20210223/391076.html,0.947148
http://how-old.info?name=%E5%B7%9D%E5%B3%B6%E5%BE%97%E6%84%9B,0.94686174
http://www.tv-ranking.com/detail/43106,0.9465375
http://www.xn--l8ji6b8dbd9a6a7e0hd.com/category/24558966-1.html,0.94649863
http://www.saloncinema-cinetwin.jp/anime-kamisamaninattahi-douga,0.94632304
http://asuka-shimizu.com/geinouneta/gotoudamasazumi,0.94620275
http://wiki.kfd.me/wiki/%E5%BA%9A%E5%AF%85,0.9454608
http://ja.uncyc.org/wiki/%E5%B2%A9%E6%89%8B%E7%9C%8C,0.9450695
http://tokoji.info/blog-entry-95.html,0.944928
http://kodomo-iroha.com/okayama/%E6%B5%85%E5%8F%A3%E5%B8%82,0.9447776
http://22sbcp.com/a/20210223/314745.html,0.94353443
http://ve76xk.345scp.com/a/20210223/247766.html,0.9432665
http://karada-campus.com/keisei-koiwa-seikotsu_23548,0.9428266
http://hananokotoba.com/asagao,0.94209176
http://hk.search.yahoo.com/mobile/s?_intl=hk&_lang=zh-hant-tw&_sep=fp&_tsrc=yahoo&ei=UTF-8&fl=0&p=%E6%9D%8E%E4%BA%9E%E7%94%B7&rd=r2&vs=zh.wikipedia.org&vst=0,0.94166064
http://ted-movie.jp/anime-project_scard,0.94155324
http://wiki.laic.workers.dev/wiki/%E4%B8%AD%E5%9B%BD%E4%B8%AD%E7%9F%B3%E5%99%A8%E6%96%87%E5%8C%96%E5%88%97%E8%A1%A8,0.94147885
http://7sfg0m.jry146.cn/a/20210223/457986.html,0.9411459
http://onibi.cocolog-nifty.com/alain_leroy_/2016/09/post-a9f2.html,0.9408035
http://www.magicwands.jp/goods/e1518,0.94045556
http://wiki.laic.workers.dev/wiki/%E9%9B%95%E7%89%88%E5%8D%B0%E5%88%B7,0.9402897
http://hk.search.yahoo.com/mobile/s?_intl=hk&_lang=zh-hant-tw&_sep=fp&_tsrc=yahoo&ei=UTF-8&fr2=ps_east&p=%E9%BB%8E%E7%A9%8E%E7%91%9C&vs=www.airbnb.co.nz&vst=0,0.9402263
http://hk.search.yahoo.com/mobile/s?_intl=hk&_lang=zh-hant-tw&_sep=fp&_tsrc=yahoo&age=1d&ei=UTF-8&fr2=16291&p=%E6%BB%BE%E7%9F%B3%E5%94%B1%E7%89%87&vs=baike.baidu.com&vst=0,0.94008976
http://ss3xyo.222scp.com/a/20210223/308145.html,0.9400789
http://hokutonomado.com?p=918,0.93988866
http://bswyht.138dp.com/a/20210223/388880.html,0.9386946
http://jvfzcw.257sun.com/a/20210223/1594.html,0.9383809
http://furigana.info/u/%E7%9B%B4%E6%9C%A8%E4%B8%89%E5%8D%81%E4%BA%94,0.9383287
http://lnsoft.net/bbs/index.php?nowpage=233&topage=122,0.9380051
http://huangsedianying.jkjx888.cn/a/20210223/275747.html,0.9369182
http://v5jt8a.99138sb.com/a/20210223/89812.html,0.93662375
http://www.kancolle.blog/entry/2017/05/02/212546,0.9355637
http://tw.search.yahoo.com/mobile/s?_intl=tw&_lang=zh-hant-tw&_sep=fp&_tsrc=yahoo&age=1w&ei=UTF-8&fl=0&fr2=rs-bottom%2Cp%3As%2Cv%3Aw%2Cm%3Aat-s&p=%E9%A6%99%E6%A0%BC%E9%87%8C%E6%8B%89%E5%8F%B0%E5%8D%97%E9%81%A0%E6%9D%B1%E5%9C%8B%E9%9A%9B%E5%A4%A7%E9%A3%AF%E5%BA%97&rd=r2&vs=tw.news.yahoo.com&vst=0,0.9353813
http://mayareki.biz/%E9%9F%B3%E9%80%9F%E3%81%AE%E8%B2%B4%E5%85%AC%E5%AD%90%E3%83%BB%E3%82%A2%E3%82%A4%E3%83%AB%E3%83%88%E3%83%B3%E3%82%BB%E3%83%8A%E3%81%AE%E8%AA%95%E7%94%9F%E6%97%A5%E5%8D%A0%E3%81%84%E3%81%A8%E4%BA%BA,0.9347888
http://www.galleriacolonna.it/ja/%E3%82%A4%E3%82%B6%E3%83%99%E3%83%83%E3%83%AC%E7%8E%8B%E5%A5%B3%E3%81%AE%E5%B1%85%E4%BD%8F%E5%8C%BA,0.93457437
http://qm5dml.106sun.com/a/20210223/8946.html,0.9342323
http://radonna.biz/blog/saifu,0.9335586
http://pht1cx.345sbcp.com/a/20210223/438353.html,0.9333745
http://dic.nicovideo.jp/a/%E6%B5%B7%E7%8E%8B%E3%81%BF%E3%81%A1%E3%82%8B?from=look_pcver&v=pc,0.9332822
http://33pjpj.com/a/20210223/440972.html,0.93269885
http://wakuwakuanime.com/archives/22608,0.9326373
http://opinion.udn.com/opinion/story/120941/4385258,0.93230665
http://blog.cnyes.com/My/3good/article2068230,0.9319888
http://okusurinavi.shop/detail.php?ad=tkaf200924015&pid=1,0.9315243
http://apcvlf.555msb.com/a/20210223/172030.html,0.9314889
http://txecvc.dmgmqhq.cn/a/20210223/313126.html,0.9314873
http://choutokuji.org,0.9312798
http://bddweq.666msb.com/a/20210223/28182.html,0.9309272
http://188pq.com,0.93047917
http://a9ynv1.gvb885.com/a/20210223/212980.html,0.93019354
http://tw.search.yahoo.com/mobile/s?age=1d&ei=UTF-8&fr2=ps_east&p=%E7%BE%8E%E5%9C%8B%E6%A8%82%E9%80%8F&vst=0,0.9296884
http://txecvc.dmgmqhq.cn/a/20210223/313185.html,0.9288683
http://ryomakaido.com,0.92873496
http://987gvb.com/a/20210223/22971.html,0.9287106
http://pq1ccs.wps555.com/a/20210223/164995.html,0.9277522
http://buzzpicks.jp/87780,0.92615277
http://wiki.10years.tw/%E5%A4%A7%E5%90%89%E7%9B%83:2017:%E7%B8%BD%E9%A0%81%E9%9D%A2,0.9259707
http://ch.nicovideo.jp/story_analysis/blomaga/ar364048,0.92584574
http://news.mluardy.cn/6gh/86429730.html,0.9253893
http://classic-blog.udn.com/mbr8879576/3769691,0.9247378
http://ebvl6a.33utf.com/a/20210224/498351.html,0.92389965
http://rimokongetao.hatenablog.com/entry/2020/05/02/091134,0.9231603
http://vvsmei.tc729.com/a/20210223/232952.html,0.92268527
http://ggkrko.wps777.com/a/20210223/360809.html,0.922369
http://www.trartsmission.org/%E6%8A%B1%E3%81%8D%E3%81%9F%E3%81%84%E3%82%AB%E3%83%B3%E3%82%B1%E3%82%A4.html,0.92236894
http://yell-blog.com/%E4%B8%8D%E7%94%A8%E5%93%81%E5%9B%9E%E5%8F%8E/%E9%9B%91%E5%93%81%E5%87%A6%E5%88%86%EF%BD%9E%E3%80%80%E4%BE%BF%E5%88%A9%E5%B1%8B%E6%9C%AD%E5%B9%8C%E9%9A%8A,0.9222986
http://forum.projanmo.com/post223894.html,0.92229164
http://hk.search.yahoo.com/mobile/s?_intl=hk&_lang=zh-hant-tw&_sep=fp&_tsrc=yahoo&age=1w&btf=w&ei=UTF-8&fr2=time&p=%E8%B2%A1%E5%A7%94%E6%9C%83,0.9219595
http://eplus.jp/sf/word/0000094649,0.921932
http://d4xvwm.587sc.com/a/20210223/111495.html,0.92170423
http://kirameku.jp/goeikankaga_toyama,0.9214612
http://www.ama-impulse.com/impulse,0.9212252
http://dlppq4.818gvb.com/a/20210223/463301.html,0.9212191
http://naka3-3dsuki.hatenablog.com/entry/2018/04/07/222000,0.91956854
http://nishidaeri.net/agraycrow.html,0.9195459
http://movieandtv.blog85.fc2.com/blog-entry-407.html,0.91900444
http://fnr4na.317sc.com/a/20210223/284634.html,0.91894543
http://e66lt4.wps567.com/a/20210223/379069.html,0.918342
http://furigana.info/u/%E5%86%85%E8%97%A4%E6%B9%96%E5%8D%97,0.9175449
http://pykjt4.33sbcp.com/a/20210223/60592.html,0.91675615
http://hk.search.yahoo.com/mobile/s?_intl=hk&_lang=zh-hant-tw&_sep=fp&_tsrc=yahoo&ei=UTF-8&fr2=rs-bottom%2Cp%3As%2Cv%3Aw%2Cm%3Aat-s&p=%E9%A6%AC%E5%8B%92%E7%95%B6%E6%8B%BF%E5%A5%B3%E5%85%92&vs=zh-hk.facebook.com&vst=0,0.9153855
http://6esczl.37vc.com/a/20210223/50203.html,0.9141457
http://445life.com/archives/15374,0.9130372
http://reviewburi.com/threads/%E0%B8%9E%E0%B8%A3%E0%B8%B0%E0%B8%A3%E0%B8%B2%E0%B8%8A%E0%B8%A7%E0%B8%B1%E0%B8%87%E0%B8%84%E0%B8%A2%E0%B9%87%E0%B8%AD%E0%B8%87%E0%B8%9A%E0%B8%81.304,0.9130018
http://reishi.icu/%E6%A1%9C%E8%B3%80%E5%92%8C%E6%84%9B%E7%BE%8E/%E3%80%90%E5%AE%88%E8%AD%B7%E9%9C%8A%E3%81%A8%E5%89%8D%E4%B8%96%E3%81%8B%E3%82%89%E3%81%AE%E7%B4%84%E6%9D%9F%E3%80%91%EF%BC%91%EF%BC%9A%E5%89%8D%E4%B8%96%E3%81%A8%E3%81%AF%EF%BC%9F,0.9127358
http://bp4.juljctdq.cn/a/20210223/297220.html,0.91255784
http://bbxclg.234wps.com/a/20210223/211398.html,0.9121101
http://uncyclopedia.miraheze.org/wiki/%E5%9F%83%E5%B0%94%E7%BB%B4%E6%96%AF%E2%80%A7%E6%99%AE%E9%9B%B7%E6%96%AF%E5%88%A9,0.9116745
http://filmarks.com/movies/56169/no_spoiler,0.9114375
http://swa41e.gvb183.com/a/20210223/223643.html,0.9114139
http://1rixwi.myunisource.cn/a/20210223/26820.html,0.9109696
http://829ss.com/a/20210223/346133.html,0.9103386
http://name-power.net/fn/%E5%B2%A9%E4%BA%95.html,0.91021454
http://zrhzam.789msb.com/a/20210223/67703.html,0.9086739
http://name-power.net/fn/%E8%BE%BB%E4%BA%95.html,0.90837455
http://dqname.jp/index.php?c=mi1557&md=view,0.9078624
http://spiritual7.hatenablog.com/entry/2020/10/12/%E4%BA%BA%E9%96%93%E9%96%A2%E4%BF%82%E3%81%AE%E3%82%A4%E3%83%A9%E3%82%A4%E3%83%A9%EF%BC%81%E8%81%B7%E5%A0%B4%E3%81%AA%E3%81%A9%E5%8E%9F%E5%9B%A0%E3%81%A8%E5%AF%BE%E7%AD%96,0.9069066
http://arkadiuszreikowski.com/8767788.html,0.9066726
http://w9qp6i.111wps.com/a/20210223/396793.html,0.90630674
http://xn--ok0b308agnfmrd.net/view/linkfind/ded0b085-a65f-4cc0-8663-6466bce80e92,0.9056746
http://ruspoodle.com/8552225.html,0.905022
http://abcnshogiblog.com/blog-entry-1365.html,0.90487534
http://isch.skhsslmc.edu.hk/system/menu.php?channel=campus&charset=big5&netroom_id=1&tool_id=11881,0.9047422
http://acysmq.33heico.cn/a/20210223/384062.html,0.9043516
http://dic.nicovideo.jp/a/%D0%94,0.903141
http://dic.nicovideo.jp/a/%E4%BA%94%E6%9C%88%E9%9B%A8%E6%81%8B%E6%AD%8C,0.90305924
http://travel.yam.com/Article.aspx?sn=105737,0.9030409
http://www.ixresearch.com/tag/%E8%B6%85%E5%95%86,0.9028344
http://567scp.com/a/20210223/147487.html,0.9018841
http://words.omuch.net/%8E%C4%93c%8B%B1%95%BA.html,0.9015949
http://zuckyzczc.com/akita-syottsuru-toukyou/297,0.9011278
http://dic.nicovideo.jp/a/%E6%98%A5%E5%90%8D%E3%83%92%E3%83%AD%E5%AD%90,0.9011066
http://qztenz.898sbcp.com/a/20210223/123969.html,0.90103745
http://kun6rm.jbs88jbs.com/a/20210223/316695.html,0.90082204
http://g84t0z.sbmsc99.com/a/20210223/109932.html,0.9001573
http://okazakikyoko.com/works/activity/personal,0.89947647
http://v4rk9v.789scp.com/a/20210223/326733.html,0.89943826
http://portalfield.com/news/net/1044106,0.89771855
http://smartliving.io/6644231.html,0.89692074
http://ajvn0v.856sunbet.com/a/20210223/258875.html,0.89685524
http://2nst3u.138ci.com/a/20210223/127978.html,0.8962314
http://punchline.asia/archives/32109,0.89619666
http://dic.nicovideo.jp/a/%E3%83%A6%E3%83%8E%E3%82%A2%E3%83%BB%E3%82%A2%E3%82%B9%E3%83%8E,0.89589
http://skyticket.jp/hawaii,0.89566696
http://atamanisutto.livedoor.biz/archives/51739858.html,0.8953898
http://lowch.com/archives/16851,0.89500225
http://gycd6l.518ri.com/a/20210223/371917.html,0.8948122
http://wpedia.goo.ne.jp/wiki/%E4%BA%95%E4%B8%8A%E5%AE%97%E9%9B%84,0.89473534
http://xydq01.66utf.com/a/20210223/275990.html,0.89412904
http://portalfield.com/news/culture/1022452,0.8938267
http://mnya.tw/yo/word/119.html,0.89363825
http://138pr.com/a/20210125/89299.html,0.89302695
http://fairgame.jp/anime/youth-and-school/2654,0.89296716
http://www.aozora.gr.jp/cards/000195/card46430.html,0.89291465
http://annict.jp/works/1696/episodes/4680,0.8922935
http://cal.syoboi.jp/tid/3077/subtitle,0.8921502
http://eplus.jp/sf/word/0000006692,0.89169586
http://9hn6yi.138sd.com/a/20210223/55893.html,0.89094806
http://ujbri9.222wps.com/a/20210223/417400.html,0.89040303
http://www.f10162.xyz/k.html?남자혼자대실=,0.8897793
http://vithyasagar.com/tag/charles,0.88949436
http://7tv7dorama7.blog.fc2.com/blog-entry-3213.html,0.88948977
http://www.sbhlighting.net?cat=3,0.88919747
http://cmeg.jp/w/castles/269,0.8879714
http://ffryzm.sb55sb.com/a/20210223/269206.html,0.88783294
http://dic.pixiv.net/a/%E3%82%A2%E3%83%B3%E3%83%8E%E3%82%A6%E3%83%B3,0.88772464
http://faye.tw/317,0.88757086
http://seesaawiki.jp/w/fuzokuwiki/d/%B0%A6%C9%EF,0.8875382
http://ffryzm.sb55sb.com/a/20210223/269153.html,0.887116
http://mdpr.jp/model/detail/6986,0.88683325
http://annict.jp/works/6596,0.8854592
http://saudianews.ru?p=11391,0.8854029
http://mayareki.biz/%EF%BD%9A%EF%BD%81%EF%BD%92%EF%BD%81%E3%83%BB%E3%82%AA%E3%83%AB%E3%83%86%E3%82%AC%E3%81%AE%E8%AA%95%E7%94%9F%E6%97%A5%E5%8D%A0%E3%81%84%E3%81%A8%E4%BA%BA%E7%94%9F%E9%91%91%E5%AE%9A,0.884964
http://sn-jp.com/archives/9501,0.8845703
http://bsfhhl.659ss.com/a/20210223/234255.html,0.8844689
http://www.allcinema.net/person/505811,0.8839258
http://dupyzy.1588caipiao.com/a/20210223/226968.html,0.8837004
http://bakuhou-geinou.net/archives/cat_113825.html,0.8825002
http://www.mdsh.tn.edu.tw/home/web/modules/tadnews/index.php?nsn=121,0.88221645
http://58sbcp.com/a/20210223/381888.html,0.88211817
http://dcg.ntbr.info/airs/search/tag/326,0.88100886
http://1636msc.com,0.8797919
http://hhkk.info/_routeview.php?RTE_ID=250&showdetail=,0.87972367
http://py61ai.678sbcp.com/a/20210223/463663.html,0.879514
http://webdirector.livedoor.biz/archives/52568310.html,0.87942034
http://aiplog.com/it/potepan-camp-employment,0.8784658
http://matome.yqzn.info/4334,0.8783188
http://haklak.com/page_yusuf_kalyango.html,0.87812287
http://funin.rash.jp/2014/04/oosugi_jinjya.html,0.87774265
http://www.allcinema.net/person/824694,0.87750614
http://aikru.com/archives/4046,0.87688893
http://gpimnp.107sunbet.com/a/20210223/256381.html,0.8763075
http://carbonatic.com/4183355.html,0.8761382
http://wizard-kyoryu.jp?p=14014,0.8759379
http://ero-sakaba.com?p=124147,0.87582344
http://kusanomido.com/study/history/japan/sengoku/41726,0.87530744
http://figureskating.tororinnao.info/player-men-ita-daniel-grassl,0.87506723
http://www.oopsweb.com/life/32386,0.87354517
http://sjinnr.tsb7.com/a/20210223/326045.html,0.873479
http://hidsse.547ss.com/a/20210223/198323.html,0.8732896
http://www.entaksis.gr/eterodidaskalies/nea-epoxi?start=40,0.87261456
http://m.newspicks.com/news/2819775,0.87210405
http://www.kobekobe.tv,0.8719988
http://oculus-oculus.com/2020/10/22/%E3%80%90%E8%88%AA%E7%A9%BA%E3%80%91%E3%80%8C%E3%82%B8%E3%83%A3%E3%83%B3%E3%83%9C%E3%80%8D%E7%94%9F%E7%94%A3%E7%B5%82%E4%BA%86%E3%80%80%E3%83%9C%E3%83%BC%E3%82%A4%E3%83%B3%E3%82%B0747-%E7%94%B0,0.8718823
http://eload24.com/2023175.html,0.87186277
http://mdpr.jp/model/detail/2893,0.8710163
http://www.allcinema.net/person/237359,0.87100625
http://www.secretchina.com/news/b5/2021/01/22/959962.html,0.8706758
http://www.upmedia.mg/news_info.php?SerialNo=3335,0.8703013
http://animenb.com/%E3%80%90%E9%80%B2%E6%92%83%E3%81%AE%E5%B7%A8%E4%BA%BA%E3%80%91%E3%83%8D%E3%82%BF%E3%83%90%E3%83%AC115%E8%A9%B1%E8%80%83%E5%AF%9F%EF%BC%81%E9%81%93%E3%81%AE%E5%B0%91%E5%A5%B3%E3%81%AF%E5%A7%8B-32768,0.8701196
http://asilomar-highered.info/6674390.html,0.8698745
http://vithyasagar.com/tag/friends,0.8677068
http://xn--y8jua2at4d.com/kyoumototaiganoshussindaigakuha,0.8675878
http://mikurishakanku.blog.fc2.com/blog-entry-247.html,0.8673472
http://ksdewll.asia/d.html?패키지 여행 가이드=,0.86672115
http://pr-park.com/today/8212,0.8662534
http://ruspoodle.com/2799336.html,0.8662245
http://eload24.com/9733682.html,0.8661483
http://promocaodiadobeijo.com.br/634741.html,0.8659377
http://twbsball.dils.tku.edu.tw/wiki/index.php?oldid=1230946&title=%25E9%2583%25AD%25E6%25B0%25B8%25E7%25B6%25AD,0.8657633
http://fukumenkei-noise.jp/shadowverse-anime,0.86574805
http://bio360.kun.ac.cn/index/detail?latin=Salacia+majumdarii,0.8656424
http://busanlottedfs.com/8386337.html,0.8656076
http://bio360.kun.ac.cn/index/detail?latin=Swartzia+anomala,0.8655057
http://jprofile.org/2015/03/post-b1ef.html,0.8653447
http://www.law.cmu.ac.th/site/aboutus/history,0.86516094
http://jjwcco.987scp.com/a/20210223/152031.html,0.8649964
http://bio360.kun.ac.cn/index/detail?latin=Eucalyptus+glaucina,0.86476046
http://bio360.kun.ac.cn/index/detail?latin=Artemisia+vulgaris,0.8647465
http://rekishiru.site/archives/12257,0.8646936
http://quizx.net/quiz-7,0.8644152
http://rennai-meigen.com/hananira-hanakotoba,0.8642762
http://haklak.com/page_Milena_Penkowa.html,0.8641088
http://bio360.kun.ac.cn/index/detail?latin=Byttneria+sambiranensis,0.86386836
http://wiki.m.xileso.top/baike-2019%E5%86%A0%E7%8B%80%E7%97%85%E6%AF%92%E7%97%85%E7%96%AB%E6%83%85%E6%99%82%E9%96%93%E8%BB%B8,0.8636943
http://bio360.kun.ac.cn/index/detail?latin=Sinapis+alba,0.863474
http://www.horie-daisuki.com/d27006401012080000000001,0.86313176
http://smartliving.io/5522852.html,0.8629093
http://www.kmwdgsym.asia/d.html?y=,0.86266303
http://c6nrvg.517ri.com/a/20210223/427707.html,0.8625617
http://www.amnauichok.com/productdetail.asp?pid=12540,0.86193305
http://bio360.kun.ac.cn/index/detail?id=5953c60e44aa2436cf0d7b9c,0.8614013
http://ottawa-festivals.com/3431431.html,0.8584348
http://cn.cakedeliver.com/Fondant_3D_Spongebob_Pirate_Party,0.8584161
http://lgsghj.55pjpj.com/a/20210223/4532.html,0.8579387
http://phraseworld.com/6531206.html,0.8574653
http://crown-macau.com/2249507.html,0.85674167
http://zzup8x.ksb4.com/a/20210223/76326.html,0.8564314
http://is7cu3.138rg.com/a/20210223/169200.html,0.856085
http://health.xalncvs.com/04e/454586754.html,0.85542655
http://mikurishakanku.blog.fc2.com/blog-entry-240.html,0.85440016
http://cn.secretchina.com/news/b5/2021/02/08/961815.html,0.8540818
http://buzzpicks.jp/87215,0.8538704
http://rbocdg.163gvb.com/a/20210223/427229.html,0.8534707
http://www.shinrabanshow.com/1253.html,0.8511317
http://www.gifts4jewish.co.il/%D7%9B%D7%99%D7%A4%D7%94-%D7%9E%D7%9E%D7%A9%D7%99-%D7%99%D7%A8%D7%95%D7%A7-%D7%99%D7%90%D7%99%D7%A8-%D7%A2%D7%9E%D7%A0%D7%95%D7%90%D7%9C,0.8491218
http://cp6ltr.juljctdq.cn/a/20210224/481271.html,0.848961
http://b3sejn.138nd.com/a/20210223/13122.html,0.84852934
http://yuruiki.site/higashide-masahiro-actress,0.848261
http://newspicks.com/news/4960203?block=side-news-similar,0.8480005
http://www.ecosunte.com/publics/index/20/detail=1/b_id=448/r_id=192,0.84786606
http://comsharp.com/Login.aspx?ActivePageMenuName=blog/it-news&Culture=zh-tw&PageMode=UI&RedirectBack=/GetKnowledge.aspx?Culture%3Dzh-TW%26ActivePageMenuName%3Dblog%252Fit-news%26TimeTagYear%3D2013%26TimeTagMonth%3D2,0.8476959
http://cafesci-portal.seesaa.net/article/472091666.html,0.84710455
http://sekapro.net/2017/06/13/%E3%83%97%E3%83%AD%E3%83%AC%E3%82%B9%E5%85%A5%E5%A0%B4%E3%83%86%E3%83%BC%E3%83%9E%E6%9B%B2-%E3%83%97%E3%83%AD%E3%83%AC%E3%82%B9%E7%9A%84%E9%9F%B3%E6%A5%BD%E5%BE%92%E7%84%B6%E8%8D%89-the-another-side,0.8467543
http://www.periergos.gr/erotiseis/ti-einai-i-anarxia,0.84512997
http://dianxiaoeryu.com/%E9%81%8A-%E7%B5%B2%E8%B7%AF-%E9%9D%92%E6%B5%B7%E6%95%A6%E7%85%8C%E7%92%B0%E7%B7%9A11%E5%A4%A9-day09-%E5%BC%B5%E6%8E%96%E5%A4%A7%E4%BD%9B%E5%AF%BA%E3%80%81%E9%A6%AC%E8%B9%84%E5%AF%BA,0.84437853
http://news-xmnn-cn.68mcp.com/xmnn/2021/02/23/100853191.shtml,0.84434247
http://www.thenewslens.com/tag/%E5%B0%8F%E6%98%8E%E6%98%9F%E5%A4%A7%E8%B7%9F%E7%8F%AD/hot/month,0.84280354
http://ng66wr.18pjpj.com/a/20210223/489875.html,0.8423195
http://dharma01blog.com/2019/02/28/%E8%A6%96%E9%A0%BB%E7%AC%AC%E4%B8%89%E4%B8%96%E5%A4%9A%E6%9D%B0%E7%BE%8C%E4%BD%9B%E8%AA%AA%E3%80%8A%E4%B8%96%E6%B3%95%E5%93%B2%E8%A8%80%E3%80%8B%E4%B8%89,0.841702
http://ng66wr.18pjpj.com/a/20210223/490172.html,0.8408495
http://hoshigenchan.net/narumi-okamura,0.8408091
http://vietnamlink.net/info/dieuhoamidea.info,0.8380799
http://xsb988.com/a/20210223/346523.html,0.8377446
http://wiki.happymail.co.jp/wiki/%E6%98%8E%E6%B2%BB%E5%AE%89%E7%94%B0%E7%94%9F%E5%91%BD%E4%BF%9D%E9%99%BA,0.8359821
http://hayaron.kyukyodo.work/syokai/kenmon/341.html,0.83555216
http://fotoguide.jp/2010/01/21/%E3%83%A1%E3%82%B8%E3%83%AD,0.8347739
http://www.chobirich.com/vod/anime-kenshin-shinkyoto-douga,0.8345082
http://www.carltoncycles.com/latest-news/zweisystem/translinks-subway-fiscal-time-bomb-a-repost-from-2013,0.8343268
http://fnr4na.317sc.com/a/20210223/284779.html,0.8334273
http://baike.hk.xileso.top/baike-1947%E5%B9%B4,0.8310511
http://sbmsc44.com/a/20210122/44095.html,0.8300694
http://2gkzie.385sc.com/a/20210223/410887.html,0.82899714
http://revolttv.com/8515570.html,0.82851934
http://newsee-media.com/model-ranking,0.82781076
http://z6alhu.nsb77nsb.com/a/20210223/138272.html,0.8274503
http://taplai.com/dia-chi-hoc-lai-xe-o-to-o-bien-hoa-uy-tin-ty-le-dau-toi-90.html,0.82527816
http://jewiki.org.il/w/%D7%9E%D7%9B%D7%9C%D7%9C%D7%AA_%D7%95%D7%99%D7%A0%D7%92%D7%99%D7%99%D7%98,0.82452327
http://buzzap.jp/news/20200626-fortuna-861,0.8241229
http://mikurishakanku.blog.fc2.com/blog-date-20140607.html,0.82103276
http://ajvn0v.856sunbet.com/a/20210223/258730.html,0.82091355
http://r3.quicca.com/~postal/detail.php?code=24004,0.8192481
http://mikyab.net/%D7%A9%D7%95%D7%AA/%D7%94%D7%A4%D7%99%D7%9C%D7%95%D7%A1%D7%95%D7%A4%D7%99%D7%9D-%D7%94%D7%99%D7%95%D7%95%D7%A0%D7%99%D7%99%D7%9D,0.8186993
http://eigakatsudou.com/archives/taro_no_baka.html,0.81806123
http://shikimori.org/characters/7583-toshio-ozaki,0.81653374
http://www.olympia.gr/956413/ellada/alexandros-othonaios-o-kapetan-palmid,0.8154794
http://ja.uncyc.org/wiki/%E3%82%AB%E3%83%86%E3%82%B4%E3%83%AA:1515%E5%B9%B4%E7%94%9F,0.8144939
http://tripoo-net.com/motorcycle/100cc/hokubei/64,0.8143426
http://hspty2.sprachcaffe-nice.com/a/20210223/88563.html,0.8134097
http://www.keibafan.net/2008/03/15/%E3%83%95%E3%82%A1%E3%83%AB%E3%82%B3%E3%83%B3s%E3%80%80%E3%80%8A%E9%87%8D%E8%B3%9E%E3%83%AC%E3%83%BC%E3%82%B9%E5%9B%9E%E9%A1%A7%E3%81%A8%E9%A6%AC%E5%88%B8%E7%B5%90%E6%9E%9C%E3%80%8B,0.8099914
http://animeng.blog5.fc2.com/blog-date-201108.html,0.8069342
http://briian.com/179?replytocom=50438,0.8064987
http://7tv7dorama7.blog.fc2.com/blog-entry-3463.html,0.80571395
http://previous.mindia.jp/book/nishiko/keyword/Yahoo!,0.804689
http://outlaw.doorblog.jp/archives/cat_%E3%82%A2%E3%82%A6%E3%83%88%E3%83%AD%E3%83%BC.html,0.8030349
http://xp9jjr.5esb.com/a/20210223/469660.html,0.80296695
http://comsharp.com/cms/zh-cn/clients/taifeng.aspx,0.802685
http://callnov.icu/archives/70971,0.8016095
http://carbonatic.com/6507299.html,0.8014116
http://every-weblife.com/2017/01/26/post-102,0.8003783
http://www.prototypia.gr/2021/01/blog-post_76.html,0.8002458
http://www.mgm99one.com/xoslot,0.7999004
http://cinema.gamefa.com/17218/%D8%A7%D9%88%D9%84%DB%8C%D9%86-%D8%AA%D8%B1%DB%8C%D9%84%D8%B1-%D9%81%DB%8C%D9%84%D9%85-the-emoji-movie-%D9%85%D9%86%D8%AA%D8%B4%D8%B1-%D8%B4%D8%AF,0.7983892
http://machindevil.com/%E3%83%A9%E3%82%B3%E3%82%B9%E3%83%86lacoste%E3%81%A8%E3%82%AF%E3%83%AD%E3%82%B3%E3%83%80%E3%82%A4%E3%83%ABcrocodile%E3%81%A8%E3%81%AE%E9%81%95%E3%81%84%E3%80%82,0.79731166
http://xifx41.8889caipiao.com/a/20210223/414456.html,0.79702383
http://eload24.com/6662908.html,0.79455376
http://www.mrtffwsr.asia/4.html?부경샵=,0.79407126
http://docungtamlinh.com.vn/cung/dat-xoi-che-cung-day-thang,0.7940232
http://www.zi.media/tag/%E7%9A%AE%E8%86%9A,0.79362625
http://ikikatadatabase.com/archives/5426,0.79179275
http://asilomar-highered.info/5601011.html,0.78815573
http://anifesdb.net/songs/%E7%9E%B3%E3%81%AE%E4%B8%AD%E3%81%AE%E8%BF%B7%E5%AE%AE,0.78544366
http://wpoet.ru/%D0%BB%D0%B8%D0%BD%D0%B3%D0%B2%D0%B8%D1%81%D1%82%D0%B8%D0%BA%D0%B0/%D0%BF%D0%B0%D0%BD%D0%B4%D0%B6%D0%B0%D0%B1%D1%81%D0%BA%D0%B8%D0%B9-%D1%8F%D0%B7%D1%8B%D0%BA.html,0.7848853
http://www.xenotypetech.com/niigata18/nagaokan.html,0.7834546
http://yehudajjadler.com/podcast/%D7%A4%D7%A8%D7%A7-38-%D7%A2%D7%9C-%D7%9B%D7%95%D7%A1-%D7%A7%D7%A4%D7%94-%D7%A2%D7%9D-%D7%90%D7%94%D7%A8%D7%9F-%D7%96%D7%99%D7%9C%D7%91%D7%A8,0.7833821
http://gachxaykhongnung.net/dmsp1/104/tham-cao-su.html,0.7821297
http://gachcu.com/dmsp1/83/gach-tau-lot-nen.html,0.77910686
http://www.zquotes.net/mmqycywlmm/ytcywcjw72.htm,0.77813137
http://xsb988.com,0.7776735
http://japhub.com/ysearch?s=%E9%9B%BB%E8%85%A6%E7%B3%BB%E7%B5%B1,0.7771468
http://www.ashitatsu.com/column/sojiro/%E5%AE%97%E6%AC%A1%E9%83%8E%E3%82%A2%E3%83%AB%E3%83%90%E3%83%A0-%E6%9C%A8%E9%81%93%E3%83%AC%E3%83%93%E3%83%A5%E3%83%BC,0.7729994
http://www.dacsanngon.co/rong-mo-ly-son,0.7729704
http://historystyle.work/archives/1401,0.76928765
http://dic.nicovideo.jp/b/a/2000%E5%86%86/31-?from=look_pcver&v=pc,0.76297665
http://686w9u.666sbcp.com/a/20210223/246751.html,0.76276517
http://osanaiks.net/korean-family-first-sup,0.75990903
http://www.azg.am/AM/2020031309,0.75937235
http://zbcxhm.234msb.com/a/20210223/86474.html,0.7591332
http://southerncomfortstudios.com/4936284.html,0.7579408
http://kayas.jp/archives/2009-03.html,0.7578802
http://49s2ko.caipiao5175.com/a/20210223/220501.html,0.75687623
http://hoctoantap.com/2021/01/19/ket-qua-thi-hoc-sinh-gioi-thpt-quoc-gia-2021-dai-hoc-su-pham-ha-noi.html,0.75480866
http://niccorin.com/archives/57300156.html,0.7544124
http://idolland.info/tag/%E6%9D%BE%E7%94%B0%E8%81%96%E5%AD%90,0.7417853
http://bangladeshmuseum.gov.bd/site/page/78076174-c421-4219-be84-f6e979e65f72/-,0.7408162
http://venusrikanth.blogspot.com/2019/01,0.73884267
http://ldld.daklak.gov.vn/web/guest/dai-hoi-ix-cd-tinh-nk-2013-2018/-/asset_publisher/Xo1l3YXcWbKE/content/lien-%C4%91oan-lao-%C4%91ong-thanh-pho-buon-ma-thuot-tang-188-suat-qua-tet-cho-nguoi-lao-%C4%91ong-trong-chuong-trinh-%E2%80%9Ctet-sum-vay%E2%80%9D-nam-2020,0.73024464
http://blog.mukto-mona.com/2010/10/24/11244?replytocom=36834,0.728389
http://masternews.am/2021/02/09,0.7271743
http://www.net-frx.com/2021/02/b.html,0.7261806
http://swadesamithiran.com/%E0%AE%A8%E0%AF%86%E0%AE%B2%E0%AF%8D%E0%AE%9A%E0%AE%A9%E0%AF%8D-%E0%AE%AE%E0%AE%A3%E0%AF%8D%E0%AE%9F%E0%AF%87%E0%AE%B2%E0%AE%BE-%E0%AE%AA%E0%AE%BF%E0%AE%B1%E0%AE%A8%E0%AF%8D%E0%AE%A4-%E0%AE%A8,0.7195165
http://hk.search.yahoo.com/mobile/s?_intl=hk&_lang=zh-hant-tw&_sep=fp&_tsrc=yahoo&age=1d&d=%7B%22dn%22%3A%22yk%22%2C%22ykid%22%3A%2269a710a0-5a7d-44e5-ad77-1d880be4855b%22%2C%22sourceId%22%3A%2225769591-e2d9-484d-ba89-547facaf4d7f%22%2C%22targetLabel%22%3A%22Jeremy+Leung%22%7D&ei=UTF-8&p=Jeremy+Leung,0.70098674
http://62gym-athin.att.sch.gr/index.php/%CE%B3%CE%BF%CE%BD%CE%B5%CE%B9%CF%82-%CE%BA%CE%B7%CE%B4%CE%B5%CE%BC%CE%BF%CE%BD%CE%B5%CF%82/parentdays/251-ilektronikes-eggrafes-sto-lykeio-2020,0.69838005
http://aniotadouga.sakura.ne.jp/bang-dream,0.6978489
http://adarshacollegedinajpur.edu.bd/page/GHFGFH,0.6957519
http://xn--82cxq1ixc.net/index.php?action=credits,0.68697894
http://code-v.net/%E5%A4%A7%E9%98%AA%E5%BA%9C,0.6418823
