url,centroid_sim
http://www.farmarik.cz/c/pro-vyrobce/vyroba-liker-a-destilatu/domaci-destilace-jednotky/prislusenstvi,0.8844491
http://www.drahstyl.cz/p/1206/saty-karmina-podzimni,0.87742496
http://www.umelestromy.sk/cz/c/mechove-obrazy/mechove-obrazy-s-epoxidem,0.8762511
http://www.domacepotreby-marcinek.sk/zahrada-a-grilovanie/ohrady-travnika,0.8748741
http://www.prodejcaje.cz/p/603/bylinny-caj-s-bergamotem,0.87486386
http://www.profiobkladac.sk/c/rezacky-na-polystyren,0.8747135
http://www.nebex.sk/p/297/prenosna-nabijacka-starter-helvi-autostar-500,0.8718557
http://www.hadice-prumyslove.cz/p/3676/objimka-stahovaci-prumer-600-mm,0.86898
http://www.velofiala.cz/c/elektrokola/elektrokola/horska/s-pohonem-bosch,0.8642721
http://www.nailclub.cz/p/750/essie-lak-luscious-lips-135-ml,0.86381805
http://www.pontustextil.cz/p/23436/navrharska-halenka-s-krajkou-ashley-brooke,0.8624908
http://www.pontustextil.cz/p/26200/luxusni-bavlneny-zupan-arabela-modry,0.8590129
http://www.technicorp.cz/o-nas/vraceni-a-reklamace-zbozi,0.8520857
http://www.jandeb.sk/c/hydina/prislusenstvo-pre-hydinu/inkubatory,0.85208565
http://www.efotopasti.eu/c/prislusenstvi/externi-napajeni-fotopasti,0.8517022
http://www.agrocentrum.sk/p/1101/bulgar,0.85096794
http://www.doppler.sk/kontakt/obchodne-podmienky,0.85061604
http://www.atom-safe.cz/c/ezs-eps/detektory-perimetru/venkovni-pir,0.8500799
http://www.mnampromazlicky.cz/c/domov/pelisky/pelisky,0.8490962
http://www.ikabelky.sk/p/8774/cervena-spolocenska-kabelka-lima,0.84869885
http://onzetaalwebwinkel.nl/cookies,0.8431033
http://www.nebex.sk/c/naradie/vzduchove-naradie/skrutkovace,0.84294784
http://www.proaudio.sk/c/studio/mixpulty-studiove-konzoly-sumacne-pulty/analogove,0.8425164
http://www.farmarik.pl/c/dla-producentow/korki-zatyczki/korki-plastikowe,0.8409427
http://www.kammel.sk/p/4236/pierka-ruzovo-zelene,0.84032387
http://www.bytovytextil.com/c/posteradla,0.8402443
http://www.svadobneobrucky.sk/p/4416/keramicky-prsten-th030gcbb,0.8365079
http://www.briv.cz/p/5397/chuwi-mijabook-mijbook256g,0.8351645
http://www.maxxlbrno.cz/p/733/tunika-halenka-nadmerne-velikosti-puntik,0.83424616
http://www.agrocentrum.sk/p/1193/vivaldi-cca-1-2kg,0.83399564
http://www.safetex-shop.cz/p/2478/lanova-ocnice-provedeni-nerez-3mm,0.8312821
http://www.safetex-shop.cz/c/zelezarstvi/nerezovy-program/lanova-ocnice-provedeni-nerez,0.83088166
http://www.gresik.sk/c/bylinne-caje-devaet-bylin,0.8260685
http://www.navratkuzdraviu.sk/n/comments/46,0.82314867
http://www.sportstore.sk/p/2099/panske-tricko-salomon-cotton-logo-ss-tee,0.8231008
http://www.eshop-zeda.eu/p/220/kucharska-ciapka-bandana,0.82205176
http://www.kavovary-doplnky.cz/n/comments/73,0.8207133
http://www.podlahyalfa.cz/c/stavebni-chemie/thomsit-lepidla-na-drevene-podlahy,0.82002425
http://www.farmarik.sk/pre-vyrobcov/vyroba-piva/pivovarnicke-zariadenia/profesionalne-pivovarnicke-kanvice,0.8185196
http://www.proaudio.sk/c/vyrobcovia/eurolite,0.81756186
http://www.erlesene-kartoffeln.de/sizilien,0.8164475
http://www.internetovestavebniny.sk/p/11701/tanierova-prichytka-110mm,0.81609285
http://www.hypernakup.com/p/20642/potravinova-skrinka-bielabiela-extra-vysoky-lesk-lava-aurora-d60r,0.8155781
http://www.alpha-buch.de/buecher.html?product_groups=56137ca2c287cce05b8b45aa,0.8150927
http://www.bytovytextil.com/p/17708/black-out-zavesy-3d-nebo-voalove-zaclony-3d-motiv-7571-foukane-tulipany,0.8140212
http://www.liliana.sk/p/78708/tanga-kinga-turquise-s-3341,0.81233114
http://www.welena.cz/p/4086/in-rx233-boty-inov-8-road-x233-svetle-seda,0.811159
http://www.masinka-tomas.cz/c/masinka-adventures-masinka-tomas,0.8106741
http://www.hypernakup.com/p/5886/cvicebna-korekcna-pomocka-opasok-na-korekciu-hallux-valgus-vyboceny-palec-na-nohe-predaj,0.80886126
http://www.navratkuzdraviu.sk/n/comments/133,0.80853885
http://www.doppler.sk/n/comments/43,0.8081449
http://www.garstoni.cz/realizace/realizovane-projekty1,0.8080125
http://www.detskahracka.sk/c/hracky-pre-deti/garaze-sady-drahy-a-doplnky,0.8073747
http://www.na3d.sk/p/2581/fan-extender,0.80583674
http://www.kolazwebu.cz/p/862/pedaly-shimano-mtb-spd-pdm520l-cerne-se-zarazkou,0.8051108
http://www.veloportal.sk/p/782/schwalbe-plast-land-cruiser-700x35c-37-622-50tpi-710g,0.80364686
http://www.slovakiabike.sk/c/komponenty-na-bicykle/plaste/26-mtb-190-220,0.8018899
http://www.windelmanufaktur.com/de/stoffwindeln/kostenvergleich-stoffwindeln-wegwerfwindeln,0.79848945
http://www.mnampromazlicky.cz/p/1501/aptus-attapectin-30tbl,0.79835117
http://www.domaci-sunkovar.cz/test,0.7948909
http://www.umelecke-potreby.sk/p/706/maimeri-polycolor-slonia-kost-20-ml,0.7947166
http://www.biet.cz/p/63925/profesionalni-odvlhcovac-vzduchu-woods-wcd2-pro,0.79452527
http://www.na3d.cz/p/2605/kaptonova-paska,0.7937283
http://www.alpha-buch.de/contributor/view/products/id/5613a191c287ccc46a8b4815?mode=list&price=10%2C&product_class=Buch&product_groups=56137ca6c287cce05b8b46e8,0.79257125
http://www.koikapor.sk/c/filtre/potreby-pre-stavbu-jazierka/priehladne-potrubie,0.7906972
http://eshop.lepatio.cz/p/6430/bois-copaiba-sada-100-esteban,0.79064965
http://www.agrocentrum.sk/p/180/zeva-3,0.7895652
http://www.kammel.sk/c/bavlny/vzory/kvety,0.7865176
http://www.rivalbike.sk/p/1271/kellys-estima-50-white-2020,0.78552413
http://www.paxi.sk/p/680/stojanovy-ventilator-lucci-air-breeze-tripod-fan-213118eu-16-cierny,0.7848848
http://www.trendyeshop.sk/p/30453/kombinovana-kosela-so-sakom-middle-bielo-modra-l227,0.7844239
http://www.techtube.cz/c/zahrada-a-hobby/vysokotlakove-cistice/motorove,0.78417164
http://frescoydelmar.com/blog/tag/bonito-del-norte,0.78386855
http://www.slovit.sk/servis/mobil/samsung/samsung-galaxy-a5-2017,0.78272575
http://www.worldofinsulators.com/ru/p/199/30-nf-630,0.77876085
http://www.dvere-parkety.sk/p/381/merbau-3l,0.7778038
http://www.koikapor.sk/p/2961/virivka-aurora-1,0.7775922
http://www.mooria.de/p/5712/leine-deutschland,0.77369463
http://www.cervejaartesanal.com.br/gin-artesanal?tamanho=178,0.77143407
http://www.janbim.cz/k-precteni/drobne-moudrosti/o-svobode,0.770633
http://repositorioacademico.upc.edu.pe/recent-submissions,0.7690841
http://www.konzoly-store.sk/p/5993/ps3-army-of-two-the-40th-day,0.7688128
http://aqualand43.ru/oborudovanie/uncategorized/mufta-razbornaya-perehodnaya-vr-effast-d75x2-1-2-rgrbog075h,0.76867205
http://www.polovnictvoterem.sk/c/dalekohlady/znacky/bresser-dalekohlady/bresser-corvette,0.76861584
http://www.rabir.sk/p/368/vibracna-doska-lumag-rp130hpc,0.7677203
http://quebec-canadian-province.net,0.76559293
http://www.na3d.pl/p/2420/mk7-kolo-zebate-rss,0.7638333
http://www.erlesene-kartoffeln.de/wales,0.7577716
http://www.krby-tuma.cz/p/2774/emma-12-kw-la-nordica-extraflame-tal,0.75734043
http://philosophyar.net/dinani/understanding-quran-in-iran,0.7566481
http://www.marlock.cz/p/10/otevirani-zamcenych-dveri-bytu-havirov,0.7557144
http://profigroup-ural.ru/production/vorota-i-rollery/roll-systems/rolvorota,0.7522299
http://www.wolcat.sk/p/1602/jednofazova-elektrocentrala-europower-ep-4100-avr,0.75157106
http://www.hypernakup.com/p/14609/fototapeta-ftnv-2899-ship-at-sea-lod-na-mori-vliesova-90x202-cm-1-dielna,0.75147235
http://www.na3d.pl/p/3516/gembird-abs-zielone-fluorescencyjne-175-mm-1-kg,0.74988455
http://www.agenpolthrus.com/efek-negatif-polthrus-murah-suplemen-kejantanan-khusus-pria-perkasa-di-tanjung-duren-utara-kec-grogol-petamburan-jakarta-barat,0.74960065
http://www.byznysweb.cz/engine/domain-deactivated?dedomain=a1-karavany.byznysweb.cz,0.7488908
http://www.byznysweb.cz/engine/domain-deactivated?dedomain=4clients.byznysweb.cz,0.7488908
http://www.mostpools.sk/p/1282/dvere-do-parnej-sauny-790-x1990-mm-bronzove-sklo,0.7470603
http://www.avast.com/de-de/consent-policy,0.7468777
http://tancanghiepphuoc.com.vn/Pages/sitemap.aspx,0.7447052
http://takkom.ru/%D0%BA%D0%B0%D1%82%D0%B5%D0%B3%D0%BE%D1%80%D0%B8%D1%8F-%D0%BA%D0%B0%D1%82%D0%B0%D0%BB%D0%BE%D0%B3%D0%B0/%D0%B3%D1%80%D1%83%D0%B7%D0%BE%D0%BF%D0%BE%D0%B4%D1%8A%D0%B5%D0%BC%D0%BD%D0%BE%D0%B5-%D0%BE%D0%B1%D0%BE%D1%80%D1%83%D0%B4%D0%BE%D0%B2%D0%B0%D0%BD%D0%B8%D0%B5/%D0%BB%D0%B5%D0%B1%D0%B5%D0%B4%D0%BA%D0%B8/%D0%BB%D0%B5%D0%B1%D0%B5%D0%B4%D0%BA%D0%B8-%D1%80%D1%83%D1%87%D0%BD%D1%8B%D0%B5-%D0%B1%D0%B0%D1%80%D0%B0%D0%B1%D0%B0%D0%BD%D0%BD%D1%8B%D0%B5/%D0%BB%D0%B5%D0%B1%D0%B5%D0%B4%D0%BA%D0%B8-%D1%80%D1%83%D1%87%D0%BD%D1%8B%D0%B5-%D0%B1%D0%B0%D1%80%D0%B0%D0%B1%D0%B0%D0%BD%D0%BD%D1%8B%D0%B5-%D0%BC%D0%BE%D0%B4%D0%B5%D0%BB-8,0.74363434
http://www.inlibroveritas.net/oeuvres/31235/poeme-7,0.74330723
http://www.dverezborovice.cz/p/349/stitkove-kovani-budva-nikl-saten-kl,0.74082047
http://inlibroveritas.net/forum/sujet/397?page=1,0.74047756
http://www.na3d.pl/p/4056/flexfill-drukowac-ciag-98a-tpu-175-mm-vertigo-szarej-05-kg-fillamentum,0.7403253
http://anime-kaihan.com/2019/ex-arm.html,0.7387111
http://www.smartmen.cz/p/1473/pansky-slim-fit-kucharsky-rondon-s-kontrastem-trapani-cg-workwear,0.7364141
http://www.kompresory-servis.sk/produkty/vyvevy/vakuum-vyroba-vakuua-vyveva-cena-kompresor-predaj-opravy-vyveva-duchadla-duchadlo/edwards-vakuum/male-suchobezne-vyvevy/suchobezne-viacstupnove-rootsove-vyvevy-nxli,0.7360071
http://www.traker.ru/shop/%D1%80%D0%B0%D0%B7%D0%BD%D0%BE%D0%B5/%D0%B0%D0%B2%D1%82%D0%BE-%D1%81%D0%B5%D0%BB%D1%8C%D1%85%D0%BE%D0%B7%D1%88%D0%B8%D0%BD%D1%8B-%D0%BA%D0%B0%D0%BC%D0%B5%D1%80%D1%8B/%D0%B0%D0%B2%D1%82%D0%BE%D1%80%D0%B5%D0%B7%D0%B8%D0%BD%D0%B0-9-00r20-%D0%B8%D0%BD-142-%D0%B1%D0%BC-260508-%D0%BD%D0%BA,0.73599863
http://www.na3d.sk/p/2782/abs-extrafill-luminous-orange-285mm-750g-fillamentum,0.7340036
http://repositorioacademico.upc.edu.pe/handle/10757/621301/browse?etal=-1&order=ASC&rpp=20&sort_by=-1&starts_with=V&type=subject&view=list,0.73371536
http://www.citations-antiques.com/citations/celui-ajoute-quil-possede-evitera-noire-famine-927,0.73291
http://www.gaira.pl/p/1331/pudelko-na-zegarki-gaira-22350-12-15,0.7324475
http://www.belora.cz/p/6683/hysoki-hreben-na-vlasy-kratky-obly,0.73133266
http://www.gaira.pl/p/1355/gaira-malowanie-po-numerach-kot-m992012,0.73111093
http://sportsman24.com/mens/mens-footwear/mens-sandals-flip-flops/mens-slides,0.7306589
http://pribluda63.ru/analnyy-falloimitator-mini-shiny-shank-opal-5-dong-flesh---127-sm,0.7304111
http://www.citations-antiques.com/citations/danger-vient-plus-lorsquon-meprise-2878,0.72890496
http://royalbrinkman.nl/kennisbank-service-artikelen/gehoorbescherming,0.71884364
http://www.chemie.de/lexikon/Pourbaix-Diagramm.html,0.71851265
http://www.yorkshirechildren.co.uk?eo_month=2021-01,0.7172049
http://omsk.rgservis.ru/product-category/%D1%88%D0%B8%D0%BD%D0%BE%D0%BC%D0%BE%D0%BD%D1%82%D0%B0%D0%B6%D0%BD%D0%BE%D0%B5_%D0%BE%D0%B1%D0%BE%D1%80%D1%83%D0%B4%D0%BE%D0%B2%D0%B0%D0%BD%D0%B8%D0%B5_%D0%B2_%D1%82%D1%83%D0%BB%D0%B5/%D1%88%D0%B8%D0%BD%D0%BE%D0%BC%D0%BE%D0%BD%D1%82%D0%B0%D0%B6%D0%BD%D1%8B%D0%B5_%D1%81%D1%82%D0%B0%D0%BD%D0%BA%D0%B8_%D0%B2_%D1%82%D1%83%D0%BB%D0%B5,0.71687865
http://support.mozilla.org/de/kb/cookies-und-website-daten-in-firefox-loschen?tid=321263331,0.7156959
http://support.mozilla.org/de/kb/cookies-und-website-daten-in-firefox-loschen?tid=121281597,0.7156959
http://www.aviacionargentina.net/user/karlcock01,0.71437776
http://www.lesswrong.com/users/valentine,0.713994
http://www.zmo.de/bibliothek,0.71181214
http://majormike.us/subjects/1775,0.7096226
http://www.evexpert.uk/c/product-selection-by-electric-car11/fiat/500e/charging-cables,0.70827216
http://forum.qt.io/topic/9107/solved-customizing-templates-for-source-header-files/19,0.7076424
http://philosophie.ac-creteil.fr?Search=3374&debut_evenements_agenda=10&industry=369271&search=achat+cialis+en+contre-remboursement,0.70389354
http://ellinoistorin.gr?cat=2540,0.6998887
http://library.upol.cz/arl-upol/en/bookmark?disprec=2&idx=upol_us_auth%2A0043663&iset=1,0.69693196
http://www.flexi-hoses.com/p/275/flexible-hose-pur-elastic-mb-dn-350-mm,0.6949157
http://pfam.xfam.org/family/PF00834,0.6948854
http://illvid.dk/fortiden/dinosaur/dinosaurernes-5-stoerste-makeovers,0.69273853
http://www.citations-antiques.com/morceaux-choisis/homere/odyssee-chant-3-vers-225-246,0.6918481
http://www.downlightsdirect.co.uk/led-strip-lights/led-strip-metre-kits.html?wattage=4w,0.6877123
http://bydik.com/tag/google,0.6841501
http://repositorioacademico.upc.edu.pe/handle/10757/621394/browse?type=dateissued&value=2016-03-31,0.68413043
http://www.citations-antiques.com/citations/fautes-commises-concupiscence-sont-plus-graves-celles-sont-colere-382,0.68185294
http://blog.deonandan.com/wordpress/2007/09/downloaders-ahoy.html?msg=fail&shared=email,0.6813805
http://wholespice.com/blog/tag/tangy-spice,0.6810714
http://www.tutikerekpar.hu/c/markak/ctm-2021/ctm-varosi-kerekparok-2021/ctm-varosi-kerekparok-28,0.6793359
http://wineboutique.dk/mommessini-moulin-a-vent-grand-cru-beaujolais,0.6771869
http://www.hortulus-uphoff.de/garten/Blumenzwiebeln-Zwiebelblumen/Tulpen-Blumenzwiebeln-Tulipa/Einfache-spaete-Tulpen/Blumenzwiebel-Tulipa--Roi-du-Midi----Einfache-spaete-Tulpe.html,0.6753316
http://community.parship.de/forum/thema/reaktanz.8829/page-10,0.6750206
http://lugons.org/Members/olujicz/vesti/rusija-najavila-svoj-linux?month:int=5&orig_query=&year:int=2019,0.67296994
http://www.lannak.cz/fotogalerie/masazni-studio-palmovka?bgPage856=60,0.67199576
http://show-biz.by/the-rolling-stones/gallery,0.67138565
http://www.zdravienadosah-tiande.sk/p-15371/zubna-kefka-pre-deti-prodental-junior-tiande-1-ks,0.6709534
http://www.mzv.cz/jnp/cz/encyklopedie_statu/asie/malajsie/kontaktni_cizi_urad/index.html,0.6696119
http://www.chemeurope.com/en/encyclopedia/Gel_electrophoresis.html,0.6690824
http://www.usherbrooke.ca/sciences/futurs-etudiants/1er-cycle/baccalaureat-en-physique/laboratoires,0.6688404
http://nomadlist.com/similar/minneapolis,0.66792023
http://music-store-download.com/paul-murtha-blurred-lines-electric-bass-320172,0.66778386
http://charchem.org/ru/subst-ref?id=2141&langs=%2A,0.6672119
http://www.chemeurope.com/en/encyclopedia/Positron.html,0.666612
http://ortopedianew.appspot.com/wiki/Dyskusja:Pascal_Siakam,0.66604495
http://klimaatinfo.nl/weer/verenigde-staten-van-amerika/wyoming/jackson/weersverwachting,0.6655602
http://www.lesswrong.com/posts/39DwkziFPGYv7g2Bd/a-sketch-of-answers-for-physicalists,0.66418767
http://qualitybotulinum.com/product/buy-juvederm-hydrate-online,0.66058
http://www.citations-antiques.com/citations/doit-cesser-chercher-verite-quon-lait-trouvee-serait-honteux-rebuter-dans-poursuite-quil-plus-excellent-monde-1429,0.66055167
http://ginger.tiffa.net/2016/03/1-407.html,0.6585976
http://www.evexpert.cz/c/vyber-produktu-podle-elektromobilu/hyundai/kona-electric-64-kwh/ac-wallboxes-charging-stations,0.6578531
http://www.verbling.com/ar/teachers/chloel,0.6551054
http://www.spotonentertainment.co.uk/andrey-spatar,0.6550766
http://forum.krstarica.com/threads/glagoli-u-ruskom-na-mja.320008,0.6550059
http://arl.psp.cz/arl-par/en/bookmark?disprec=1&disprec=3&idx=par_us_cat%2A0180916&idx=par_us_cat%2A0180916&iset=1,0.6545872
http://kis.cvt.stuba.sk/arl-stu/en/bookmark?disprec=5&idx=stu_us_cat%2A0019057&iset=1,0.6544746
http://www.chemeurope.com/en/encyclopedia/Ligand.html,0.6519847
http://www.iainclaridge.co.uk/blog/45549,0.6515014
http://www.waterbabiesbikini.com/custom-bikinis/under-399-crystal-bikinis/triple-threat-crystal-bikini.html,0.6503703
http://www.skritter.com/api/v0/docs,0.6476191
http://www.immuniweb.com/websec?id=olWtnF1u,0.6458881
http://www.immuniweb.com/websec?id=oDbM8YXT,0.6423249
http://www.rajhrad.com/p/1449/author-a-ray-retezova-vzpera-2011,0.6392379
http://www.chemeurope.com/en/encyclopedia/Separation_process.html,0.63722014
http://libguides.uniarts.fi/alternativeaccess/en,0.6364851
http://www.immuniweb.com/websec?id=saVPKwxz,0.6341684
http://www.dogallergiesonline.com/causes/allergies-in-dogs,0.6330241
http://bill.klavogonki.ru/wiki/index.php?action=edit&title=%D0%9D%D0%B5%D0%B4%D0%BE%D0%B5%D0%B7%D0%B4%D1%8B&undo=3058&undoafter=3050,0.6329706
http://www.watchgecko.com/why-the-omega-speedmaster-demands-iconic-status,0.63287574
http://verify-www.com/siteinfo/ko-fi.com/tuvanluatbatdongsan,0.63268197
http://www.immuniweb.com/websec?id=bHvOnId8,0.6325331
http://www.autowiki.fi/index.php?oldid=202663&title=Peugeot_404,0.62927556
http://www.nexthink.com/tool/cacti,0.62893647
http://www.immuniweb.com/websec?id=SCbLeheX,0.62886345
http://dklocksmitheastlondon.co.uk/locksmith-goodmayes-2,0.6270777
http://reftec.work/posts/2019/6/35,0.6249276
http://cor.sgh.waw.pl/handle/20.500.12182/845,0.6246313
http://rvincent.digital-nerv.net/2006/10/26/html-validator,0.6235144
http://verify-www.com/siteinfo/amsterdam.nl,0.62079066
http://aikido-quimper.fr,0.62026346
http://www.citations-antiques.com/citations/garde-bien-confier-projets-mauvais-moment-prendre-quelque-grave-resolution-demander-conseil-honnete-homme-pour-rencontrer-crains-donner-beaucoup-peine-faire-pieds-beaucoup-chemin-2691,0.6196885
http://www.orchideen-wichmann.de/en/masdevallia-coccinea.html,0.6178017
http://stats.ixde.eu/stats?lang=ru,0.61743134
http://jamescobban.net/FamilyTree/Names.php?Surname=Hindmarsh&lang=en,0.6137724
http://jamescobban.net/FamilyTree/Names.php?Surname=Heywood&lang=en,0.6119307
http://service.filderstadt.de/libero/WebOpac.cls?ACTION=DISPLAY&DATA=FIL&RSN=218910&SET=1&TOKEN=AcybGzj4p48994&VERSION=2&Z=1,0.61103386
http://www.hrwiki.org/wiki/Subtitles:marshie/fr,0.61081207
http://cc.bingj.com/cache.aspx?d=4956104657208888&mkt=zh-HK&q=%E5%B0%8F%E9%AC%BC%E9%BB%83%E9%B4%BB%E5%8D%87%E5%AA%BD%E5%AA%BD+%28site%3Azh.wikipedia.org%29&setlang=zh-HK&w=MQBy8YwrpzbNxo56k2oi3SvFH4UXynUg,0.6102104
http://bolknote.ru/all/1847,0.6085344
http://www.csauthors.net/pablo-mesejo,0.6026225
http://al-quran.info/74/39/sA,0.6021186
http://www.2-spyware.com/remove-solo84-biz.html,0.60177267
http://www.chemeurope.com/en/encyclopedia/Carbanion.html,0.59751755
http://jamescobban.net/FamilyTree/Names.php?Surname=Holben&lang=en,0.5971774
http://forums.forteana.org/index.php?threads/covid-19-non-medical-effects-responses-disruptions-etc.67104/page-130=,0.59595424
http://wiki.fscons.org/FSCONS_2012/Promotion,0.59361726
http://arod.com.au/arod/reptilia/Squamata/Agamidae/Ctenophorus/scutulatus?q=author%3D%22Stirling+And+Zietz%22+yearDescribed%3D1893,0.5911481
http://rissingtonpodcast.co.uk/episode/eleven,0.585697
http://dgideas.net/tag/%E5%B9%82%E7%AD%89%E6%80%A7,0.5854889
http://www.windows10tips.com/2019/07/prevent-users-disabling-windows-firewall.html,0.58250415
http://howtoremove.guide/remove-js-faceliker-ag?amp=1,0.58241695
http://al-quran.info/10/61/Ns,0.579379
http://www.90di.com/bus/BANGALORE/BHAVANI,0.57927763
http://al-quran.info/10/101/tF,0.57923037
http://www.peterbe.com/plog/script-tags-type-in-html5,0.57668734
http://www.wired.com/2014/09/never-touch-anything-looks-like-donald-trumps-hair,0.57208747
http://al-quran.info/10/21/dC,0.571596
http://www.abovetopsecret.com/forum/thread1018666/pg2,0.57021075
http://wiki2.org/en/Moore_Norman_Technology_Center,0.5665418
http://jamescobban.net/FamilyTree/Names.php?Surname=Beatrice+Gertrude&lang=en,0.564838
http://www.wikiwand.com/ca/1664,0.5609635
http://wikipedia.moesalih.com/Template:Nonspecific,0.55936104
http://wiki2.org/en/John_Cassidy_(baseball),0.55906904
http://radiqx.com/2015/01/book-marketing-how-to-make-it-work,0.55507666
http://www.servproalexandercaldwellcounties.com/blog/post/59514/mold-removal-remediation/look-for-mold-damage-in-these-3-hidden-places-in-your-bethlehem-home,0.55465007
http://sensorstechforum.com/remove-centurion_legionaol-com-xtbl-ransomware,0.5520096
http://wiki2.org/en/File:A_Faithful_Soldier_of_Pancho_Villa_jpg,0.54994726
http://indiebear.com/2010/10,0.54867184
http://timelliott.us/2009/01/25/removing-categories-from-a-wordpress-feed,0.5481956
http://www.abovetopsecret.com/forum/thread1018769/pg6,0.5480889
http://elifesciences.org/articles/8648,0.54755807
http://www.milpark.ac.za/en_US/test-kumar/-/asset_publisher/ObBnC83n3nbB/content/bachelor-of-business-administration-with-a-major-in-banking-?inheritRedirect=false&redirect=https%3A//www.milpark.ac.za/en_US/test-kumar?p_p_id%3D101_INSTANCE_ObBnC83n3nbB%26p_p_lifecycle%3D0%26p_p_state%3Dnormal%26p_p_mode%3Dview%26p_p_col_id%3Dcolumn-1%26p_p_col_pos%3D4%26p_p_col_count%3D7,0.545626
http://www.darktrojan.net,0.54321814
http://jamescobban.net/FamilyTree/Names.php?Surname=Elizabeth+Caroline&lang=fr,0.54177177
http://www.schemehostport.com/2011/11/referer-sic.html?showComment=1461656466631,0.5338235
http://www.gog.com/forum/general/games_finished_in_2016/post945,0.53265834
http://wiki2.org/en/MD_Helicopters_MH-6_Little_Bird,0.528414
http://howtoremove.guide/vawe-virus-file,0.52835435
http://www.natureblink.com/gallery/picture.php?/12313/category/669=&slideshow=,0.5246314
http://yoshimoto-shoken.com/loguin-iq-option-vitoria-de-santo-antao-2020,0.5219476
http://chemequations.com/en?k=1&ref=vr&s=KClO3+%3D+KClO4+%2B+KCl,0.52113837
http://wiki2.org/en/1934_United_States_Senate_election_in_Montana,0.5210224
http://www.servprobathbrunswick.com/topsham-me-water-damage-restoration,0.5201135
http://shimmie.4chanhouse.org/index.php?q=/post/list/fa+b/1,0.51751304
http://fr.wikiwix.com?action=Mozilla+Firefox+cmd+rechargement&disp=news&lang=fr,0.5170407
http://psp.dabis.cc/PSI/redirect.psi&sessid=4699-0df5-9069-b0eb&index=10&f_showitem=&fil_select=TIT,0.514258
http://successfulsoftware.net/tag/desktop,0.5119515
http://support.forum.jstor.org/hc/en-us/articles/360033529294-References-for-Best-Practices,0.50879
http://dorchesterdragons.ca/Teams/1804/Search,0.50315917
http://wiki2.org/ru/%D0%91%D0%B8%D1%82%D0%B2%D0%B0_%D0%BF%D1%80%D0%B8_%D0%9C%D1%8E%D0%BB%D1%8C%D1%85%D0%B0%D1%83%D0%B7%D0%B5%D0%BD%D0%B5,0.5028168
http://wiki2.org/en/1954_United_States_House_of_Representatives_elections_in_Indiana,0.4980435
http://www.wikiwand.com/zh-sg/Template:1951%E5%B9%B4%E8%87%B32000%E5%B9%B4%E7%A7%91%E6%99%AE%E5%88%A9%E5%A5%96%E7%AB%A0%E8%8E%B7%E5%BE%97%E8%80%85,0.4951558
http://londonjuniorknights.com/Teams/1820/Search,0.49509364
http://burlingtoneagles.com/Teams/1493/Search,0.48874864
http://www.google.ch/url?cad=rja&cd=&esrc=s&psig=AOvVaw0OIzZvax6uKft0FgU2YKD5&q=&rct=j&sa=i&source=images&uact=8&url=https%3A//fr.wikipedia.org/wiki/Silence_%28musique%29&ust=1525204889689000&ved=2ahUKEwi4pY6Y5eLaAhXJAewKHft-Aj4QjRx6BAgBEAU,0.48750657
http://thenewshook.com/results.php?cig=true&q=aHR0cHM6Ly93d3cuYWpjLmNvbS9uZXdzL2tlbGx5LWJlaGluZC1iYXJzLWF3YWl0aW5nLXRyaWFsLTUzcmQtYmlydGhkYXkvMnNhZk9NRTMzazg1RGVaa2E5Q09LSS8%3D&urlSubmit=true,0.4834453
http://wiki.godvillegame.com/index.php?action=edit&title=User_talk%3AKarot_Dave,0.4721555
http://www.degraeve.com/evolve-a-pictogram?pixels=0100001110000001101000000010011011001111011001001,0.45826134
http://www.degraeve.com/evolve-a-pictogram?pixels=0010101010000100000101110011100100010001101100100,0.45826134
http://dowser.org/trojan-autoit-removal?amp=1,0.45095986
http://howtoremove.guide/horse-ransomware,0.445447
http://www.abovetopsecret.com/forum/thread1226660/pg1,0.43407202
http://zims-en.kiwix.campusafrica.gos.orange.com/wikipedia_en_all_nopic/A/Sign,0.40197188
http://www.honeyishrunkthegretchen.com/2011/10/06/fat-acceptance?replytocom=13118,0.382567
