url,centroid_sim
http://tritius.mestouvaly.cz/detail/86682,0.78510165
http://synoniemen.net/index.php?zoekterm=plaksel,0.7771773
http://orosz-szotar.hu?grammar=on&language=russian&strictness=first&vulgarism=on&word=%D1%81%D1%82%D0%BE%D1%8F%D1%89%D0%B0%D1%8F,0.7722503
http://wiki.leba.eu/srodowisko/zasoby_wodne?do=media&image=turystyka%3Awraki_na_baltyku.png&ns=turystyka&tab_details=view&tab_files=files,0.76683617
http://www.cristianmonroy.com/2020/05/si-consultas-un-articulo-en-ingles-dentro-de-wikipedia-y-tu-dominio-del-idioma-es-medio-aqui-esta-la-solucion.html,0.7663611
http://www.greekhistoryrepository.gr/archive/item/390?dv=1,0.76348305
http://bibliotheek.be/en/catalog/erich-maria-remarque/van-het-westelijk-front-geen-nieuws/book/library-marc-vlacc_390851,0.75679564
http://fr-academic.com/dic.nsf/frwiki/939822,0.75612795
"http://lunamap.must.edu.mo/luna/servlet/widget/view/search/what/General%20Maps/where/China,%20Southeast/when/1668?Macao in Routes=&amp=&embedded=true&q=%22Macao+in+Routes%22&quot=&quot=&sort=date&widgetType=thumbnail",0.7537465
http://voigtworld.com/genealogy?psearch=Illinois&show=placesearch,0.7510873
http://fr-academic.com/dic.nsf/frwiki/1626197,0.7502297
http://www.ehemalige-heimkinder-tatsachen.com/viewtopic.php?p=1857,0.7502072
http://br.librarything.com/author/vilamatasenrique,0.7500025
http://forum.wordreference.com/threads/%CE%BC%CE%BF%CF%85-%CE%B1%CF%81%CE%AD%CF%83%CE%B5%CE%B9-%CE%BC%CE%BF%CF%85-%CF%80%CE%AC%CE%B5%CE%B9-%CE%BC%CE%BF%CF%85-%CE%BB%CE%B5%CE%AF%CF%80%CE%B5%CE%B9.3768588,0.749422
http://wiki.kfd.me/wiki/Category:%E5%B8%AE%E5%8A%A9%E6%96%87%E6%A1%A3,0.74890476
http://www.wort-suchen.de/woerterbuch/schleusen,0.7488476
http://fr-academic.com/dic.nsf/frwiki/1777133,0.74865055
http://www.synonymet.no/ordbok/uhyrlig,0.7481293
http://spiritwiki.de/index.php?limit=50&title=Spezial%3ALinkliste/Insel,0.7468416
http://fr-academic.com/dic.nsf/frwiki/1672755,0.7462622
http://tritius.amu.cz/detail/1302753?lang=PL,0.7461908
http://fr-academic.com/dic.nsf/frwiki/1204716,0.744723
http://id.ndl.go.jp/auth/ndlna/00621342,0.7443031
http://dict.tu-chemnitz.de/dings.cgi?lang=en&optcase=1&opterrors=0&optfold=0&optpro=0&optshape=1&optword=1&query=Hungerdystrophie&scroll=1&service=&wm=1,0.7441447
http://forum.wordreference.com/threads/esp%C3%ADritu.3767123,0.74336743
http://dict.tu-chemnitz.de/deutsch-englisch/Degorgieranlage.html,0.7428306
http://dede.mydict.com/einschweben.html,0.74135673
http://fr-academic.com/dic.nsf/frwiki/939823,0.7403699
http://fr-academic.com/dic.nsf/frwiki/1881786,0.7399359
http://dictzone.com/engelsk-ungersk-ordbok/pain,0.7367101
http://fr-academic.com/dic.nsf/frwiki/1458052,0.73486257
http://wpedia.goo.ne.jp/wiki/%E3%83%88%E3%83%A9%E3%83%B3%E3%82%B8%E3%83%AA%E3%82%A2%E3%83%B3,0.73372597
http://fr-academic.com/dic.nsf/frwiki/100890,0.7336893
http://dict.tu-chemnitz.de/deutsch-englisch/Kuppeln.html,0.733565
http://public.onelook.com?loc=lemma2&w=ks,0.73303854
http://webtranslateit.com/es/projects/2694-Manager/locales/en..zh-CN/strings/1759404,0.73207814
http://digital.francke-halle.de/mod3/content/titleinfo/1527,0.73206204
http://dictzone.com/ungersk-engelsk-ordbok/egyoldal%C3%BA%20bevezet%C3%A9s%20(%C3%A1tv),0.7318505
http://affr01.onelook.com?loc=wotd&w=siffilate,0.7317823
http://dict.tu-chemnitz.de/english-german/leafier.html,0.731713
http://traces.uab.cat/record/14207?ln=en,0.7312026
http://thesaurus.altervista.org/dict/fr/t%C3%A9l%C3%A9omorphe,0.7309373
http://www.helppost.gr/search-vres/farmakeia-efimerevonta-farmakopoioi-efimeries,0.729216
http://de.spiritualwiki.org/Wiki/DasWesenDesZauns,0.72845936
http://reader.lib.rus.ec/a/95528,0.7264168
http://dict.tu-chemnitz.de/deutsch-englisch/Arbeitsplatzwechsel.html,0.7261615
http://v3.boldsystems.org/index.php/Taxbrowser_Taxonpage?taxid=10679,0.72603583
http://affr01.onelook.com?loc=wotd&w=posit,0.7260246
"http://digital.libraries.uc.edu/luna/servlet/widget/view/all/what/Cincinnati%20(Ohio)--History--20th%20century/where/Columbia%20Avenue%20(Cincinnati,%20Ohio)/Collins%20Avenue%20(Cincinnati,%20Ohio)/University%20of%20Cincinnati.%20Archives%20and%20Rare%20Books%20Library/Collins%20Avenue%20(Cincinnati,%20Ohio)/when/1936-01-10?embedded=true&sort=work_record_id%2Creproduction_record_id%2Cthumbnail_title%2Cthumbnail_creator&widgetType=thumbnail",0.72465813
http://public.onelook.com?loc=wotd&w=ancient,0.724084
http://de.aprs.fi/info/i/370447000,0.7239296
http://catalogue.nla.gov.au/Record/8211619/Cite,0.7237805
http://affr01.onelook.com?loc=wotd&w=ginormous,0.7231757
http://forumhistoriae.sk/sk/e-kniha/adepti-moci-uspechu-etablovanie-elit-v-modernych-dejinach,0.7230063
http://hexer.gamepedia.com/Pogrome?oldid=128033,0.7224891
http://123.lib.rus.ec/a/69044,0.7219215
http://zbmath.org?q=an%3A0902.68096,0.7213402
http://www.zbmath.org?q=an%3A06920562,0.7213402
http://zbmath.org?q=an%3A0981.62001,0.7213402
http://zbmath.org?q=ut%3Agraph+algorithms,0.7213402
http://zbmath.org?q=rf%3A0579.05001,0.7213402
http://www.zbmath.org?q=an%3A0462.90052,0.7213402
http://zbmath.org?q=an%3A0067.39302,0.7213402
http://www.zbmath.org?q=an%3A1291.65172,0.7213402
http://www.zbmath.org?q=an%3A1254.94026,0.7213402
http://zbmath.org?q=an%3A0485.26004,0.7213402
http://zbmath.org?q=ut%3Afirefly+algorithm,0.7213402
http://www.zbmath.org?q=ut%3Arandom+link+failures,0.7213402
http://www.zbmath.org?q=an%3A1157.93524,0.7213402
http://zbmath.org?q=rf%3A0134.21705,0.7213402
http://zbmath.org?q=in%3A00220145,0.7213402
http://zbmath.org?q=ut%3Achannel+resource,0.7213402
http://www.zbmath.org?q=ut%3Amoduli+spaces+of+the+stable+bundles,0.7213402
http://zbmath.org?q=an%3A0734.35152,0.7213402
http://zbmath.org?q=ut%3Ametric+entropy,0.7213402
http://zbmath.org?q=rf%3A1077.16025,0.7213402
http://zbmath.org?q=an%3A0339.73035,0.7213402
http://zbmath.org?q=ai%3Awilliams.brian-j+se%3A00000523+ai%3Awilliams.brian-j,0.7213402
http://www.zbmath.org?q=rf%3A0996.68167,0.7213402
http://zbmath.org?q=an%3A0920.58003,0.7213402
http://www.zbmath.org?q=an%3A1369.94552,0.7213402
http://fr-academic.com/dic.nsf/frwiki/199169,0.7204193
http://www.latin-is-simple.com/de/vocabulary/phrase/3222,0.720245
http://commons.wikimedia.org/wiki/Category:K%C5%91szeg,0.72020555
http://synoniemen.net/index.php?zoekterm=keet,0.71852624
http://v3.boldsystems.org/index.php/Taxbrowser_Taxonpage?taxid=17576,0.71826005
http://digitale-bibliothek-mv.de/viewer/fulltext/PPN559838239_NF_49/123,0.7181364
http://libsearch.siu.ac.th/siu/opac_css/index.php?id=1184&lvl=notice_display,0.71785176
http://nl.aprs.fi/info/a/D19034023,0.7172645
http://afen.onelook.com?ls=a&w=distantly,0.71725047
"http://images-teaching.is.ed.ac.uk/luna/servlet/widget/view/all/who/Cooper,%20Richard/Wade,%20George/what/Uncoloured?embedded=true&widgetType=thumbnail",0.71561515
http://dict.tu-chemnitz.de/deutsch-englisch/Kassave.html,0.71511006
http://www.onelook.com?cobrand=rhy&loc=rz2&w=sacralization,0.7148596
http://elblogdealakan.com/de-track-en-track?_wpnonce=597639802a&like_comment=194,0.7146285
http://nl.aprs.fi/info/a/D19034021,0.7140343
http://www.arves.org/arves/index.php/en/halloffame/63-vandecasteele-ignace-1926,0.71389836
http://v3.boldsystems.org/index.php/Taxbrowser_Taxonpage?taxid=379876,0.71358657
http://anderes-wort-fuer.de/Messlatte,0.7133285
http://fr-academic.com/dic.nsf/frwiki/1126574,0.7130438
http://pl.aprs.fi/info/a/K5VCT-10,0.7128451
"http://wikirank.net/vi/Zheleznodorozhny,_t%E1%BB%89nh_Moskva",0.7127074
http://wpedia.goo.ne.jp/wiki/%E9%98%BB%E5%AE%B3%E5%89%A4,0.71162426
http://nl.aprs.fi/info/a/BASHWSPLO,0.71161926
http://id.ndl.go.jp/auth/ndlna/00509477,0.71143067
http://dk.librarything.com/author/powysjohncowper,0.71135056
http://affr01.onelook.com?loc=wotd&w=gitano,0.7109018
http://afen.onelook.com?loc=wotd&w=amelia,0.7106184
http://v3.boldsystems.org/index.php/Taxbrowser_Taxonpage?taxid=394885,0.7103889
http://dictzone.com/engelsk-ungarsk-ordbok/claim,0.7103562
http://cn.bing.com/dict/search?FORM=BDVSP6&mkt=zh-cn&q=%E6%8B%89%E5%90%89,0.7101226
http://en.wikifur.com/wiki/Feral!_2007,0.70963204
http://wpedia.goo.ne.jp/wiki/%E7%94%9F%E9%87%8E%E3%82%B3%E3%83%AA%E3%82%A2%E3%82%BF%E3%82%A6%E3%83%B3,0.70928407
http://m.mediawiki.org/wiki/Phabricator/yue,0.7089889
http://de.aprs.fi/info/i/271044383,0.70866907
http://conceptnet.media.mit.edu/c/en/resemblance,0.7086343
http://affr01.onelook.com?loc=wotd&w=vedanta,0.7073722
http://www.english-marathi.net?q=casement,0.7072298
http://www.grimm-portal.de/viewer/!fulltext/1447922649996/856,0.70708257
http://es.unionpedia.org/V_(desambiguaci%C3%B3n),0.7058469
http://bosnian.english-dictionary.help/english-to-bosnian-dictionary-meaning-of-constrain,0.70564914
"http://japanmaps.davidrumsey.com/luna/servlet/widget/view/all/who/Suiryusai,%2019th%20cent.;%20Senryuken;%20Shikindo/[s.l.]%20:%20Senryuken%20:%20Shikindo/[s.l.]%20:%20Senryuken%20:%20Shikindo/where/Niigata-shi%20(Japan)/Japan?embedded=true&widgetType=thumbnail",0.70564413
http://wpedia.goo.ne.jp/wiki/%E3%83%95%E3%83%A9%E3%83%B3%E3%83%81%E3%82%A7%E3%82%B9%E3%82%B3%E3%83%BB%E3%83%A2%E3%83%AA%E3%82%A8%E3%83%BC%E3%83%AD,0.70535535
http://www.english-telugu.net?q=November,0.7051759
http://commons.wikimedia.org/wiki/Category:Heads_of_state_of_Brazil,0.70397586
http://wikirank.net/ar/%D8%A8%D8%B9%D8%AB_(%D8%AA%D9%88%D8%B6%D9%8A%D8%AD),0.7033476
http://public.onelook.com?loc=wotd&w=genista,0.7031546
http://public.onelook.com?loc=lemma&w=grassiest,0.70281523
http://tritius.slu.cz/authority/773389?lang=PL&search=ce07dc8a-a9e3-483a-9330-10ac4e7e4e42&ticketId=-32,0.7017107
http://fr-academic.com/dic.nsf/frwiki/1030372,0.7014849
http://www.genealogyinc.com/southdakota/pennington-county,0.70139194
http://ywemather.myhq.com/public/n/o/nopanic,0.701077
http://conceptnet5.media.mit.edu/c/fo/k%C3%BDpros,0.70076126
http://affr01.onelook.com?loc=wotd&w=passover,0.699956
http://wikirank.net/ar/%D9%85%D8%AD%D9%85%D8%AF_%D8%A7%D9%84%D9%87%D8%A7%D8%AF%D9%8A_%D8%A8%D8%A7%D9%8A,0.69980264
http://www.keyword-suggest-tool.com/search/earwigs+metaphysical+meaning,0.699561
http://sv.aprs.fi/info/i/225989530,0.699142
http://worldcat.org/identities/lccn-n79-110304,0.6990862
http://www.latin-is-simple.com/en/vocabulary/phrase/1034,0.69906014
http://sv.aprs.fi/info/a/ME0122768,0.69864714
http://conceptnet.media.mit.edu/c/de/einf%C3%BChrung,0.69859886
http://ilyatoo.com/objet_view.php?info_id=FONDATION+DE+ROME+%28-753+AV+JC%29&info_typeoeuvre=antiquit%C3%A9&typeobjet=evenement,0.69816256
http://wannaknow.org/oekologie/mensch-und-umwelt/mobilitaet/mobilitaet-spots,0.6981276
http://public.onelook.com?loc=wotd&w=pompano,0.6979494
http://wpedia.goo.ne.jp/wiki/%E7%99%BD%E3%83%AF%E3%82%A4%E3%83%B3,0.697898
http://wikirank.net/ar/9_%D8%B0%D9%88_%D8%A7%D9%84%D8%AD%D8%AC%D8%A9,0.69769084
http://pt.librarything.com/author/adamsansel,0.6976718
http://affr01.onelook.com?loc=wotd&w=loligo,0.6974713
http://id.ndl.go.jp/auth/ndlna/00052050,0.6973871
http://www.english-hindi.net?q=sere,0.6970427
http://m.mediawiki.org/wiki/Extension:Translate/cs,0.69685477
http://id.ndl.go.jp/auth/ndlsh/00562634,0.6968128
http://m.mediawiki.org/wiki/Help:Special_pages/fr,0.6967698
http://tangorin.com/names/5512778,0.6967691
http://www.onelook.com?ls=a&w=llewellyn+starks,0.6958206
http://wiki.zum.de/index.php?oldid=206227&title=Materialien_aus_Mathematik-Seminaren/SI/Das_Stellenwertsystem,0.6957271
http://tangorin.com/names/5216966,0.69528073
http://id.ndl.go.jp/auth/ndlna/00551013,0.6948081
http://id.ndl.go.jp/auth/ndlna/01040279,0.6946255
http://es.aprs.fi/info/a/P1930758,0.6945399
http://v3.boldsystems.org/index.php/Taxbrowser_Taxonpage?taxid=20146,0.6941986
http://onelook.com?posfilter=cn&ssbp=1&w=%2A%2Achug%2A%2A,0.6941103
http://hr.aprs.fi/info/a/DB4WB,0.6939757
http://thesaurus.altervista.org/dict/en/characteristic,0.6936825
http://v3.boldsystems.org/index.php/Taxbrowser_Taxonpage?taxid=77571,0.6932378
http://id.ndl.go.jp/auth/ndlna/00442054,0.6931747
http://rabble.ca/comment/5393986,0.69266397
http://affr01.onelook.com?loc=wotd&w=demiurge,0.69210845
http://fr-academic.com/dic.nsf/frwiki/1030902,0.6911578
http://depanne.bibliotheek.be/en/catalog/john-grisham/de-afperser/book/library-marc-vlacc_8491636,0.69100165
http://www.etranslator.ro/nl/russisch-nederlands-online-vertaler.php,0.69056904
http://www.logosdictionary.org/index.php?code=172345&from=DE,0.6892017
http://tangorin.com/names/5450334,0.68844986
http://meta.m.wikimedia.org/wiki/Help:Two-factor_authentication/fr,0.68791854
http://wikirank.net/it/Kuzneck,0.68781984
http://en-academic.com/dic.nsf/enwiki/415165,0.6878073
http://pl.aprs.fi/info/a/EB1DBX,0.6873467
http://ru.aprs.fi/info/a/S0940045,0.68688595
http://dewiki.de/Lexikon/Australien_und_Ozeanien,0.68649787
http://french.english-dictionary.help?q=Medicaid,0.6863547
http://www.onelook.com?w=brian+mckenna,0.68621475
http://m.mediawiki.org/wiki/How_to_contribute/or,0.686165
http://en-academic.com/dic.nsf/enwiki/11755731,0.6860821
http://www.gbnews.ch/800-personnes-marche-pour-le-climat-a-geneve,0.6857817
http://alen.malhasoglu.com/2014/07/05/cleaning-robots-comparison,0.6857798
http://slovesa.ru/assearch?lnk=1&q=%D0%92%D0%9E%D0%94%D0%AB,0.6849185
http://en-academic.com/dic.nsf/enwiki/326130,0.6848183
http://id.ndl.go.jp/auth/ndlna/00452381,0.68463796
http://www.oldbookillustrations.com/engravers/willmore-james-tibbetts,0.68363774
http://commons.wikimedia.org/wiki/List_of_dog_breeds,0.6831829
"http://luna.tampabayhistorycenter.org/luna/servlet/widget/view/all/what/Castillo%20de%20San%20Marcos%20(Saint%20Augustine,%20Fla.)/Sea-walls/where/United%20States?embedded=true&widgetType=thumbnail",0.68268216
http://peaware.pilotedge.net/callsign.cfm?callsign=N420VL,0.68244076
http://biblioteca.cfe.edu.uy/IFDartigas/opac_css/index.php?id=2819&lvl=categ_see&main=,0.6823729
http://tangorin.com/names/5250629,0.6823727
http://commons.wikimedia.org/wiki/Category:Porfirij_Bahmetiev,0.6816104
http://www.allergome.org/script/dettaglio.php?id_molecule=4019,0.681351
http://www.earsense.org/chamber-music/composer/Hans-Huber,0.68124163
http://conceptnet.media.mit.edu/c/fr/r%C3%A9el,0.6812103
http://www.woxikon.com/es/raphidioptera,0.6810949
http://hr.aprs.fi/info/a/R3340881,0.68105984
http://hd0.linusakesson.net/music/downloads.php,0.6808459
http://commons.wikimedia.org/wiki/Category:Literary_historians_from_the_United_Kingdom,0.68022984
http://hr.aprs.fi/info/a/IMET89277,0.6801548
http://affr01.onelook.com?loc=wotd&w=mobility,0.6797066
http://www.101languages.net/word-lists,0.6795342
http://dc.smnh.org/species/detail/species-179.html,0.6794569
http://www.fotoplus.com/catalog?tag=winsis,0.6791814
http://dict.tu-chemnitz.de/dings.cgi?iservice=de-en-ex&o=3020&query=fly-up+of+prices&service=,0.6790863
http://wikipedia.se?p=1&page=1&q=%22Att+v%C3%A5ga+vara%22+och+Bjerne%2C+Ulla+&search=true&style=,0.6789125
http://wikipedia.se?p=1&page=1&q=%22Havrefarsan%22+och+Delo%2C+Leffe+&search=true&style=,0.6789125
http://wikipedia.se?p=1&page=1&q=%22Flyt+p%C3%A5+jobbet%22+och+Bosell%2C+Annette+&search=true&style=,0.6789125
http://agrovoc.uniroma2.it/agrovoc/agrovoc/en/page/c_081270de?clang=km,0.6787122
http://wpedia.goo.ne.jp/wiki/%E5%85%A8%E5%9B%BD%E5%B7%9E%E8%A9%95%E8%AD%B0%E4%BC%9A,0.67814934
http://pl.aprs.fi/info/a/IR0DA-12,0.675357
http://www.logosdictionary.org/index.php?code=6698878&from=NL,0.67511654
http://www.onelook.com?ls=a&w=prune,0.674985
http://med.se-todo.com/himiya/46352/index.html,0.6746513
http://bibliotheek.be/en/catalog/mark-mancina/speed-original-motion-picture-soundtrack/cd/library-marc-vlacc_8439494,0.6746352
http://www.fishbase.org/summary/Kanekonia-queenslandica.html,0.67463213
http://peaware.pilotedge.net/callsign.cfm?callsign=N676MT,0.6734977
http://anderes-wort-fuer.de/nobel,0.673432
http://www.firstsuperspeedway.com/articles/oldfield-baker-half-mile-records,0.6734297
http://ijdvl.com/issue/1990-56-6,0.67322046
http://ru.aprs.fi/info/a/ME0122437,0.67300034
http://webtranslateit.com/en/projects/2056-Sharetribe/locales/en..ca/strings/3943220,0.6725168
http://coldharbor.com?cat=1805,0.67251015
http://onelook.com?ls=a&w=smite,0.6724676
http://lookformedical.com/en/search/genetic-algorithm-algorithms,0.6714337
http://asjp.clld.org/languages/RUNGA,0.67134607
http://pastelgrim.tistory.com/tag/Apple,0.6711787
http://afen.onelook.com?loc=wotd&w=mimic,0.6707677
http://dk.librarything.com/author/healeymichael-1,0.6705718
http://digital.ub.uni-duesseldorf.de/ihd/content/titleinfo/7954108?lang=en,0.67015904
http://commons.wikimedia.org/wiki/Category:Mahomet_(play),0.67008024
http://digibus.ub.uni-stuttgart.de/viewer/!image/salu099/1/-,0.6699339
http://onelook.com?w=Hades,0.66984046
http://johnsonsdictionaryonline.com/browse-posts-by-quoted-author?catid=45,0.6692306
http://digibus.ub.uni-stuttgart.de/viewer/image/1560762353428/54,0.66812325
http://libsearch.siu.ac.th/siu/opac_css/index.php?id=3306&lvl=publisher_see,0.6680737
http://www.virtuelles-muenzkabinett.de/object?id=ID2,0.6677204
http://thammyviendiva.com.vn/giam-mo-bung-bang-ruou-gung,0.66749656
http://guides.lib.utexas.edu/metadata-basics/controlled-vocabs,0.667249
http://jojowiki.com/MediaWiki:Gadget-HotCat,0.66604173
http://v3.boldsystems.org/index.php/Taxbrowser_Taxonpage?taxid=961688,0.6658581
http://www.scalemates.com/topics/topic.php?design=sd&id=156234,0.66539925
http://conceptnet.media.mit.edu/c/ar/%D8%A5%D8%A8%D8%A7%D8%A1%D8%A9,0.66501725
http://www.subf.net/linklist/index.php?topic=127.msg3169,0.6647059
http://open.library.ubc.ca/collections/bcnewspapers/xabpost/items/1.0168578,0.6645045
http://rusalljournal.ru/raj/about/aboutThisPublishingSystem,0.66430044
http://slovak.english-dictionary.help/english-to-slovak-meaning-negligence,0.6639054
http://johnsonsdictionaryonline.com/timeless,0.6638889
http://forum.kvarkadabra.net/viewtopic.php?p=82084,0.6637106
http://conceptnet.media.mit.edu/c/sh/d%C5%BEibuti,0.6636312
http://wiki.godvillegame.com/index.php?action=info&title=Antibody_wash,0.663187
http://www.mediacontactspro.com/shop/media-contacts-database-list-and-directory-houston-tx,0.66306007
http://tangorin.com/names/5250750,0.6629985
http://www.bdword.com?q=aged,0.662858
http://5ko.free.fr/en/jul.php?y=2252,0.6622902
http://www.contactcountries.com/auswahl.php?buchstabe=N,0.6620927
http://cyclowiki.org/wiki/%D0%9A%D0%B0%D1%82%D0%B5%D0%B3%D0%BE%D1%80%D0%B8%D1%8F:%D0%97%D0%BE%D0%BE%D0%BF%D0%B0%D1%80%D0%BA%D0%B8_%D0%95%D0%B3%D0%B8%D0%BF%D1%82%D0%B0,0.6618935
http://www.logosdictionary.org/index.php?code=6097286&from=BR,0.6617816
"http://paas-loadb-dhtaff8ujtdt-1826058300.us-east-1.elb.amazonaws.com/wiki/en/Utrecht_(Province),_The_Netherlands_Genealogy",0.6615379
http://ijdvl.com/pityriasis-rosea-an-update,0.6610686
http://da.technocracy.news/hjemland-massiv-ny-database-til-at-omfatte-ansigtsgenkendelse-dna-relationer,0.6609111
http://www.rhymezone.com/r/rhyme.cgi?Word=frantics&loc=nosemrel&org1=syl&org2=l&org3=y&typeofrhyme=syn,0.66088414
http://www.fallingrain.com/world/BR/29/Ipameri.html,0.66076803
http://metazoa.ensembl.org/Octopus_bimaculoides/Info/Index?db=core&g=Ocbimv22037667m.g&r=KQ416705%3A2171372-2171656&t=Ocbimv22037667m,0.6605133
http://metazoa.ensembl.org/Octopus_bimaculoides/Info/Index?db=core&g=Ocbimv22000142m.g&r=LGKD01489215%3A18-290&t=Ocbimv22000142m,0.6605133
http://prdl.org/dates.php?begin=1705&limit=20&range=1&s=400&sort=,0.6602962
http://hr.aprs.fi/info/a/S3730394,0.6602072
http://stricollections.org/portal/taxa/index.php?clid=72&taxon=63900,0.6597637
http://rabble.ca/comment/3270356,0.6595832
http://id.ndl.go.jp/auth/ndlna/00919305,0.6589594
http://wiki-offline.jakearchibald.com/wiki/V._Vale,0.65892303
http://pl.unionpedia.org/Biosynteza,0.658659
http://telecos.upc.edu/en/shared/images/laboratoris-docents/a2-s104b-pan.jpg/view,0.65854836
http://commons.m.wikimedia.org/wiki/Category:1696_works_in_Slovenia,0.65830535
http://stricollections.org/portal/taxa/index.php?clid=65&taxon=66175,0.65827096
http://www.genealogyinc.com/pennsylvania/schuylkill-county,0.6581254
http://lookformedical.com/en/web/algestone,0.65797824
http://www.luso-poemas.net/modules/newbb/viewtopic.php?post_id=31277,0.6576754
http://www.siteencyclopedia.com/oldversion.com,0.6569841
http://forum.polishorigins.com/viewtopic.php?postdays=0&postorder=asc&start=0&t=1814,0.6569124
http://findingaids.brandeis.edu/agents/502?agent_type=agent_person,0.65688753
http://www.interglot.com/dictionary/nl/sv/translate/vergelijken,0.65687907
http://www.interglot.com/dictionary/de/es/translate/Deutscher?l=de%7Cnl,0.6566554
http://www.intmath.com/blog/letters/intmath-newsletter-valentines-applets-maps-11820,0.6566408
http://mymemory.translated.net/fr/Anglais/Tagalog/forgery-case,0.6566137
http://marjorie-wiki.de/w/index.php?filefrom=Ha&pageuntil=Ha&subcatfrom=Ha&title=Kategorie%3ADeutscher_Musiker,0.65633357
http://ru.aprs.fi/info/i/271000747,0.65594363
http://en.stargatewiki.noip.me/wiki/Template:Images_navbox,0.6554413
http://digital.sulb.uni-saarland.de/viewer/resolver?urn=urn%3Anbn%3Ade%3Absz%3A291-sulbdigital-156755,0.6551284
http://www.ancient.eu/image/11451/crocodile-denarius-of-cleopatra-selene-ii?page=2,0.6550311
http://digital.iai.spk-berlin.de/viewer/image/1000956407/1/LOG_0000,0.654945
http://theforest.org.uk/bb/viewtopic.php?f=77&t=2091,0.65486205
http://conceptnet.media.mit.edu/c/fi/piirturi,0.6546117
http://bibliotheek.be/en/catalog/mike-mills/20th-century-women/dvd/library-marc-vlacc_10103287,0.6544478
http://gutenberg-capture.ub.uni-mainz.de/histbuch/periodical/titleinfo/26079,0.65444577
http://hr.aprs.fi/info/a/CT2GPZ-N,0.6535117
http://zulu.english-dictionary.help?q=resolution,0.6534871
http://www.newworldencyclopedia.org/entry/Women's_suffrage,0.653387
http://www.xenu-directory.net/news/library-item.php?iid=5340,0.6529995
http://www.bdword.com?q=worry,0.6527171
http://www.cpdl.org/wiki/index.php/Birthday_Ode_for_Queen_Anne_(George_Frideric_Handel),0.65258324
http://da.aprs.fi/info/a/R0231218,0.65250784
http://open.library.ubc.ca/collections/bcnewspapers/princero/items/1.0227690,0.65239406
http://dictzone.com/german-hungarian-dictionary/allerdings,0.65212214
http://catalogue.nla.gov.au/Record/2406571,0.6521024
http://m.wikidata.org/wiki/Q223557,0.6520798
http://knihovnanyrany.info/detail/51594?lang=EN&ticketId=-4,0.6518937
http://asjp.clld.org/languages/JIN_DATONG,0.65141255
http://dict.cn/Unfortunately%20no_2E,0.65125203
http://commons.wikimedia.org/wiki/Category:Family?uselang=lt,0.65065205
http://www.neogaf.com/threads/resolution-for-14th-amendment-goodbye-electoral-college-hello-clown-college.1586509/page-2,0.6505648
http://www.neogaf.com/threads/resolution-for-14th-amendment-goodbye-electoral-college-hello-clown-college.1586509/page-3,0.6505648
http://www.mozambiqueflora.com/speciesdata/species.php?species_id=149650,0.6505014
http://www.reindiana.com/landlots-for-sale/9324-Herring-Battle-Ground-IN-47920-310216917,0.65023154
http://plants.yanai-ke.com/goldcoin,0.64999926
http://partyfacts.herokuapp.com/data/partycodes/5720,0.6499738
http://www.woxikon.com/en/uncertaining,0.6498206
http://mdwiki.org/wiki/X-linked_agammaglobulinemia,0.6496997
http://hr.aprs.fi/info/a/NP4JN-R,0.6496873
http://open.library.ubc.ca/collections/bcnewspapers/xbellacoo/items/1.0170150,0.64963055
http://dearkitty1.wordpress.com/2016/05/26/neanderthal-constructions-discovered-in-french-cave,0.64957595
http://inventaire.io/entity/wd:Q8046291,0.64893544
http://es.aprs.fi/info/a/DK7AK,0.64859974
http://open.library.ubc.ca/collections/bcnewspapers/advance/items/1.0347707,0.6480075
http://www.wikidata.org/wiki/Q17290418,0.6478343
http://www.logolynx.com/topic/bruxelles,0.6474697
http://www.bdword.com/english-to-bengali-dictionary-meaning-of-athlete,0.64703584
http://tritius.slu.cz/library/karvina/authority/737001?ticketId=-14,0.6469039
http://hr.aprs.fi/info/a/DM0GAP,0.64688253
http://ja.dbpedia.org/page/%E3%82%B2%E3%82%A4%E8%A7%A3%E6%94%BE%E9%81%8B%E5%8B%95,0.64670753
http://ajankohtainen.wordpress.com/tag/sudan,0.64646375
http://www.mediainfo.com/blog/tag/middle_east,0.646384
http://www.susana.org/en/knowledge-hub/resources-and-publications/library/details/550?pgrid=1,0.64613116
http://open.library.ubc.ca/collections/bcnewspapers/aaah/items/1.0352687,0.6458806
http://ijdvl.com/control-of-venereal-diseases,0.6455809
http://identify.plantnet.org/medor/species/Melilotus%20indicus%20(L.)%20All./data,0.64555824
http://www.hmdb.org/m.asp?m=76694,0.64543414
http://www.httpmarketing.nl/nl/Liempde,0.64534485
http://www.newworldencyclopedia.org/entry/Nerve,0.64507234
http://open.library.ubc.ca/collections/langmann/items/1.0361395,0.6450315
http://www.ancientportsantiques.com/ancient-sailing,0.6448061
http://www.gematrix.org?word=1931,0.6437701
http://www.onelook.com?ls=a&w=rapine,0.64354765
http://slovesa.ru/assearch?q=%D0%A0%D0%95%D0%A2%D0%98%D0%97%D0%90%D0%9D,0.64331573
http://www.mattorton.com/tag/unsolved-mysteries,0.64324796
http://m.wikidata.org/wiki/Q1294396,0.64189386
http://afen.onelook.com?d=wik&qs=frames_of_mind,0.64152014
http://afen.onelook.com?d=wik&qs=straight,0.64152014
http://afen.onelook.com?d=wik&qs=bluebell,0.64152014
http://peaware.pilotedge.net/aircraft.cfm?code=G2T1,0.64132595
http://open.library.ubc.ca/collections/wwiphoto/items/1.0034546,0.64108694
http://peaware.pilotedge.net/citypair.cfm?from=KMCC&to=O61,0.64093876
http://peaware.pilotedge.net/aircraft.cfm?code=G159,0.6409373
http://baghprint.co.in/yusuf-khatri-wiki?rdp_we_resource=http%3A//en.wikipedia.org/wiki/Madhya_Pradesh,0.64089537
http://commons.m.wikimedia.org/wiki/Category:July_1998,0.6404524
http://elifesciences.org/articles/04250/figures,0.6396326
http://www.wikidata.org/wiki/Q1115482,0.6395399
http://www.logolynx.com/topic/purdue+pete,0.63927436
http://forum.unilang.org/viewtopic.php?f=73&start=640&t=23862,0.63899714
http://commons.wikimedia.org/wiki/Category:Pierre_Duchesne_(1940),0.6385826
http://www.newworldencyclopedia.org/entry/Gulf_War,0.63827676
http://open.library.ubc.ca/collections/bcnewspapers/xbcrecord/items/1.0171739,0.63790536
http://www.earthsendangered.com/profile.asp?ID=9&gr=F&sp=10221&view=,0.63782793
http://www.musik-sammler.de/artist/al-jolson,0.6375609
http://www.whoisbg.com/domain/coches.org,0.6374007
http://earthsendangered.com/profile.asp?ID=5&gr=F&sp=3623&view=c,0.63735014
http://atlantikwall.co.uk/atlantikwall/fpc_stp_107_lindemann_fcp.php,0.63657653
http://blog.sundvold.net/achat-masse-de-blu-ray-humeur-digital-copy,0.6361817
http://conceptnet.media.mit.edu/c/fi/vihjaus,0.636133
http://peaware.pilotedge.net/flight.cfm?id=132827,0.6357455
http://www.logolynx.com/topic/afc+football,0.63556504
http://thesaurus.altervista.org/dict/es/bacteria,0.6354578
http://www.logolynx.com/topic/angry+birds,0.6351807
http://abkuerzungen.woxikon.de/abkuerzung/wun.php,0.6346535
http://www.mdbg.net/chinese/dictionary?wdqb=c%3A%2A%E8%B2%A7%E7%AA%AE%E6%BD%A6%E5%80%92%2A&wdrst=1,0.63463044
http://ortopedianew.appspot.com/wiki/Podzia%C5%82_administracyjny_Portugalii,0.6342327
http://meta.m.wikimedia.org/wiki/Board_elections/2006/Candidates/zh,0.6340058
http://www.english-malay.net/english-to-malay-meaning-apprehensive,0.6339971
http://wiki.secondlife.com/wiki/Sculpted_Prims:_3d_Software_Guide,0.632435
http://areciboweb.50megs.com/fotw/flags/vxt-dvm5.html,0.6323749
http://peaware.pilotedge.net/aircraft.cfm?code=AMX,0.6323018
http://www.iskiosiskiou.com/2011/04/blog-post_08.html,0.6320151
http://glottolog.org/resource/languoid/id/yuul1239,0.6320025
http://www.chinabuddhismencyclopedia.com/en/index.php?title=Mah%C4%81vih%C4%81rav%C4%81sin,0.631984
http://library.upol.cz/arl-upol/en/bookmark?disprec=1&idx=upol_us_cat-18%2A0288744,0.6313207
http://www.printoclock.com/blog/10-flyers-qui-valent-le-detour,0.63118243
http://commons.wikimedia.org/wiki/Category:205_births?uselang=be,0.6310849
http://www.elastic.co/jp/blog/elasticsearch-verifying-data-integrity-with-external-data-stores,0.6310631
http://planetaestambul.com/foro?_wpnonce=8b2d40ffb7&like_comment=1955,0.63095987
http://planetaestambul.com/foro?_wpnonce=e0a0f751ec&like_comment=39520,0.63095987
http://planetaestambul.com/foro?_wpnonce=ac06367975&like_comment=41835,0.63095987
http://planetaestambul.com/foro?_wpnonce=73ec2342ab&like_comment=1933,0.63095987
http://planetaestambul.com/foro?_wpnonce=ed48beee35&like_comment=41528,0.63095987
http://meddic.jp/index.php/somatosensory,0.6306505
http://dictionnaire.sensagent.leparisien.fr/Lutas_nos_Jogos_Ol%C3%ADmpicos_de_Ver%C3%A3o_de_2000/pt-pt,0.63038826
http://wiki-offline.jakearchibald.com/wiki/Ebenthal,0.6302546
http://forums.drabblecast.org/search.php?author_id=2161&sr=posts,0.6301476
http://etspanolpdf.mypressonline.com/js/8441525072-Avanzado-Segunda-Edicion-Multimedia-Reilly,0.62989473
http://wiki-offline.jakearchibald.com/wiki/List_of_cemeteries_in_New_Jersey,0.629869
http://tangorin.com/sentences/1185680,0.6296405
http://www.mdbg.net/chinese/dictionary?wdqb=c%3A%2A%E8%8B%A6%E6%97%A5%E5%AD%90&wdrst=0,0.6295874
http://www.mdbg.net/chinese/dictionary?wdqb=c%3A%E5%B0%8F%E6%97%A5%E6%9C%AC%2A&wdrst=0,0.62931323
http://paas-loadb-dhtaff8ujtdt-1826058300.us-east-1.elb.amazonaws.com/wiki/en/GuidedResearch:Why_Can't_I_Find_the_Record_-_Arezzo_Deaths,0.6293063
http://www.bdword.com?q=independence,0.62895095
http://da.aprs.fi/info/a/SV2JU-2,0.628893
http://afen.onelook.com?loc=wotd&w=working+class,0.6288525
http://www.dumbtionary.com/word/vaation.shtml,0.6279855
http://rabble.ca/comment/3699396,0.6277161
http://catalogue.nla.gov.au/Record/2741751?lookfor=author%3A%22Foot%2C+Jesse%2C+1744-1826%22&max=36&offset=11,0.6271287
http://www.genealogyinc.com/kansas/edwards-county,0.6269026
http://www.mdbg.net/chinese/dictionary?wdqb=c%3A%E7%A6%81%E7%83%9F%2A&wdrst=0,0.6263935
http://www.xenu-directory.net/news/library.php?t=Charles+B.+O%27Reilly,0.6262858
http://www.ed.ac.uk/information-services/about/international-womens-day/mary-somerville,0.62564814
http://www.ijsr.net/get_count_search.php?paper_id=NOV151799,0.6253934
http://www.mdbg.net/chinese/dictionary?wdqb=c%3A%2A%E5%80%99%E4%B9%98&wdrst=0,0.62530315
http://www.mdbg.net/chinese/dictionary?wdqb=c%3A%E5%B1%B1%E8%84%89%2A&wdrst=0,0.6251087
http://www.mdbg.net/chinese/dictionary?wdqb=c%3A%2A%E7%9B%B4%E8%BE%BE%E8%BD%A6%2A&wdrst=0,0.6250216
http://doi.pangaea.de/10.1594/PANGAEA.75856,0.6249735
http://wikien4.appspot.com/wiki/Mundera_Bazar,0.6247419
http://tangorin.com/sentences/1130236,0.6247328
http://vocabularyserver.com/udc/en?tema=1458,0.62466586
http://prewar.mgcc.info/n-type?rdp_we_resource=https%3A//en.wikipedia.org/wiki/ISO_8373,0.62463856
http://www.onelook.com?w=balikesir+air+base,0.6245651
http://identify.plantnet.org/medor/species/Fimbristylis%20bisumbellata%20(Forssk.)%20Bubani/data,0.6245523
http://species.wikimedia.org/wiki/Asa_Gray?uselang=be,0.6242826
http://artvee.com/dl/portrait-of-a-man-102,0.6240565
http://www.mdbg.net/chinese/dictionary?wdqb=c%3A%E4%B8%8A%E9%A9%AC%2A&wdrst=0,0.6240182
http://biblioteka.vu.lt/e.istekliai/index.php?amp;y=50&browse=sub20&filter=dat1_acc1_lanno_res9&l=en&y=10,0.6238914
http://peaware.pilotedge.net/aircraft.cfm?code=AN2,0.6237691
http://commons.m.wikimedia.org/wiki/Category:Germany_photographs_taken_on_2008-10-29,0.62374574
http://synonyms.woxikon.com/en/especially,0.62266266
http://www.librarything.nl/author/grishamjohn,0.6220622
http://earthsendangered.com/profile.asp?gr=B&sp=10991,0.6220307
http://abbreviations.woxikon.com/en/sqx,0.621861
http://earthsendangered.com/profile.asp?ID=11&gr=&sp=9728&view=c,0.62150764
http://conceptnet.media.mit.edu/c/zh/%E7%9C%A9%E6%9A%88,0.6212729
http://thesaurus.altervista.org/dict/en/prior,0.62066245
http://elifesciences.org/articles/50766,0.6204761
http://www.wikidata.org/wiki/Q4319077,0.61927134
http://www.english-bangla.com/bntoen,0.6190725
http://www.mdbg.net/chinese/dictionary?wdqb=c%3A%2A%E5%86%A5%E5%86%A5%E4%B9%8B%E4%B8%AD&wdrst=0,0.61902654
"http://de.qaz.wiki/wiki/Arden_Hills,_Minnesota",0.6190104
http://kidneyeducation.com/punjabi/%E0%A8%AA%E0%A9%B1%E0%A8%A5%E0%A8%B0%E0%A9%80-%E0%A8%A6%E0%A9%80-%E0%A8%AC%E0%A8%BF%E0%A8%AE%E0%A8%BE%E0%A8%B0%E0%A9%80/473,0.6189241
http://psychonautwiki.org/wiki/CZ-74,0.61881435
http://www.ijsr.net/search_index_results_paperid.php?id=ART20197527,0.6186011
http://www.ijsr.net/search_index_results_paperid.php?id=ART20199309,0.6186011
http://swahili.english-dictionary.help?q=franc,0.61827826
http://lexic.us/definition-of/entailing,0.61823845
http://tangorin.com/sentences/1181122,0.6181158
http://aprs.fi/info/a/5B/CY-024,0.61780643
http://incubator.m.wikimedia.org/wiki/User:Vhorvat,0.6172974
http://www.laetusinpraesens.org/docs10s/inaction.php,0.6171145
http://www.connexions.org/CxLibrary/Corporate-Crime-3549CX.htm,0.6170199
http://afrikaans.english-dictionary.help?q=unusual,0.61680555
http://www.mdbg.net/chinese/dictionary?wdqb=c%3A%2A%E6%88%98%E9%A9%AC%2A&wdrst=0,0.6164768
http://dml.cz/handle/10338.dmlcz/124676/SimilarArticles,0.6163484
http://forum.unilang.org/viewtopic.php?p=971457,0.6159648
http://60yearsoftranslation.wordpress.com/tag/flann-obrien,0.61549175
http://dictzone.com/%D0%B0%D0%BD%D0%B3%D0%BB%D0%B8%D0%B9%D1%81%D0%BA%D0%B8%D0%B9-%D0%B2%D0%B5%D0%BD%D0%B3%D0%B5%D1%80%D1%81%D0%BA%D0%B8%D0%B9-%D1%81%D0%BB%D0%BE%D0%B2%D0%B0%D1%80%D1%8C/fortified%20margarin,0.6153574
http://el.dbpedia.org/page/%CE%A3-%CE%AC%CE%BB%CE%B3%CE%B5%CE%B2%CF%81%CE%B1,0.6153067
http://doi.pangaea.de/10.1594/PANGAEA.262486,0.6148412
http://www.metaglossary.com/define/wildlife+management,0.61455977
http://mybirdinfo.com/species/aethia-psittacula-parakeet-auklet,0.6142734
http://www.zimbabweflora.co.zw/speciesdata/species.php?species_id=133610,0.61407125
http://dholtmeyer.com/tag/zoos,0.61404186
http://el.dbpedia.org/page/%CE%A3%CF%84%CE%AD%CF%86%CE%B1%CE%BD_%CE%9A%CE%AF%CF%83%CE%BB%CE%B9%CE%BD%CE%B3%CE%BA,0.6137235
http://open.library.ubc.ca/collections/anderson/items/1.0046930,0.6134578
http://www.onlinejyotish.com/baby-names/Aramaic-babynames/girls/Martha.html,0.6132567
http://tombo.pt/en/f/vis28,0.61315554
http://www.httpmarketing.nl/nl/Kortehemmen,0.61310863
http://www.xenu-directory.net/news/library.php?mf=1&mt=12&t=monthly+News+Record&yf=2006&yt=2006,0.61307454
http://bestref.net/site/heraldo.es,0.6126386
http://identify.plantnet.org/prosea/species/Nigella%20damascena%20L./data,0.61223066
http://fantasticdrivel.com/tag/transitive-relation,0.6117789
http://metaglossary.com/define/greenhouse,0.61172473
http://www.openstreetmap.org/user/poppei82/diary/23718,0.611488
http://www.woxikon.com/en/roselyn%20sanchez,0.61133194
http://karniaruthenia.miraheze.org/w/index.php?printable=yes&title=Main_Page&veaction=edit,0.61119246
http://commons.m.wikimedia.org/wiki/Category:Georgia_photographs_taken_on_2014-03-04,0.61110425
"http://commons.wikimedia.org/wiki/Category:Antonio_Farnese,_Duke_of_Parma",0.6109132
http://el.dbpedia.org/page/%CE%A1%CE%BF%CF%8D%CF%83%CE%BF%CF%82_%CE%9A%CE%BF%CF%8D%CE%BD%CE%B4%CE%BF%CF%85%CF%81%CE%BF%CF%82,0.6106357
http://datayze.com/word-analyzer?word=captivating,0.6105596
http://visuallibrary.net/name/view/354088,0.61049616
http://www.monacensia-digital.de/mann/content/titleinfo/30895,0.6103194
http://wiki.laic.workers.dev/wiki/%E5%A1%9E%E7%88%BE%E5%87%B1%E7%89%B9,0.6098832
http://www.olympedia.org/athletes/92195,0.609843
http://epo.wikitrans.net/List_of_British_films_of_1944,0.6095618
http://open.library.ubc.ca/collections/wwiphoto/items/1.0039398,0.60943985
http://ortopedianew.appspot.com/wiki/Hans_Fallada,0.6092367
http://kids.kiddle.co/Patchwork_stingaree,0.60922617
http://xpda.com/family/place-place00513.htm?popup=,0.6085963
http://commons.m.wikimedia.org/wiki/Category:Russia_photographs_taken_on_2014-03-28,0.6080065
http://bahai-library.com/tags/Universal%20House%20of%20Justice,0.607409
http://hplusmagazine.com/2015/06/01/the-quantified-life-of-the-fluid-self,0.6067734
http://mtg.fandom.com/wiki/Banned_and_restricted_cards/Timeline?section=6&veaction=edit,0.60630393
http://mtg.fandom.com/wiki/Banned_and_restricted_cards/Timeline?section=1&veaction=edit,0.60630393
http://annabet.com/us/hockeystats/serie_265_Olympic_Qualification_Women.html,0.60573304
http://www.mdbg.net/chinese/dictionary?wdqb=%E5%88%86%E6%89%B9,0.60547096
http://www.wikidata.org/wiki/Q962688,0.604789
http://hawalajaat.ahmadimuslim.de/%D8%A7%D9%86%D8%A8%DB%8C%D8%A7%D8%A1-%DA%A9%DB%8C-%D8%A2%D8%B3%D9%85%D8%A7%D9%86%DB%8C-%D8%A8%D8%A7%D8%AF%D8%B4%D8%A7%DB%81%D8%AA-%D8%A7%D9%88%D8%B1-%D8%A7%D8%B3%DA%A9%DB%8C-%D8%AA%DA%A9%D9%85%DB%8C?msg=fail&shared=email,0.6046583
http://www.sysoon.com/deceased/elliott-cook-carter,0.6045362
http://defence.pk/pdf/threads/story-of-bedouin-israeli-defense-force-lt-col-amos-yarkoni.132680,0.60436255
http://dictionnaire.sensagent.leparisien.fr/Digital_Picture_Exchange/en-en,0.604348
http://www.haroldstreet.org.uk/waypoints/download?/Corndon Hill=&hillnumber=2187,0.6039977
http://conceptnet5.media.mit.edu/c/fi/tiet%C3%A4m%C3%A4tt%C3%B6myys,0.6036837
http://tangorin.com/sentences/1013515,0.6033306
http://www.metaglossary.com/define/isotope+,0.6027658
http://www.wordexample.com/list/words-prefix-non,0.6023842
http://films101.com/16522.htm,0.60237086
http://vocabularyserver.com/fastgenre/en/index.php?tema=4047,0.60215795
http://www.yellowpagesofafrica.com/companies/zimbabwe/medical-search,0.60208833
http://www.greenlivingpedia.org/Special:Whatlinkshere/User:Alanndavis,0.60182446
http://www.mdbg.net/chinese/dictionary?wdqb=%E8%A7%81%E5%88%B0,0.601702
http://noraci.cz/vyukovy-material-dejin-skandinavie/unor-1943-boj-o-tezkou-vodu,0.6016481
http://www.metaglossary.com/define/verse,0.6015483
http://1337x.to/torrent/4747108/Contact-1997-Bonus-BR-EAC3-VFF-ENG-1080p-x265-10Bits-T0M,0.5999391
http://baas.ulme.ee?arvustus=42558&autor=1887&teos=20539,0.59988534
http://www.scielo.org.za/scielo.php?lng=en&nrm=iso&pid=S2222-34362019000100010&script=sci_arttext&tlng=en,0.59951556
http://commons.wikimedia.org/wiki/Elections,0.59950995
http://conceptnet5.media.mit.edu/c/fr/carm%C3%A9lite,0.59941447
http://www.xenu-directory.net/news/library.php?t=Opus+Dei,0.5993539
http://misspreservation.com/2010/12/03/building-a-list-of-required-mississippi-places?_wpnonce=efd407ba25&like_comment=3154,0.5993526
http://synonyms.woxikon.com/en/non-specific,0.59899175
http://surnames.behindthename.com/namesakes/history.php?id=10020&version=12080,0.5989025
http://commons.wikimedia.org/wiki/Category:Counts_of_Zeeland,0.59888256
http://open.library.ubc.ca/collections/fisheries/items/1.0210555,0.5986079
http://ahmadrezaebrahimi.com/articles/p/365-spain,0.5981742
http://suttonpoyntz.org.uk/index.php/history/documents-sources/medieval-documents,0.59767693
http://eplaya.burningman.org/viewtopic.php?p=848933,0.59715474
http://en.wikibedia.ru/wiki/Al_Qurm,0.59568834
http://forums.nesdev.com/search.php?author_id=27132&sr=posts,0.59551454
http://www.combedown.org/on-combe-down-now/wikipedia-area-entries-around-combe-down,0.5955087
http://visuallibrary.net/name/view/437940,0.595068
http://identify.plantnet.org/antilles/species/Chamaecrista%20diphylla%20(L.)%20Greene/data,0.5944995
http://www.theworldsclassics.org/2016/11/claude-bernard-french-physiologist-1813.html,0.5943843
http://www.evcforum.net/dm.php?control=page&mpp=15&p=6&t=20058,0.59376925
http://www.xenu-directory.net/news/library.php?t=Ashish+Virmani,0.59275836
http://theembiggensproject.com/tag/belostomatidae,0.5924696
http://checkpeople.com/public-records?city=Rancho+Cucamonga&firstName=Hanan&lastName=Zabadneh&state=California,0.59195113
http://www.theatre-architecture.eu/google-map.html?point=48.878566944444%2C2.3315261111111&theatreId=596,0.5908204
http://www.visit-luebeck.com/package/casino-black-red,0.590663
http://commons.wikimedia.org/wiki/Category:Booth_Tarkington,0.59036654
http://michelserres.blogspot.com/2010_01_10_archive.html,0.59025604
http://radaris.de/p/Catherine/Baroun,0.589733
http://www.mdbg.net/chinese/dictionary?wdqb=c%3A%E8%83%8A%2A&wdrst=0,0.5896757
http://www.xenu-directory.net/news/library.php?t=Alex+Sibiersky,0.589663
http://www.irohabook.com/burundi,0.5893898
http://forum.latein24.de/viewtopic.php?f=1&t=16079&view=print,0.5893353
http://en.orthodoxwiki.org/Template_talk:March_8,0.58764696
http://identify.plantnet.org/aft/species/Albizia%20forbesii%20Benth./data,0.58758837
http://www.yellowpagesofafrica.com/companies/kenya/brickyards,0.5866134
http://worldcat.org/identities/lccn-n79-22911,0.5861751
http://philippineinternment.com?page_id=27&replytocom=18215,0.5860458
http://www.haroldstreet.org.uk/waypoints/download?hillnumber=8795,0.58600634
http://aqicn.org/station/ukraine/odesa/1/vulytsia-viry-inber,0.5857314
"http://www.chemeo.com/cid/85-629-0/5-Hydroxy-2,2,6,6-tetramethyl-4-cyclohexene-1,3-dione",0.5856302
http://lettersofnote.com/tumblr_lu2ubgtuuk1qac511o1_1280,0.5848141
http://civilwaralbum.com/misc13/woodlawn1.htm,0.5846425
http://insilicogen.com/blog/category/%EC%A0%95%EB%B3%B4%EA%B3%B5%EC%9C%A0,0.5846062
http://id.dbpedia.org/page/Yohanes,0.58458626
http://earthjay.com?p=9214,0.58454144
http://edwardbetts.com/find_link/Kathleen_M._Gainey,0.5843693
http://m.wikidata.org/wiki/Q1476215,0.5838783
http://www.xenu-directory.net/news/library.php?pg=6&ppg=30&t=Lawrence,0.5838194
http://www.gematrix.org?word=hippopotamus,0.5836985
http://anderes-wort-fuer.de/Carnivora,0.5832008
http://wiki-offline.jakearchibald.com/wiki/Masaka_(horse),0.582986
http://us-radio.com/knid-107-1-r4699,0.58213377
http://exiledrebelsscanlations.com/sh-chapter-4,0.5819125
http://teresa-goatham.me.uk/genealogy/getperson.php?personID=I253&tree=tree1,0.5816105
http://www.wikidata.org/wiki/Q444439?uselang=ca,0.581232
http://collegewindow.com/california/glendale-community-college,0.5811981
http://www.phosphosite.org/overviewExecuteAction?id=4137&showAllSites=true,0.580927
http://indo.wiki/content/(315960)%202008%20UB190/Halaman_Utama.html,0.5807606
http://www.xenu-directory.net/news/library.php?t=Kevin+Tighe,0.5801634
http://rabble.ca/comment/2338061,0.58000576
http://en.sakuhindb.com/te_j/PS3,0.57926935
http://commons.wikimedia.org/wiki/Category:%C3%89tienne_Gilson?uselang=it,0.57919335
http://pantheon.world/profile/person/John_the_Apostle,0.5791874
http://www.theworldsclassics.org/2016/11/paul-dukas-french-composer-1865-1935.html,0.57832885
http://www.halfbakery.com/idea/Visible_20units,0.57829064
http://www.au-e.com/search/brisbane-queensland,0.57826376
http://nmc.libguides.com/c.php?g=943034&p=6797628,0.5772002
http://conceptnet5.media.mit.edu/c/en/downhill_creep,0.5766627
http://www.gematrix.org?word=queen+elizabeth+shapeshifter,0.5762327
http://commons.wikimedia.org/wiki/Category:Otto_Dimroth,0.57523996
http://oesteuropastudier.dk/en/dictionaries/fauxamis?form=miesto&language=Slovak&mode=showterm&term_id=261,0.5751063
http://the-new-liberator.com/tag/bushmaster-ar-15,0.5744048
http://www.xenu-directory.net/news/library.php?mf=1&mt=12&t=Intimidation&yf=1993&yt=1993,0.57420063
http://www.logolynx.com/topic/pak+air+force,0.57387877
http://www.xenu-directory.net/news/library.php?t=Brian+Braiker,0.57383657
http://pparihar.com/2015/02/15/mahavir-jain-and-malli-kumari-a-women-tirthankar,0.5737016
http://bahai-library.com/tags/Ted%20Anderson,0.573691
http://en.sakuhindb.com/te_j/6_C6C1B4D6A5C7A5E5A5A2A5EBCAB8B8CB,0.5734706
http://www.gematrix.org?word=praying+mantis,0.57332236
http://en.orthodoxwiki.org/index.php?printable=yes&title=Sarum_Use,0.5731648
http://collegewindow.com/wisconsin/madison-area-technical-college,0.5722666
http://pzgik.geoportal.gov.pl/prng/Miejscowosc/PL.PZGiK.204.PRNG.00000000-0000-0000-0000-000000077330-59367,0.5719733
http://www.yellowpagesofafrica.com/companies/kenya/computing-ingeneering,0.57142544
"http://www.chemeo.com/cid/85-445-4/Oxirane,%20[(phenylmethoxy)methyl]-",0.57130027
http://identify.plantnet.org/japan/species/Calamagrostis%20sesquiflora%20(Trin.)%20Tzvelev/data,0.5711948
http://doi.pangaea.de/10.1594/PANGAEA.261527,0.5710178
http://live.babelnet.org/synset?details=1&lang=HE&word=bn%3A00324933n,0.5702558
http://live.babelnet.org/synset?details=1&lang=AR&word=bn%3A00079074n,0.5702558
http://live.babelnet.org/synset?details=1&lang=HI&word=bn%3A00080959n,0.5702558
http://live.babelnet.org/synset?details=1&lang=RU&word=bn%3A00042731n,0.5702558
http://rabble.ca/comment/2699121,0.5699451
http://www.thescienceforum.com/computer-science/24008-dijkstras-algorithm-priority-first-search.html,0.5698654
http://commons.wikimedia.org/wiki/Category:Maria_Anna_of_Bavaria_(1574%E2%80%931616)?uselang=it,0.5698298
http://sonichu.com/cwcki/Silvana,0.569471
http://www.uniprot.org/uniprot/Q8IVF7,0.56856585
http://nockfamilyheritage.com/2012/09/17/download-henry-nock-innovator-1741-1804-from-asoac-org-ebooks-center-best-ebooks-database-of-uk,0.5683627
http://pt.dbpedia.org/resource/Predefini%C3%A7%C3%A3o:Singles_de_Mariah_Carey,0.56759906
http://thereaderwiki.com/en/Virgilio_Fossati,0.5665323
http://mirror.its.dal.ca/kde/stable/kup?C=N&O=D,0.5660478
http://edwardbetts.com/find_link/Milford_Haven,0.56549454
http://www.pollenlibrary.com/Specie/Ambrosia+cheiranthifolia,0.56518865
http://www.gematrix.org?word=peace,0.5651556
http://4fotos1palabra.net/nivel-1536,0.56392777
http://exchangewar.info/coinprice?litb_usd=,0.5636577
http://checkpeople.com/search/Chengcheng-Ma/in-NE/Lincoln/0c6496dfddfd41efaa32df9087c7a28e,0.56258965
http://m.wikidata.org/wiki/Q15644561,0.5623548
http://www.mosques-usa.com/menominee-mosques/menominee-mosques-islamic-centers-masjid-and-islamic-schools-%E2%80%93-menominee-michigan.html,0.5620094
http://chinabuddhismencyclopedia.com/en/index.php?title=Arahatship,0.5619133
http://weblinkpedia.com/siteinfo/paris.craigslist.org,0.5612831
http://en.wikibedia.ru/wiki/(223)_Rosa,0.56111246
http://ja.dbpedia.org/page/%E3%83%AB%E3%83%8D%E3%83%BB%E3%83%89%E3%83%BB%E3%83%96%E3%83%AB%E3%83%9C%E3%83%B3%EF%BC%9D%E3%83%91%E3%83%AB%E3%83%A0,0.5599161
http://lignesinvisibiles.com/2019/11/21/modern-odysseys?_wpnonce=746e8dde98&like_comment=315,0.5595883
http://www.peoplefinders.com/name/sally-xiong,0.55872506
http://checkpeople.com?firstName=Charles&lastName=Zaba,0.5584296
http://checkpeople.com/search/Kevin-O-Halloran/in-IL/Oak-Forest/1d24e6a213f44adfac9038f665ea7ab6,0.55796236
http://hungarianreference.com/Nevnap.aspx?Name=Cintia,0.55733085
http://www.gematrix.org?word=yodh+he+wow+he,0.5570853
http://4fotos1palabra.net/nivel-248,0.5568428
http://www.gecoolplaces.com/related.php?place=canada_diamond_mines,0.55642366
http://www.gematrix.org?word=cartoon+creature+called+the+mirror,0.5561333
"http://micronations.wiki/wiki/The_People's_Republic_of_Foggzania,_and_its_other_Dimensional_Dependencies",0.5560972
http://www.peoplefinders.com/name/range3-i159-160,0.55394423
http://mirror.its.dal.ca/kde/stable/oxygen-gtk/1.1.4?C=S&O=D,0.55390525
http://www.reftopia.com/dictionary/64th%20note,0.5536573
http://duck-links.com/oktoberfest-muenchen,0.55351067
http://checkpeople.com/search/Jean-Wells/in-TX/Houston/b1be6be6b1d74777b1569424b630e300,0.55310935
http://www.dwotd.nl/2006/11/81-staking.html,0.5529271
http://robertbody.com/cities/tempe/ironman-arizona-2010/index.html,0.5528496
http://robertbody.com/cities/phoenix/index.html,0.5528496
http://aocwiki.net,0.5525416
http://ortografia4.appspot.com/wiki/Ryan_Wright,0.5518819
http://thesaurus.plus/synonyms/awesome,0.55065835
http://abbreviations.woxikon.com/en/saec,0.5502405
http://www.peoplefinders.com/name/range3-z187-190,0.54996634
http://www.peoplefinders.com/name/range3-i143-175,0.5477947
http://bafybeicgmdpvw4duutrmdxl4a7gc52sxyuk7nz5gby77afwdteh3jc5bqa.ipfs.dweb.link/wiki/Afgan_(para_birimi).html,0.54724616
http://www.crwflags.com/FOTW/FLAGS/zz_w-tah.html,0.5470395
http://id.dbpedia.org/page/21_(angka),0.5470096
http://lexic.us/definition-of/pseudobacteria,0.5466797
http://www.scanriverside.com/viewtopic.php?f=46&p=6931,0.5460697
http://crwflags.com/fotw/flags/us-meeap.html,0.5458279
http://www.wordlab.com/blog/2009/06,0.5457354
http://www.clasbio.ru/classification.php?id=588,0.5449706
http://cabinet.ontheissues.org/Economic/Richard_Ojeda_Technology.htm,0.54419506
http://checkpeople.com/search/Rutger-Zaal/in-NY/New-York/f76c7e9ad6ea4298a72983026651b841,0.54391456
http://dictionnaire.sensagent.leparisien.fr/Rod_(unidade)/pt-pt,0.54369515
http://meta.wikimedia.org/wiki/Board_elections/2009/Candidates/sv,0.54368603
http://pzgik.geoportal.gov.pl/prng/ObiektFizjograficzny/PL.PZGiK.204.PRNG.00000000-0000-0000-0000-000000154381-280475,0.5436554
http://www.wordbyletter.com/wiki/radix,0.5435779
http://paleocodex.com/species/102339,0.54284626
http://www.wordaz.com/Bountiful.html,0.5412126
http://dictionnaire.sensagent.leparisien.fr/New_Zealand_cricket_team_in_Australia_in_1982%E2%80%9383/en-en,0.54008085
http://thereaderwiki.com/en/Christmas_Day,0.5400624
http://www.wikidata.org/wiki/Q22438887,0.5398581
http://id.dbpedia.org/page/Predikat,0.53975666
http://checkpeople.com/arrest-records?city=Grand+Rapids&firstName=Vera&lastName=Zaagman&state=Michigan,0.53965354
http://el.dbpedia.org/page/%CE%95%CF%85%CE%B8%CF%8D%CE%BC%CE%B9%CE%BF%CF%82_%CE%9A%CE%B5%CF%87%CE%B1%CE%B3%CE%B9%CE%AC%CF%82,0.53807205
http://www.latin-is-simple.com/en/vocabulary/phrase/261,0.5380038
http://thesaurus.altervista.org/dict/it/peso+atomico,0.537781
http://www.ndr-group.org,0.5377091
http://www.librarian.net/tag/kmatthewdanes,0.53677267
http://www.soviet-empire.com/ussr/viewtopic.php?f=121&start=640&t=42046,0.5366077
http://calculla.com/polish_pesel_reader,0.53602564
http://blogs.harvard.edu/doc/tag/statistics,0.53478694
http://conceptnet.media.mit.edu/c/it/demonico,0.53422666
http://wiki-offline.jakearchibald.com/wiki/Finswimming,0.53370816
http://webot.org/info/en?search=Iowa,0.53357196
http://doi.pangaea.de/10.1594/PANGAEA.196386,0.5329057
http://www.ijsr.net/get_abstract.php?paper_id=ART2019807,0.53144157
http://kids.kiddle.co/Plomodiern,0.531268
http://doi.pangaea.de/10.1594/PANGAEA.107674,0.5304316
http://www.peoplefinders.com/name/julie-word/co,0.52857196
http://zbw.eu/stw/version/latest/descriptor/10032-2/about.en.html,0.5282756
http://clonehenge.com/tag/mini-avebury,0.5281872
http://anagora.org/@flancian/luciana,0.52791345
http://ja.dbpedia.org/page/%E3%83%89%E3%82%A4%E3%83%84%E8%B5%A4%E8%BB%8D,0.5275218
http://www.peoplefinders.com/name/lisa-carrigan/pa,0.5266733
http://oi.qizy.tech?p=3434&replytocom=25623,0.52575815
http://kiosk.pioneerwomen.com.au/herstory2017/woman/sara-sally-1971,0.52517986
http://www.topscorersfootball.com/donis-avdijaj,0.5250908
http://www.peoplefinders.com/name/gertrude-welch/ky,0.524444
http://www.imortuary.com/funeral-homes/iowa/vinton.php,0.52407956
http://www.unsolved-murders.co.uk/murder-content.php?key=569&termRef=Muriel+Gwendoline+Maitland,0.52318937
http://www.chemeo.com/cid/85-639-9/Adamantan-4-on-1-ol,0.5226511
http://skepticalscience.com/CO2-was-higher-in-late-Ordovician.htm,0.5221263
http://www.electoral.graphics/en-us/%D0%93%D0%BB%D0%B0%D0%B2%D0%BD%D0%B0%D1%8F/PID/559/evl/0/CategoryID/54/CategoryName/%D0%A0%D0%BE%D1%81%D1%82%D0%BE%D0%B2%D1%81%D0%BA%D0%B0%D1%8F-%D0%BE%D0%B1%D0%BB%D0%B0%D1%81%D1%82%D1%8C,0.520911
http://www.michaeljohngrist.com/2010/08/relics-of-camp-drake-in-saitama-japan?replytocom=603209,0.52081203
http://emc.historycarnival.org/searchcat?s=Simeon+Wing,0.51971215
http://rationalwiki.org/wiki/Bolsheviks,0.5170365
http://althouse.blogspot.com/2018/01/a-wretched-place-a-dirty-or-dilapidated.html?showComment=1515774914131,0.51694334
http://classicalmusiconly.com/composer/johannes-ciconia/works/orchestral/lieder-songs,0.5167108
http://eurogenes.blogspot.com/2018/04/likely-yamnaya-incursions-into.html?showComment=1524614125121,0.5137541
http://infogalactic.com/info/Eure_(river),0.51295877
http://www.reftopia.com/dictionary/ablated,0.5114769
http://bafybeicgmdpvw4duutrmdxl4a7gc52sxyuk7nz5gby77afwdteh3jc5bqa.ipfs.dweb.link/wiki/%C4%B0zlanda_Kronas%C4%B1.html,0.5114108
http://pzgik.geoportal.gov.pl/prng/ObiektFizjograficzny/PL.PZGiK.204.PRNG.00000000-0000-0000-0000-000000118301-248060,0.5111512
http://pzgik.geoportal.gov.pl/prng/Miejscowosc/PL.PZGiK.204.PRNG.00000000-0000-0000-0000-000000009125-6798,0.5110081
http://thereaderwiki.com/en/Caribbean,0.5091368
http://commons.wikimedia.org/wiki/Category:Star_polygons,0.5090398
http://sites-reviews.com/en/kk.wikipedia.org,0.50889623
http://search.yahoo.com/mobile/s?_tsrc=apple&age=1w&d=%7B%22dn%22%3A%22yk%22%2C%22ykid%22%3A%220918d68e-5a6f-45d7-8048-73252842b303%22%2C%22sourceId%22%3A%222f1168b4-bed2-4e5a-8cb4-32171c171e54%22%2C%22targetLabel%22%3A%22Dan+Ireland%22%7D&ei=UTF-8&p=Dan+Ireland&xargs=0,0.5082796
http://omniatlas.com/maps/europe/18631224,0.50707704
http://tangorin.com/sentences/997790,0.5064859
http://en.unionpedia.org/i/SMK_tank,0.50453436
http://www.peoplefinders.com/name/jessie-finley/ar,0.5035385
http://www.colonialsense.com/Society-Lifestyle/Census/Person/Hans_Hendrik_van_Paesschen/6293.php,0.5026289
http://holonity.com/tetragonal-2,0.50201184
http://api.aucklandmuseum.com/id/humanhistory/object/80735,0.50177866
http://slife.org/christian-views-on-hell,0.5011016
http://www.crossword-clues.com/clue/gen-arnolds-nickname-crossword,0.50086945
http://search.yahoo.com/mobile/s?_tsrc=apple&age=1w&ei=UTF-8&fr2=12328&p=Tagalog+people+wikipedia,0.5005197
http://paulsed.com/2012/03,0.5003133
http://biomedikal.in/2011/05/tips-for-engineer-how-to-use-a-scientific-calculator-casio,0.5000694
http://pullman-museum.org/demographics/census1910.php?uid=16394,0.49847665
"http://wiki.rip/wikipedia/Duke_of_York's_Picture_House,_Brighton",0.49485856
http://www.fallingrain.com/world/US/SD/Brandon.html,0.49427345
http://everything.explained.today/West_Chadic_languages,0.49345028
http://wikien4.appspot.com/wiki/Augustus_Hall,0.49232897
http://ancientworldonline.blogspot.com/2015/12/alphabetical-list-of-open-access.html?showComment=1451414349239,0.49203894
http://epo.wikitrans.net/John_Fuller_(college_head),0.49156252
http://thereaderwiki.com/en/Royal_Air_Force,0.4912569
http://forums.anandtech.com/threads/97-of-all-shootings-in-nyc-are-done-by-blacks-or-hispanics.2268741,0.49034685
http://www.marbk-56t.win/wiki/Picard_language,0.48992825
http://www.leighton-buzzard.my-towns.co.uk/businesses/finance-companies.php,0.4887893
http://www.chinabuddhismencyclopedia.com/en/index.php?title=Origin_And_Development_Of_Ny%C4%81ya-Vai%C5%9Be%E1%B9%A3ika_And_%C4%80yurveda-From_Early_Times_To_Modern_Time,0.48867387
http://www.movieberry.com/review/show/14121,0.4884991
http://dist.sixfeetup.com/pypi/collective.vdexvocabulary,0.4853525
http://kiwix.demo.ideascube.org/wikipedia.es/A/Unidades_derivadas_del_Sistema_Internacional,0.48316422
http://www.peoplefinders.com/name/keron-tucker/fl,0.4812904
http://www.eightleavesmedia.com/2010/04/a-marketers-guide-to-the-edmonton-census,0.48013967
http://www.errancy.com/tag/legion,0.4798853
http://infogalactic.com/info/Numbered_Air_Force,0.47946832
http://prophetbrahmarishi.me/2012/06/21/g?_wpnonce=1a0ace365a&like_comment=1914,0.4786791
http://commons.wikimedia.org/wiki/Category:Stephanie_Krisper?uselang=de,0.47845584
http://www.peoplefinders.com/name/jeanne-nir/tx,0.4783126
http://doi.pangaea.de/10.1594/PANGAEA.351242,0.476523
http://anagora.org/@flancian/dan-squier,0.47625238
http://doi.pangaea.de/10.1594/PANGAEA.149524,0.47545302
http://www.movieberry.com/elizabeth,0.4715154
http://geokov.com/mapping-help.aspx,0.46884656
http://id.dbpedia.org/page/Gorila,0.4663365
http://fr.dbpedia.org/page/Jeremy_Bentham,0.46330243
http://rationalwiki.org/wiki/Dhimmi,0.45792776
http://www.peoplefinders.com/name/denisse-avila/nj,0.4491511
http://vtourstudios.com/virtual_tour/2800-99th-ave-e,0.44873667
http://www.wordaz.com/Limnodromus.html,0.446375
http://www.crewsgenealogy.com/w/index.php?mobileaction=toggle_view_mobile&title=David_Hickox,0.44483334
http://worldlanguagelibrary.com/flashcards/azerbaijani,0.4437224
http://www.wordaz.com/Marias.html,0.429014
http://www.bloomingpedia.org/wiki/Morgan_County,0.4279856
http://www.racing-statistics.com/en/constructors/compare/lotus-brm/seasons/1962,0.42566228
http://colors.v01.jp/000076,0.41381407
