url,centroid_sim
http://alemdatorredeobservacao.wordpress.com/tag/themyscira,0.7087273
http://alemdatorredeobservacao.wordpress.com/tag/scott-summers,0.68404686
http://indretsescbergueda.blogspot.com/2019/11,0.67148244
http://www.cuentosdelapelota.com.ar/2010/01/ocurrio-durante-el-sudamericano-de.html,0.66932416
http://www.otereze.cz/2015/11/ja-prechylenaaa,0.66926837
http://indretsescbergueda.blogspot.com/2018/11,0.66671264
http://www.wittgenstein.it/2019/12/20/come-triste-tristane-missouri,0.65629864
http://btopc.jp/select/pc-monitor-tech-news.html,0.65548456
http://www.circacfd.com/2006/07/02/hors-jeu,0.65495247
http://aspiranten.blogspot.com/2007/08,0.6339855
http://virxedorocio.blogspot.com/2012/02,0.6286144
http://archives.ecrannoir.fr/films/films.php?f=5404,0.62792933
http://imasportsphile.com/5619-2,0.62621206
http://imasportsphile.com/nfl-1979-abc-sports-special-monday-night-football-promo-for-the-cowboys-game-with-howard-cosell,0.62586355
http://pacoelvirafoto.blogspot.com/2009/06/la-cara-o-cruz-de-los-viajes-la-cara.html,0.6191057
http://www.oficinadegerencia.com/2008/09/excelente-iniciativa-com-certeza-vai-se.html,0.6168991
http://atamanisutto.livedoor.biz/archives/51523867.html,0.61578107
http://heldenblog.net/tag/traum,0.6110919
http://meroveus.home.blog/2019/11/22/the-horn?_wpnonce=31d662d61d&like_comment=11230,0.6043018
http://meroveus.home.blog/2019/11/22/the-horn?_wpnonce=02bf05bd23&like_comment=11518,0.6043018
http://oxymoron-fractal.blogspot.com/2010/09/eva-red-virgin.html,0.6024147
http://www.deliriodocotidiano.com/2009/07/novo-visual.html?showComment=1247142372548,0.6022643
http://tennesseedogguardinc.com/anatolian-shepherd-dog-breed-guide,0.6017358
http://artscatter.com/general/art-the-pleistocene-made-us-do-it,0.5989513
http://lostoregon.org/2010/05/30/portlands-restaurant-heritage?replytocom=889,0.59845054
http://lostoregon.org/2010/05/30/portlands-restaurant-heritage?replytocom=886,0.5984505
http://www.watson.ch/digital/playstation/883387584-25-jahre-playstation-es-begann-mit-einer-demuetigung-aber-sony-raechte-sich,0.5977182
http://bestatterweblog.de/category/mitarbeiterfirma,0.5976106
http://www.psycho-talk.de/tag/scientology,0.5973735
http://blogs.mosman.nsw.gov.au/library/article/56/the-hospital-on-the-hill,0.5929245
http://totovaca.blogspot.com/2009/12/la-inspiracion.html,0.59064394
http://www.iosephus.me/2008/01/imgenes-que-hay-que-ver-para-no-poder.html,0.59027314
http://claytonecramer.blogspot.com/2011/10/myths-about-iraq-war.html,0.5876919
http://www.webmechta.com/poznay-mir/509-hvoynie-dereviya,0.5875416
http://www.wrekehavoc.com/2011/11/arlandria,0.58671665
http://www.bulutsu.org/ggg?gun=120506,0.5867075
http://claytonecramer.blogspot.com/2018/12/bad-movies-are-not-new.html,0.58535457
http://en.klipsart.com/a-propos-parcours,0.58360815
http://skunkworksblog.com/2018/03/04/the-electromagnetic-hypothesis-emh?_wpnonce=6f8cc5756c&like_comment=12,0.58298
http://www.blogdenosdois.com/2014/07,0.58278155
http://www.gazzettadaltacco.it/sa0pw/b9bb97-materassi-groupon-opinioni,0.5825662
http://interacciones.org/2007/09,0.582461
http://claytonecramer.blogspot.com/2015/01/its-official.html,0.5823077
http://taalfluisteraar.be/tag/rex-harrison,0.5822059
http://www.love-balikpapan.com/p/sekilas-balikpapan.html,0.5815214
http://eos.macoperator.de/tag/makro,0.5806609
http://claytonecramer.blogspot.com/2013/05/new-pjmedia-article_17.html,0.57988954
http://nat-geo.ru/science/paleontology/vpervye-vossozdan-mozg-odnogo-iz-starejshih-dinozavrov,0.5792913
http://kategriffin.org/experiments,0.5792119
http://www.fffilm.name/2012/01/fenomen-jim-henson-loutkar.html,0.5790826
http://madonnans.wordpress.com/tag/tv,0.5787852
http://neonplasticlotus.com/tag/fears,0.5786185
http://reconstruindopassado.blogspot.com/2013/04,0.57859194
http://www.barrypopik.com/index.php/new_york_city/entry/he_can_take_hisn,0.5785175
http://encyklopedia.naukowy.pl/1989_w_filmie&section=1,0.5784522
http://alchetron.com/HMS-Espoir-(1797),0.5772361
http://bradmackay.blogspot.com/2007/10,0.5747813
http://arcadiapod.com/2013/07/07/the-tripods-1984-a-village-in-england-july-2089-ad?msg=fail&shared=email,0.5744449
http://www.lawrencechs.com/palatial-residence,0.57431865
http://www.sapience2112.com/tag/lifesizeghosts,0.57372856
http://skullsinthestars.com/2014/01/11/arthur-c-clarkes-rendezvous-with-rama?replytocom=24550,0.573694
http://www.littledollhouse.com.br/2011/08/desdica-de-leitura-paul-mccartney-uma.html,0.57329655
http://blatherskiteblog.com/2016/02/14/cultivate-love,0.5728865
http://www.videoupdates.net/2009/03/body-melt-1993.html,0.57269174
http://blogs.20minutos.es/trasdos/tag/beauty,0.5722865
http://shiveshranjan.com/2016/10/21/nagraj,0.57168937
http://joanplanas.com/2006/04/13/uniendo-cabos?msg=fail&shared=email,0.57042444
http://bmhonline.wordpress.com/2018/05/01/the-thing-about-flat-earthing,0.57021445
http://blog.inkyfool.com/2010/07/aux-armes-etc.html?showComment=1279181285784,0.56983936
http://www.trommelspeicher.de/podcast/creative-commons,0.56941223
http://onartandaesthetics.com/2016/03/02/de-divina-proportione,0.5692091
http://www.cicloturismoleon.com/2012/04/inspiracion-en-el-infierno-del-norte.html,0.56906074
http://humanistseminarian.com/tag/citations,0.568537
http://lume-brando.blogs.sapo.pt/2012/12,0.56834626
http://quietbabylon.com/2009/b-list-holy-grails-and-a-contest,0.5682074
http://somestronglanguage.wordpress.com/category/places/united-states/new-york-city,0.5679568
http://cliscep.com/2019/03/15/tales-of-the-unexpected?_wpnonce=0d37065278&like_comment=34980,0.5679511
http://claytonecramer.blogspot.com/2018/11/simple-question-car-batteries.html,0.5678677
http://nazology.net/archives/80515,0.56770027
http://texlibris.lib.utexas.edu/tag/abdullah-tariki,0.566576
http://scottmccloud.com/2009/06/30/drawn-when-i-was-15,0.5665426
http://reemsaied.wordpress.com/tag/paris,0.5663004
http://www.el-peletero.com/2013_07_03_archive.html,0.5659636
http://shadowsteve.blogspot.com/2013/07,0.5658914
http://blog.gslin.org/archives/2008/09/13/1686/amazon-ec2,0.5656953
http://mrkvicka.blogspot.com/2011/11/sociomorfni-modelovani-soucasneho.html,0.5651575
http://claytonecramer.blogspot.com/2014/06/georgias-new-gun-law.html,0.5650959
http://blog.uvm.edu/aivakhiv-ukrtaz/2020/06,0.56469136
http://thenaturalhistorian.com/2019/01/29/natural-pitfall-traps-preserving-a-history-of-unfortunate-events?_wpnonce=1046389d79&like_comment=87926,0.56451905
http://www.vivabritannia.de/tag/freddie-mercury,0.5638168
http://www.simonettafarnesi.it/lamore,0.56156325
http://www.dknolte.com/2020/01/24/masp,0.5607091
http://blogs.sch.gr/pathanasiadou,0.559834
http://www.documakers.be/video/het-begin-van-de-1ste-wereldoorlog,0.55980766
http://pittpat.blogspot.com/search?max-results=3&reverse-paginate=true&updated-max=2010-12-21T20%3A33%3A00-05%3A00,0.5586526
http://veryinutilpeople.myblog.it/2010/07/11/la-premiere-mondiale-di-inception,0.5586408
http://claytonecramer.blogspot.com/2011/01/jim-bohannon-show-tuesday-evening-1000.html,0.5580768
http://blog.sherlockholmesonline.es/p/the-hound-of-baskervilles-1982.html,0.5579903
http://claytonecramer.blogspot.com/2017/11/tehama-county-shooter-made-own-ar-15s.html,0.5574725
http://www.blogofdeath.com/2004/07/10/jeff-smith?replytocom=48272&share=google-plus-1,0.5542015
http://vaudevisuals.com/category/tag/trash-art,0.55380416
http://www.cosmicvisionnews.com/blog/item/257-cvn-25nov16,0.5535005
http://www.retesociale.it,0.55264634
http://geboren.am/person/odon-von-horvath,0.5520714
http://anthrowiki.at/Schamanismus,0.55202085
http://efemeridesdoefemello.com/2016/03/22/trevor-berbick-se-torna-o-novo-campeao-dos-pesados,0.5515213
http://boston1775.blogspot.com/2014/07/winslow-house-events-in-july.html,0.5510863
http://areap9b.blogs.sapo.pt/1338.html,0.5509895
http://www.kuuke.nl/alle-sterrenbeelden/triangulum-australe-zuiderdriehoek,0.5505145
http://www.chrp-india.com/blog/history-of-augmented-reality,0.54979575
http://www.eljijinews.com/zodiac/berbec/berbec-paisprezece-aprilie-ziua-traditiei,0.54860336
http://thekankel.blogspot.com/2015/04,0.54860234
http://bendbranches.com/tag/history,0.548368
http://scifidominion.com/tag/claudia-black,0.548041
http://www.ceymann.de/tag/andreas,0.5480017
http://briantroy.com/tag/free-market,0.54768634
http://pirulocosmico.blogspot.com/2013/03,0.54767114
http://nonjatta.blogspot.com/2007/06/richard-paterson-and-whisky-manga.html,0.5474224
http://www.myamplelife.com/wp/2019/10/wewtf-and-other-unicorns-about-to-get-their-haircuts,0.5464916
http://iddanon.blogspot.com/2010/09/2010.html,0.54645956
http://tultican.com/tag/gates,0.5455434
http://astrofella.wordpress.com/tag/william-napier,0.5442394
http://www.ussflierproject.com/2016/06/the-concealed-loss-of-s-27-part-2-abandoned-on-amchitka,0.54403096
http://www.monissa.com/432postcards/category/location/uk/england/yorkshire,0.54348195
http://videoproductionpros.ca/2017/04/common-elements-of-successful-storytelling-videos,0.5432248
http://redpanda08.wordpress.com/tag/wainwrights,0.54289687
http://www.mcneillifestories.com/tag/bernard-miron,0.54286456
http://status451.com/2016/01/06/splain-it-to-me?_wpnonce=d505c85297&like_comment=119,0.54247546
http://nerdipop.co.za/the-phantom-of-the-opera,0.5411668
http://arpiece-factory.com/2014/03,0.54055536
http://softpres.org/news:2010-10-10,0.54049313
http://www.rfcafe.com/references/radio-electronics/guided-tv-bomb-radio-electronics-january-1951.htm,0.5404555
http://www.67notout.com/2012/05/giants-of-somerset.html,0.54022694
http://www.mostlymuppet.com/2006/06/14/flag-day,0.5399717
http://philipsung.blogspot.com/2010/10,0.5399519
http://aplanetruth.info/2016/12/03/commercial-air-flights-on-a-flat-earth-work-perfectly?_wpnonce=ef9b52f771&like_comment=20954,0.5397471
http://www.universalis.com/L/meast.sarabia/20210521/today.htm,0.5385873
http://www.kunstbus.nl/literair/samuel+taylor+coleridge.html,0.538503
http://www.hugentoblers.com/2010/08/as-sociedades-secretas-parte-2.html,0.53840566
http://www.authenticlight.org/2016/10/the-great-announcement-part-3.html,0.5376353
http://nado.znate.ru/Dire_Straits,0.53700924
http://claytonecramer.blogspot.com/2017/11/tater-tot-is-doing-better.html,0.5367986
http://portraitsofwildflowers.wordpress.com/2017/09/03/strange-white-stuff,0.53628695
http://jpmarshman.com/tag/flash-fiction/page/2,0.53614175
http://karenkaminski.com/friday-unrelated-information-66,0.53597474
http://www.meghnet.in/2019/06/your-cultural-capital.html?showComment=1560342249300,0.5358095
http://jazzlives.wordpress.com/tag/maxine-sullivan,0.53567207
http://faithfictionfriends.blogspot.com/2020/03,0.5355302
http://hgm.sstrumello.com/2012/11/pop-culture-reunion-melrose-place.html,0.53513306
http://jf1lfo.seesaa.net/archives/201101-1.html,0.5347271
http://katsuster.net/static/2013/201309.html,0.53437054
http://travel.sygic.com/pt/list/indiana-o-que-fazer-region:88,0.5339149
http://penzweb.de/blog/2011/03/17/google-nerdism-er-ist-tot-jim,0.5330726
http://audiophilereview.com/audiophile/hair-shirt-audio,0.53269416
http://dairin001.blogspot.com/2013/07,0.5326447
http://www.wadeburleson.org/2011/08/multi-culturalism-in-america-will-one.html,0.5324544
http://otakuohana.com/tag/manga-university,0.5322701
http://faithfictionfriends.blogspot.com/2014/04,0.532251
http://sandymcintosh.info/ernesta-origin-and-glossary,0.5322302
http://www.occams-razor.info/tags/the_kennedy_family,0.53137803
http://paralleldivergence.com/2007/04/28/creation-museum-madness?replytocom=9552,0.53118104
http://blog.metrolingua.com/2005/10/brents-accent.html?showComment=1605769169071,0.5310949
http://www.electrostani.com/2008/01/mira-nairs-perez-family-1995.html,0.53092754
http://paulcorio.blogspot.com/2009/01,0.52992076
http://anti-mif.ru/nauka/brain-facts.html?print=1&tmpl=component,0.5298787
http://www.brideswell.com/richard.html,0.5293882
http://edibleskinny.blogspot.com/2016/08,0.5292119
http://www.timboucher.ca/2020/06/eos-greek-mythology-goddess-of-the-dawn,0.5289284
http://www.kozma.curragh-labs.org/blog?p=3590,0.5288718
http://dailytrope.com/2017/03/06/aschematiston-4,0.5287427
http://www.digitalplumehunter.com/2012/02/birding-victoria-laughing-kookaburra.html,0.5283856
http://www.fogonazos.es/2009/05/diez-maravillas-tecnologicas-de-la.html?showComment=1242299280000,0.5278283
http://ruthspitzer.typepad.com/ruthspitzer/road-trip,0.5277817
http://www.darknessfiles.com/single-post/2018/03/12/the-color-purple,0.5274104
http://evyliahardy.com/2017/11/01/ciri-terserang-hipertiroid?_wpnonce=58c47b2cef&like_comment=1727,0.527377
http://nplus1.ru/news/2019/03/23/tombot?utm_campaign=shenok&utm_medium=social&utm_source=oldlentach,0.52719307
http://smiletic.com/2014/03/14/hannibal-kaiseki-2x1,0.52712584
http://jfmoyen.free.fr/spip/plugins/blip/local/cache-vignettes/L750xH501/ecrire/spip.php?article26=,0.5269125
http://www.realitytvworld.com/pophollywood/superdad,0.52600205
http://www.overyourhead.co.uk/2013/05/nightmare-in-silver.html,0.52592736
http://leveninleuven.be/2011/01/28/de-winnaars-van-het-poezieproject-van-avondzwart-tot-ochtendlicht,0.525166
http://www.contracorriente.es/2012/12/hoy-escribira-el-papa-su-primer-tweet.html,0.52474195
http://encyklopedia.naukowy.pl/Wigo%C5%84,0.52470857
http://podbay.fm/p/the-brian-buffini-show/e/1608019260,0.52442205
http://stumblingonsexuality.com/raised-by-feral-feminists,0.52439904
http://21mm.ru/news/interesno/amerikantsy_i_russkaya_kukhnya,0.5241979
http://www.opera-arias.com/singers/cloe-elmo,0.5239477
http://thistlepixie.blogspot.com/2011/06,0.5231239
http://www.rapp.org/archives/2016/11/a-pioneer-goes-west?replytocom=119368,0.5224558
http://www.k-pmpstudy.com/entry/2019/02/23/highpressure,0.5215648
http://artofericwayne.com/2015/01/20/how-art-history-got-jackson-pollcok-all-wrong-and-why-it-matters?_wpnonce=4de9ad003d&like_comment=14101,0.5201574
http://www.corningware411.com/2014/04/bell-pepper-bliss-in-french-bisque.html,0.51997757
http://transientsky.com/2014/01/02/2014aa-earth-impactor?msg=fail&shared=email,0.5197781
http://yesteryearsnews.wordpress.com/tag/1925,0.5196416
http://banyuken.net/2009/04/20,0.5196254
http://seamusdubhghaill.com/tag/the-pacific-showband,0.51931065
http://www.curlingstonesforlegopeople.com/2014/04/d-is-for-dragons.html?showComment=1396607679795,0.51851875
http://astrofella.wordpress.com/tag/courtesans,0.5184871
http://mikenormaneconomics.blogspot.com/2015/08/bill-mitchell-roots-of-mmt-do-not-lie.html?showComment=1440623532845,0.5182264
http://www.secretsofuniverse.in/hendrik-lorentz,0.5181703
http://www.khaledramadan.org/beirut-skinhead-movement,0.51812077
http://peternoakes.co.uk/the-other-mona-lisa-and-some-bloke-called-hugh-blaker,0.5178102
http://mcluhangalaxy.wordpress.com/2014/10/27/the-medium-is-the-massage-the-film-1967-2,0.51752484
http://johnknifton.com/tag/dame-agnes-mellers,0.5173253
http://www.vanoostendorp.net,0.51624537
http://www.hereticspodcast.com/2019/05/18/27-the-heretics-bible-genesis-i,0.51587224
http://quitecontinental.net/tag/pf-flyers,0.51496255
http://themillennialmirror.com/trends/dick-butkus-wikipedia,0.51490784
http://eirinilachana.com/tag/willy-ronis,0.5147593
http://www.themoneyillusion.com/dont-know-much-about-history,0.5146233
http://mysteryplanet.com.ar/site/ragnarok-se-acabara-el-mundo-en-cien-dias,0.5138082
http://johnknifton.com/2015/08/17/a-trip-around-my-dads-past-raf-elsham-wolds?replytocom=7482,0.5135969
http://www.gyromantic.com/2016/10/our-home-supercluster.html,0.5132937
http://cergipontin.blogspot.com/2009/03/ferdrupt-88-le-darou.html?showComment=1236241680000,0.51258755
http://www.solvingforpattern.org/2013/01/25/prigogine-the-universe-has-a-history,0.512297
http://annahelme.com/blog/tag/art,0.5122412
http://minerdescent.com/2011/08/15/historic-houses,0.51169455
http://www.darkwatersyndicate.com/archives/category/dade%20county,0.51158226
http://www.kitescantfly.com/2020/06/the-picture-12-billion-years-in-the-making.html,0.51145244
http://www.depeu-japon.com/2011/06/okinawa-15-sunset-girls-dusk-and-dawn.html,0.5112771
http://sternrakestudio.blogspot.com/2018/10,0.5108328
http://page2pixel.org/tag/preservation,0.5107916
http://bedouina.typepad.com/doves_eye/2007/05/the_graduate.html?cid=70074972,0.5106057
http://alchetron.com/Pete-Smith-(speedway-rider-born-1957),0.51032954
http://conniemcleod.com/two-movies-and-one-small-act-of-kindness?replytocom=899,0.51013064
http://www.bilderblog.org/tag/michael-jackson,0.5098437
http://ascensionavatar.wordpress.com/tag/fake-politics,0.5098432
http://encyklopedia.naukowy.pl/Schutzstaffel,0.50984097
http://dc.metblogs.com/2006/09/08/top-25-fictional-dc-resident-12-derek-strange,0.509797
http://jaddeyekabir.com/tag/kars,0.5097716
http://collegeconnection.yolasite.com/the-college-whisperer/in-college-applications-truth-matters,0.5094151
http://kids.kiddle.co/Marc_Zermati,0.50886625
http://1pixart.blogspot.com/2009/09/birth-of-venus.html,0.508861
http://jessicadavidson.co.uk/2015/07/20/the-cosmic-serpent-dna-and-the-origins-of-knowledge?_wpnonce=3f2619d1e2&like_comment=10947,0.50793654
http://takeoutphoto.blogspot.com/2011,0.50792706
http://kaskilli.blogspot.com,0.5077529
http://thedailyhatch.org/tag/simon-schaffer,0.5075543
http://www.giannellachannel.info/mauro-corona-intervista-devo-mario-rigoni-stern-mia-rinascita,0.5075151
http://fotografcilarkulubu.com/kuzey-kutbunun-100-yil-once-cekilmis-fotograflari,0.5074069
http://thewayofimprovement.com/2013/04/27/a-tribute-to-gerda-lerner,0.5070064
http://portraitsofwildflowers.wordpress.com/2020/12/15,0.5068506
http://image.absoluteastronomy.com/topics/Stephen_II_of_Naples,0.5065648
http://thesocialhumanist.com/tag/7-billion,0.50637513
http://entersection.com/posts/827-osuitok-ipeelee-on-quiinuinaqtuk-and-angnatsiaq,0.50630593
http://elderofziyon.blogspot.com/2015/03/journalists-mock-accurate-israeli.html,0.5056574
http://listelist.com/john-lennon-kimdir,0.50531745
http://www.new-zealand-pictures.com/2012/03/reefton-ancient-monuments,0.50491416
http://anywhereiwander.com/2011/06/24/%E2%80%9Cthe-marcoses-the-missing-filipino-millions%E2%80%9D?replytocom=816,0.50487787
http://abiskoonline.blogspot.com/2011/02/ola-skinnarmo-forelaste-i-bjorkliden.html,0.50484747
http://tksm.org/wp/archives/category/blog,0.5048077
http://lahorenama.wordpress.com/tag/civil-aviation-authority,0.5046732
http://www.amazingmovies.es/2008/04,0.5044382
http://www.overyourhead.co.uk/2013/05/philip-glass.html,0.5043236
http://backtotheworld.net/tag/renzo-martens,0.5038772
http://thepulparchvist.blogspot.com/2017/02,0.50380063
http://greatwen.com/category/architecture,0.50330245
http://artandpopularculture.com/Leroy_Burgess,0.5031208
http://www.letterfromwarsawthemusical.com/the-creators,0.50288206
http://alchetron.com/Vincent-Perrot,0.50256383
http://seamusdubhghaill.com/tag/puppet-on-a-string,0.50201565
http://id.dbpedia.org/page/Aaliyah,0.5016364
http://geekoutuk.com/2019/05/08/film-review-shazam,0.5015706
http://blog.ksk-media.de/digitales-marketing-die-kiel-sieht-rot-kampagne,0.50156987
http://www.femulate.org/2018/06/someday-funnies_17.html,0.50156134
http://languagehat.com/ab-urbe-veni,0.5010518
http://serviervorschlag.site/tag/bruecke,0.5008485
http://www.norwegianmorningwood.com/2013/01/first-impressions-zero-dark-thirty.html,0.5008054
http://blog.metaobject.com/2014/09,0.5001414
http://chocoviv.home.blog/2020/11/05/movie-review-small-foot,0.50007474
http://peoplepill.com/people/christian-von-jessen,0.5000392
http://siliconvalleyredneck.typepad.com/siliconvalleyredneck/2014/08/index.html,0.49999684
http://inkedinhell.tomte.org/tag/sally-the-ghost-hunter,0.4994728
http://nickbrowne.coraider.com/2019/04/a-midsummer-nights-dream.html,0.49944028
http://www.radioesperans.com/about,0.49878383
http://allmyforeparents.blogspot.com/2013/02,0.49834567
http://photodevoto.com/2014/09/22,0.4982374
http://cambridgetower.net/author/admin,0.4982197
http://www.cognitvexplorer.co.uk/science/the-shawshank-perseverance-tunnelling-out-slowly,0.49786204
http://www.csn-deutschland.de/blog/2010/12/13/die-problematik-mcs-ist-der-regierung-schon-ofter-unterbreitet-worden,0.4978257
http://jfmoyen.free.fr/spip.php/IMG/article_PDF/plugins/blip/ecrire/ecrire/ecrire/IMG/pdf/ecrire/spip.php?article247=,0.4977717
http://poetic-muselings.net/tag/river-dee,0.49710956
http://www.francescorry.net,0.4968697
http://marcleoseguin.com/2017/06/12/anthem-the-heck,0.49682218
http://www.realitytvworld.com/pophollywood/without-limits/information,0.49631053
http://blog.woolwicharsenal.co.uk/archives/1747,0.4955454
http://johnknifton.com/tag/grantham-grammar-school,0.4954062
http://lorilangille.blogspot.com/2012/01/buffet_26.html,0.49537823
http://blog.radioactiveyak.com/2010/08/future-of-mobile-invisible-connected.html?showComment=1281373986829,0.4953133
http://www.lindau-nobel.org/roger-tsien-all-colours-of-the-rainbow,0.49527156
http://blog.goolamabbas.org/2007/03/01/innovating-the-original,0.49522755
http://www.jewiki.net/wiki/Fran%C3%A7ois_Duvalier,0.49508813
http://jimwarholic.com/category/Internet,0.49503845
http://photo-web.com.au/stilling/default.htm,0.49433142
http://www.blogofdeath.com/2007/06/03/yahweh-ben-yahweh?msg=fail&replytocom=61864&shared=email,0.4942545
http://jonathots.wordpress.com/tag/strike-up-the-band,0.49411893
http://sness.blogspot.com/2007/12,0.4937413
"http://www.barking-moonbat.com/index.php/weblog/category/Pirates,%20aarrgh!",0.4931239
http://www.thatsongsoundslike.com/2014/07/22/green-day-vs-jawbreaker?replytocom=3138,0.4928737
http://deadconfederates.com/2013/09/20/it-is-general-hood-say-nothing-about-it-%E2%80%8B,0.49272847
http://archive.sfm.scot/the-rangers-saga-as-it-happened,0.4927067
http://restart.typepad.com/my_weblog/2018/04/james-madison-on-the-us-constitution.html,0.49257684
http://backreaction.blogspot.com/2018/12/cern-produces-marketing-video-for-new.html?showComment=1545752617639,0.49211547
http://zims-fr.kiwix.campusafrica.gos.orange.com/wikipedia_fr_all_maxi/A/Clifford_Pickover,0.49189836
http://sciforums.com/threads/chemical-evolution.163475,0.4917978
http://musicians.allaboutjazz.com/steelydan,0.49166095
http://blog.stevekemper.net/tag/alexander-von-humboldt,0.49120268
http://www.silver-screen-goddesses.com/pages/m/myrna-dell/myrna-dell-bio-et-photos.html,0.4911965
http://www.lakeholidaynews.com/chris-allison-admits-he-was-wrong,0.49106967
http://tutorgig.info/ed/Analog_signal,0.49086404
http://wdfyfe.net/tag/kate-middleton,0.4905639
http://dirkdeklein.net/category/northern-ireland,0.49016672
http://www.swisslet.com/2005/04/but-we-know-where-he-coming-from-and-we.html,0.4901237
http://jenkirchner.com/2011/12/19/battle-royale-kirk-vs-picard?_wpnonce=916eb18123&like_comment=1905,0.4898962
http://www.environmentmemo.com/2009/03/26/talking-plants-all-a-twitter,0.4892508
http://www.timedb.com/event/karlis-baumanis-died,0.4890588
http://blogs.libraries.indiana.edu/filmarch/tag/haghefilm,0.48896766
http://www.gizmodo.jp/2019/12/this-is-our-best-glimpse-yet-of-an-interstellar-comet.html,0.48870704
http://ecologywithoutnature.blogspot.com/2011/04/bill-fox-on-desert-aesthetics-lecture.html,0.48824912
http://www.ajjan.com/2007/05/pachyderm-madrasa.html,0.48822242
http://asteroidsinexile.com/tag/colintrevoro,0.48819944
http://forum.sherwood-tavern.net/viewtopic.php?id=2431&p=2,0.4880013
http://shomon.livedoor.biz/archives/51952918.html,0.48778912
http://www.afutureworththinkingabout.com?tag=steven-pinker,0.4872301
http://absolutelyalleghany.com/2017/06/22/zdenko-peros-from-croatia-to-alleghany-county?_wpnonce=85496f92a1&like_comment=417,0.48655075
http://patheticfacts.com/british-actresses-died-in-emphysema.html,0.4863997
http://edizioninpe.it/autori/moebius?add_to_wishlist=15669&product_count=45&product_order=title,0.48612142
http://liturgical-calendar.com/en/ACNA/2021-12-06,0.48601592
http://rogersmovienation.com/2018/07/24,0.48594755
http://doricsengeriblog.com/tag/designer-maker,0.48533568
http://consultingbyrpm.com/blog/2013/11/tom-woods-talks-mmt-with-me.html?replytocom=79007,0.48511928
http://www.thegreatgodpanisdead.com/2011/11/painterly-show-at-box-13-dutch-invasion.html?m=0,0.4845889
http://www.juliandavid.org/en/projekte/biohazard-reborn-in-defiance,0.48425227
http://newballpark.org/2019/09/13/patience-grasshoppers,0.48394144
http://emissionsensation.fr/2017/06/29/sensation5-louie,0.48392603
http://henshaw.neatline.org,0.4838141
http://godenenmensen.com/2015/03/02/pleidooi-voor-een-mystiek-manifest?_wpnonce=90bac9d3a2&like_comment=7353,0.48374712
http://tattoohistorian.com/2014/10,0.4832843
http://www.freecodecamp.org/news/robustness-in-complex-systems-a-summary-95d6f4067116,0.48320308
http://gowers.wordpress.com/2017/09/19/two-infinities-that-are-surprisingly-equal,0.4830618
http://www.seniorwellnessonline.com/understanding-parkinsons-disease,0.48296636
http://www.el-lobo-bobo.com/2013/09/le-vieux-quimper-quizas-la-ciudad-mas.html,0.4829017
http://www.oneghanaonevoice.com/2007/07/author-profile-aderemi-adegbite.html,0.48197562
http://www.searshouseseeker.com/2020/10/harris-n-117-in-rising-sun-indiana.html,0.48161477
http://notesonourwillissbergerancestors.com/2-1-the-first-gens-back,0.48135263
http://blog.rowleygallery.co.uk/tag/manu-chao,0.481293
http://www.singularity2050.com/2007/07/economic-growth.html,0.48123622
http://scienceoveracuppa.com/2013/10/27/the-embryonic-origins-of-autism?replytocom=463,0.48119253
http://nawaat.org/2014/09/09/el-mediouni-well-mahdia-oilfield-a-circle-oils-phenomenal-discovery,0.48104268
http://buildingspeed.org/2008/03/29/swaybars,0.48077846
http://serhasacomplaint.com/2014/05/13/selfie,0.48076963
http://stanrmitchell.com/tag/sacrifice,0.48047495
http://www.biographyonline.net/military/barnes-wallis.html,0.48038858
http://www.wcsarchivesblog.org/the-most-wonderful-of-all-living-mammals,0.48030186
http://jfmoyen.free.fr/spip.php/ecrire/ecrire/local/cache-vignettes/L750xH563/IMG/article_PDF/spip.php?article272=,0.4797163
http://www.sobreestoyaquello.com/2018/05/media-docena-e-razones-que-prueban-que.html,0.4797039
http://www.martintschanett.com/nelson-eddy,0.4795109
http://www.seattleoperablog.com/2017/10/rosina-heard-round-world.html?showComment=1556074298364,0.4794246
http://allcelebritywiki.com/edwina-wehjla,0.47939342
http://pacoelvirafoto.blogspot.com/2009/05,0.47860092
http://techcrunch.com/2014/02/04/the-future-is-transcendent-a-review-of-her,0.47827083
http://kimtnt.com/2013/02/12/christopher-j-mccandless-february-12-1968,0.4780182
http://www.soundenergyflux.com/2009/03,0.477925
http://milwaukeerecord.com/city-life/12-things-milwaukee-thankful-2017,0.47738194
http://spacemonkeys.me?p=2403,0.47722366
http://larslars.blogg.se/category/ivan-agueli.html,0.47721532
http://www.radioswissclassic.ch/en/music-database/musician/13867a997f07c32c8da9379170e3b7728c8d1/biography,0.47678882
http://allcelebritywiki.com/dacre-montgomery,0.47597307
http://www.khaitan.org/blog/category/obama,0.47531843
http://factmyth.com/factoids/the-united-states-is-a-corporation?replytocom=25143,0.4752676
http://austin.metblogs.com/2006/07/31/black-and-blue,0.47511327
http://www.californiamonolith.com/the-project,0.47503603
http://infoproc.blogspot.com/2011/05/my-navy-seal-story.html?showComment=1304556238990,0.47483897
http://dc.metblogs.com/2006/09/06/top-25-fictional-dc-resident-24-andrew-shepard,0.47479165
http://bibliodyssey.blogspot.com/2009/01/jewel-book.html,0.47476572
http://onesmallvoice.net/2018/04/11/psalm-1-headwater-to-the-psalter?msg=fail&shared=email,0.47406113
http://theowlpress.me/2013/10/21/an-owl-among-the-ruins-a-war-story,0.4740054
http://www.hmhb2016.org.uk/trips-outgoings,0.4738222
http://www.jenkemmag.com/home/2017/01/13/the-oral-history-of-the-tony-hawks-pro-skater?replytocom=220450,0.47368056
http://metrix-x.rraz.ca/2010/08,0.4735839
http://twinfamy.com/tag/chain-reaction,0.47344348
http://wiki.apterous.org/Jack_Welsby,0.47259426
http://thefoxisblack.com/2009/06/10/the-last-guardian-trailer,0.47161537
http://blog.egrefen.com/2006/08,0.47158024
http://www.righto.com/2017/03/inside-vintage-74181-alu-chip-how-it.html,0.4714823
http://www.thegaygamer.com/2012_10_21_archive.html,0.47121626
http://viennachoralsociety.org/tag/blues,0.471147
http://beefgravy.blogspot.com/2016/06/baby.html?showComment=1465104415753,0.47095323
http://lifewithmorecowbell.com/2015/07/13/toronto-fringe-the-lighter-side-of-the-autism-spectrum-in-aspergers-a-tale-of-a-social-misfit,0.4709038
http://www.anktangle.com/2010/11/dr-oz-on-circumcision.html?showComment=1608478908420,0.47067475
http://clearmindedcreative.com/interview-filmmaker-matty-ross,0.4706003
http://knowhatyouknow.com/the-invention-of-the-alkene-class,0.47021168
http://www.vaguelyinteresting.co.uk/going-underground,0.47017524
http://genr8.me,0.47016028
http://modernmooch.com/tag/small-ads,0.46991658
http://ro.wn.com/Applejuice_David,0.46961942
http://thestarshollowgazette.com/2021/02/21/the-americas-cup-2021-the-challengers,0.46856296
http://jasonmarsalis.com/blog/tag/happy-song,0.46828467
http://edition-s.dk/da/composer/j%C3%B8rgen-plaetner,0.46821734
http://abnormalminds.blogspot.com/2009/06/love-for-music.html,0.46815035
http://andreaitis.com/tag/facebook,0.46766925
http://travel.sygic.com/sk/poi/pergamon-museum-poi:34920,0.46734315
http://www.karakusamon.com/lion_hyo.html,0.46724817
http://www.timedb.com/event/michel-richard-delalande-was-born,0.46666136
http://sandwalk.blogspot.com/2012/11/the-discovery-institute-presents-case.html?showComment=1353884483491,0.46652853
http://sandwalk.blogspot.com/2012/11/the-discovery-institute-presents-case.html?showComment=1353877872338,0.46652853
http://pigeonchess.com/2012/05/31/gill-slits-by-any-other-name?replytocom=52833,0.46648344
http://www.joshgrimm.com/2011/03,0.4657211
http://psyconomics.com/2012/03/19/psyconomics-reading-of-lady-gaga,0.4652297
http://publicworks.nl/2010/12/12/het-tipping-point-in-actievoeren,0.46514565
http://www.geofffreed.com/2018/05/post-345-sinister.html,0.46509716
http://www.parisdailyphoto.com/2013/08/a-very-french-cafe.html?showComment=1377284379714,0.46467924
http://newikis.com/en/Katharine_Lane_Weems,0.46418735
http://www.papont.su/2012/08/blog-post_12.html,0.4641017
http://bellwetherpost.com/tag/explosion,0.46384767
http://www.kevinlitzenberg.com/2017/09/16/farallon-isands-san-francisco-ca,0.4635942
http://slimbolala.blogspot.com/2014/12,0.46255967
http://esposa-let.fun/species/BMSSYS0000006618aqx2348y5954o,0.46212244
http://ipfs.io/ipfs/QmR1gzPYUwxEUWHbeRggZzfYy5Fxsd8Qc7hXUUnJQwxrZq/wiki/Eter_(fizik).html,0.4620628
http://virtualglobetrotting.com/map/ingo-rademachers-house-former/view/google,0.46130794
http://rolandoastarita.blog/2017/11/10/kronstadt-tuvo-antecedentes?_wpnonce=33b60489b9&like_comment=24382,0.4612428
http://www.amnation.com/vfr/archives/018994.html,0.46110123
http://alchetron.com/Nicholas-Lane-(cartographer),0.4610272
http://mikeschulenberg.com/2012/04/11/escape-from-detroit?replytocom=395,0.46095574
http://amizuka.hatenablog.jp/entry/2013/12/04/162725,0.4605431
http://www.cinderalley.com/2013/01/roadtrip-till-pioneertown,0.45987532
http://chakira.org/2011/08/16/persistence-of-myth,0.45985973
http://www.predikon.ch/de/wahlverhalten/nichtlinear,0.45978644
http://zims-en.kiwix.campusafrica.gos.orange.com/wikipedia_en_all_nopic/A/Lampeter,0.4591565
http://www.johnmcquaid.co.uk/2013/04/tale-of-tumour.html,0.4587552
http://tjsawyer.com/StateCapitals.htm,0.4587494
http://astrofella.wordpress.com/tag/the-temple-of-eschmoun,0.45852688
http://tango-therapist.blogspot.com/2011/08,0.45852137
http://www.thepetrolstop.com/2010/10,0.45844522
http://www.booktryst.com/2009/05,0.45834798
http://yamaye-mike.blogspot.com/2018/08,0.4581824
http://meteontinyent.blogspot.com/2008,0.45818096
http://onedaringjew.wordpress.com/tag/orthodox-judaism,0.4578516
http://ideiasfixas2.blogs.sapo.pt/tag/nicile+kidman,0.45747125
http://www.mixedracestudies.org?tag=michael-yudell,0.4569737
http://rhymeswithchaos.com/blog/at-the-absolute-death,0.45664188
http://uncyclopedia.ca/wiki/Vince_Cable,0.45662633
http://www.soiledsinema.com/2016/09/communion.html,0.4560813
http://www.clocksandcloudsmusic.com/general/help-i-dont-know-anything-about-rock-music,0.45596433
http://fabfourblog.com/2013/02/15/on-the-backs-cambridge?_wpnonce=c0c35237ff&like_comment=4020,0.45540315
http://fabfourblog.com/2013/02/15/on-the-backs-cambridge?_wpnonce=c2740b9fe7&like_comment=4119,0.45540315
http://voiretmanger.fr/alien-covenant-scott,0.4538114
http://tagoresettings.com,0.4538008
http://worldhistoryproject.org/1864/10/26/battle-of-decatur,0.4528845
http://fatherstephen.wordpress.com/2011/01/10/sloshing-our-way-into-the-kingdom,0.45196798
http://www.fathysalama.org/discography-compilations,0.45194352
http://www.mrasheed.com/2014/12,0.4516737
http://www.executedtoday.com/tag/epic-poetry,0.4507296
http://www.bricoleur.org/2020/04/product-counsel-origin-story.html,0.45070297
http://tawawa.org/web-history/remembering-chris-gulker,0.4506887
http://www.mindfulnessmuse.com/cognitive-behavioral-therapy/identify-common-cognitive-distortions,0.4502185
http://jepoirrier.org/2012/03/19/pi-in-pubmed?msg=fail&shared=email,0.44985706
http://www.doksite.de/de/video/135912-The_Quest,0.44956034
http://bonitaleflorewriting.com/tag/milan-kundera,0.44946277
http://theultimateanswertokings.blogspot.com/2010/09,0.44935012
http://writergurlny.wordpress.com/tag/spock,0.44931298
http://www.liminaire.fr/entre-les-lignes/article/collages-films-et-photographies-d-anais-ibert,0.44857836
http://thestarshollowgazette.com/2013/08/02,0.4485206
http://www.galbine.top/squat-contre-indication,0.44811267
http://www.australialive.org.au/artists/martin-cilia,0.44797498
http://putlockers.cx/joe-dirt-2001-full-movie,0.44741663
http://www.klogg.se/2011/07/alskade-syster-joyce-carol-oates.html,0.44740885
http://mysticsciences.com/2020/07/29/the-moon-can-be-many-colors,0.44740742
http://trumpetpla.net/2016/06/08/einsetzen-ansetzen?replytocom=6855,0.44708133
http://roysrants.wordpress.com/tag/taser,0.44696164
http://fantasticfacts.net/de/3090,0.44660684
http://fatmanonakeyboard.blogspot.com/2011,0.44614673
http://www.projectthirdiopened.com/american-black-history-is-older-than-the-1950s,0.4459219
http://www.cinemaisforever.com/2016/07,0.4458866
http://wiki.pokemoncentral.it/Jessiebelle,0.44588375
http://sympa-sympa.com/inspiracion-gens/que-se-passe-t-il-avec-les-jeunes-et-pourquoi-ny-a-t-il-plus-de-sous-culture--322460,0.44579172
http://mulier-fortis.blogspot.com/2013_02_24_archive.html,0.4443661
http://roysrants.wordpress.com/tag/fairmount-avenue,0.44394565
http://www.bythebroomstick.com/2010/10/do-you-speak.html,0.4436996
http://journalpulp.com/2019/06/04/june-4th-the-30-year-anniversary-of-tiananmen-square,0.44352758
http://macymakesmagic.com/2020/07/03/alamy-sells-free-photos-to-suckers,0.4428838
http://www.sixthward.us/2014/01/tribune-hyperlocal-website-everyblock.html,0.44231045
http://www.balloontwistingct.com/tag/balloon-art,0.44223607
http://wn.com/Khmer_Empire,0.44172806
http://oldafsarge.blogspot.com/2013/08/the-friday-flyby-09-august.html,0.44103384
http://www.overyourhead.co.uk/2012/05/benfords-law.html,0.44035628
http://upge.wn.com?language_id=20&pagenum=6&query=vic_diaz&template=international/anything.txt,0.44033754
http://the-delve.com/2019/07/19/the-choppers-movie,0.44031888
http://www.ukgameshows.com/p/index.php?curid=2133&diff=84383&oldid=73652&title=Henry_Kelly,0.44031763
http://quotesgram.com/revolution-karl-marx-quotes,0.44010857
http://blog.rongarret.info/2014/07,0.4400851
http://www.franzferdinandsworld.com/singapore-14-july-1893,0.4395771
http://tvlia.com/2011/08/the-hour-tendra-segunda-temporada,0.43957168
http://adamriff.com/2021/02/08/christmas-hentai,0.4390868
http://antigreen.blogspot.com/2018/06,0.43878105
http://www.magickriver.org/2020,0.438364
http://mail.buffaloah.com/a/DCTNRY/t/tracery.html,0.43836015
http://arthur.io/art/eric-sloane,0.43813807
http://cwmemory.com/2014/02/02/dalton-school-apologizes-for-screening-willmotts-c-s-a,0.43772295
http://randolphlalonde.blogspot.com/2009/06,0.43715292
http://blog.openstreetmap.org/2021/01/13/como-os-ancestrais-de-joe-biden-ajudaram-o-openstreetmap-e-o-openstreetmap-ajuda-nossos-descendentes?lang=pt-br,0.43708175
http://www.72news.eu/2016/09/airfix-art-of-boxart-part-4.html,0.43689016
http://shadowsteve.blogspot.com/2015/07,0.43683487
http://yourwellnesswecare.blogspot.com/2020/04/why-predictive-modeling-performs-worse.html,0.4364959
http://aphilosopher.drmcl.com/2012/08,0.4362077
http://wn.com/History_of_computing_hardware,0.43557245
http://mochimasa.hateblo.jp/entry/2014/10/22/013918,0.4350467
http://atheistweb.org/qotd/590,0.43491864
http://thelaughingfrogfarm.com/2011/08/04/watercress,0.43482155
http://blog.transylvaniandutch.com/2009/02/genealogy-can-save-your-life-2009.html?showComment=1234228680000,0.43431515
http://everything.explained.today/Omnipotence,0.43384933
http://nativeken.com/blogs/journal/177468103-louvre-pyramid-transformed-by-artist-jr,0.43307167
http://www.barrypopik.com/index.php/new_york_city/entry/a_full_pocketbook_often_groans_more_loudly_than_an_empty_stomach,0.4325299
http://spinneyhead.co.uk/2003/09,0.43228745
http://sites.lafayette.edu/berkins/2013/02/22/the-caravel-and-the-impact-of-new-technologies-on-transportation-systems?replytocom=180388,0.4322549
http://livedigitally.com/tag/pc-games,0.4322343
http://dienekes.blogspot.com/2009/10/migrationism-strikes-back.html?showComment=1255592929696,0.43179604
http://kenelmes.blogspot.com/2013/09,0.4312192
http://worldspiritsockpuppet.com/2020/12/03/the-milkmaid-review.html,0.43114617
http://quotecites.com/authors/maurice-sendak,0.43097508
http://www.lefectejauss.cat/2008/08/metafsica-20.html,0.43093336
http://eat-a-bug.blogspot.com/2012/06,0.43087238
http://japanspel.blogspot.com/2014/05,0.4307298
http://www.retireinstyleblogtoo.com/2015/09/when-our-little-grocery-store-closed.html,0.4304566
http://dickpuddlecote.blogspot.com/2014/02/yes-we-do.html,0.43043062
http://kids.kiddle.co/Carlos_Luis_Morales,0.43042868
http://boaznyc.blogspot.com/2010/10/style-icon-of-week-bryan-ferry.html,0.429823
http://www.leeharrisfuhrwerk.com/2010/03/dishonest-editorial.html,0.4296816
http://stevebankspunchingholesintherah-rah.blogspot.com/2013/01,0.4291451
http://artandpopularculture.com/London_Psychogeographical_Association,0.42882675
http://80-e.ru/way.php?url=aHR0cCUzQSUyRiUyRmltZzIzLmJpbmltYWdlLm9yZyUyRjQ3JTJGZGQlMkYzYiUyRmNvdmVyLmpwZw%3D%3D,0.4278031
http://worldcyclesinstitute.com/financial-deception-the-battle-of-waterloo?replytocom=35128,0.42754975
http://id.dbpedia.org/page/Prasejarah,0.42748174
http://www.thewellnews.com/2020-elections/house-watch/fl-27-maria-elvira-salazar-r,0.42739233
http://tacticalmediafiles.net/persons/291/U,0.42719245
http://today.nukz.net/2011/12/december-3.html,0.4265649
http://www.ranker.com/list/boston-film-actors-from-here/reference?l=1252238&ref=found_on,0.42635834
http://aprnatripathi.blogspot.com/2019/04,0.4260243
http://malaphors.com/2013/07/24/he-was-known-to-get-hot-off-the-collar,0.42593715
http://ecologywithoutnature.blogspot.com/2014/09/sparklecore.html,0.42569155
http://theweereview.com/interview/shona-mccarthy-this-is-part-of-the-solution-for-the-city-rather-than-a-problem,0.425411
http://www.americanthinker.com/blog/2021/02/on_schools_kamala_harris_does_a_perfect_irwin_corey_imitation.html,0.42538786
http://tonybai.com/2014/07,0.42515188
http://united-cats.com/2011/12/08/droning-along,0.42463672
http://www.artbirdsnature.com/2015/12/writing-ideas.html,0.4243271
http://29pieces.blogspot.com/2011/03,0.423958
http://id.dbpedia.org/page/Teori_medan_kristal,0.42366987
http://martynglanville.com/2013/01/03/no-escape-1994,0.42313057
http://gospelmuse.com/2012/01/09/walking-in-the-perfect-will-of-god,0.4226774
http://celebritybliss.com/arjun-kapoor-biography,0.42242765
http://pdxretro.com/2017/01/29,0.42227358
http://www.danshanoff.com/2008/11/tuesday-1104-am-quickie-election-ben.html,0.42225754
http://www.ancestraldiscoveries.com/2016/04/who-do-you-think-you-are-aisha-tyler.html,0.42205954
http://loganlo.com/2007/08/462.html?msg=fail&shared=email,0.42164466
http://www.motorcyclewords.com/tag/route,0.42162806
http://www.ramenandfriends.com/2011/03/ramen-kuboya-03-12-2011.html?showComment=1301344749017,0.42135325
http://www.trumpetjourney.com/tag/sean-lennon,0.42090806
http://hinduismwayoflife.com/tag/ammas-childhood,0.42077598
http://tannachtonfarm.com/2014/10/10,0.42054504
http://www.vintagecomputing.com/index.php/archives/date/2017/07,0.4186811
http://gottwurfelt.com/2012/03/16/taking-phd-comics-too-literally?replytocom=176,0.41829723
http://jfkfiles.blogspot.com/2008/11,0.41821438
http://publicdomaincinema.blogspot.com,0.41801447
http://www.crankcrankrevolution.com/2013/01,0.418014
http://www.patriciapinsk.com/blog/category/fashion,0.41764396
http://notparticularlysafe.com/2016/05/24/fishing-for-stars,0.4171206
http://www.billmonkphotos.com/2019/08/monicas-videos.html,0.4167288
http://etruth.me/psalm-56-when-i-am-afraid?replytocom=338472,0.4160416
http://etruth.me/psalm-56-when-i-am-afraid?replytocom=342933,0.4160416
http://zims-en.kiwix.campusafrica.gos.orange.com/wikipedia_en_all_nopic/A/American_History_X-cellent,0.41585335
http://mikesfilmtalk.com/2013/02/23/if-chins-could-kill-by-bruce-campbell?_wpnonce=86ca7a9253&like_comment=5279&replytocom=5263,0.4155894
http://bruceryandontexist.info/2006/04/03/mahabaleshwar-mayhem,0.41476238
http://db0nus869y26v.cloudfront.net/en/Sharon_Brehm,0.4144972
http://rudigermeyer.com/about,0.41444057
http://eden-saga.com/en/arthur-and-merlin.html,0.413865
http://traditio.wiki/Arthur_Kitson,0.41351414
http://pt.dbpedia.org/resource/Rheobatrachus_vitellinus,0.41321006
http://roysrants.wordpress.com/tag/gp-fairgrounds-square-lp,0.41297498
http://www.chumplady.com/2021/02/ubt-the-shame-of-being-tiger-woods-mistress,0.41293687
http://www.taringa.net/+noticias/ultimo-momento-el-hombre-llega-a-la-luna_gfr21,0.41284746
http://lordbelmontinnorthernireland.blogspot.com/2015/04/louth-hall.html,0.41266698
http://fr.wn.com/Wasteland_Billy_Idol,0.4122568
http://worldhistoryproject.org/2007/4/9/the-jonas-brothers-appear-at-the-white-house,0.41205984
http://macmanx.com/tag/prius,0.41195583
http://icantbefamous.com/tag/sean-spicer,0.4119495
http://www.parisdailyphoto.com/2008/02,0.41121805
http://forum.gardenersworld.com/discussion/1030119/walnut-tree,0.4110976
http://motls.blogspot.com/2020/06/100-years-after-trianon-hungarian.html?m=1,0.41081136
http://thesaker.is/general-asapov-died-because-as-a-russian-officer-he-led-from-the-front-with-saker-commentary?replytocom=414256,0.410407
http://fr.wn.com/The_Summer_Is_Magic_2008_Jay_Frog,0.41018528
http://antigreen.blogspot.com/2008/07,0.4101283
http://www.hverkenfuglellerfisk.dk/2006/12/11december,0.4100901
http://dsmccurryart.blogspot.com/2014/04/bricolage-realsim-show-opening-on-may.html,0.4098418
http://www.pvelementary.com/beliefs-and-history,0.40961656
http://shawndrawn.blogspot.com/2011/11,0.409246
http://happywhitehorse.com/2020/05/02/noahs-ark-was-a-trojan-horse?msg=fail&shared=email,0.40827134
http://bellaindustries.blogspot.com/2013/03,0.40752935
http://crankpunk.com/2014/11/10/matt-cooke-interview-you-would-never-know-their-names-if-they-had-never-taken-drugs?replytocom=22727,0.40706468
http://www.blogcuscatlan.com/2012/06/tony-y-el-capitalismo-explotador.html,0.406847
http://www.inverse.com/article/4166-the-christian-grey-guide-to-modern-courtship,0.4068095
http://neo-examiner.com/tag/hard-rock,0.40668413
http://thespiritualsurvival.com/2017/04/22/body-language-ritual-and-self-development,0.40614164
http://infomutt.com/s/sa/sandra_bullock.html,0.40581566
http://musicaldeli.iheartteachingmusic.com/students/songs/williamtell.html,0.4054849
http://astrofella.wordpress.com/tag/whaling,0.40460417
http://rs.resalliance.org/author/henrik-ernstson,0.40253305
http://www.cabas1997.com/2018/02/1998-2018.html,0.40184817
http://www.executedtoday.com/tag/suchow,0.4015988
http://billcrider.blogspot.com/2012_05_27_archive.html,0.40158096
http://www.navalgazing.net/Leyte-Gulf-75,0.4006269
http://www.marecomic.com/comic/ch3-page-22?replytocom=10783,0.4003314
http://evidentlyblog.blogspot.com/2016/04,0.39839298
http://nordiclarp.org/wiki/Template:PD-art,0.39815244
http://www.guitarvibe.com/2005/12/index.html,0.39807278
http://chevrefeuillescarpediem.blogspot.com/2014/02/carpe-diem-409-enko-ji-temple-39.html,0.39788258
http://alchetron.com/Manolo-Blahnik,0.39742306
http://www.kitchenriffs.com/2014/06/the-monkey-gland-cocktail.html?showComment=1401899213927,0.39707536
http://www.radioswissclassic.ch/en/music-database/musician/282779a0677157967eba6468ee5ccde74d3da/biography?app=true,0.3969934
http://bodawal.com/search/karmkr7wc373cmk,0.39653176
http://vindikhier.nl/kunstschilderles-bob-ross.php,0.39637464
http://allcelebritywiki.com/kevin-costner,0.39600047
http://www.executedtoday.com/2013/05/31,0.3955062
http://bestref.net/site/colorado.edu,0.3952888
http://aanirfan.blogspot.com/2014/10/gay-and-lesbian.html,0.39526927
http://www.narodni-divadlo.cz/en/profile/annemarie-bulla-4569800,0.39524555
http://wikimon.net/Tempomon,0.39500844
http://www.cairnsblog.net/2010/04/spotted.html,0.3948139
http://lexic.us/definition-of/unstable_colloid,0.3947044
http://infomutt.com/a/av/avianca.html,0.39451408
http://employed-genealogist.blogspot.com/2013/11,0.3935941
http://allcelebritywiki.com/paulo-costanzo,0.3935099
http://gray-kcrg-prod.cdn.arcpublishing.com/2021/02/21/luka-garza-makes-hawkeyes-history-as-iowa-mens-basketballs-all-time-leading-scorer,0.3933669
http://www.primoquotes.com/author/a+w+tozer,0.39314497
http://boiltheocean.wordpress.com/tag/doll,0.39311087
http://vineyardsaker.blogspot.com/2014/07/just-though-not-even-hypothesis.html,0.39270517
http://graz.metblogs.com/2007/05/29/dance-like-no-ones-watching,0.3917957
http://shadowsteve.blogspot.com/2020/06,0.39112592
http://www.dailyautograph.com/2019/05,0.38976216
http://fr.wn.com/Danny_Stage_Diving,0.38946024
http://woodstockpdx.org/about/woodstock-neighborhood,0.38932773
http://blog.tanyakhovanova.com/2016/02/the-ford-circles-game,0.3881155
http://pt.dbpedia.org/resource/Gordon_Douglas,0.38622728
http://heatherhewer.com/2015/12/30/budapest-2,0.3860219
http://abreathoffreshair-mary.blogspot.com/2021/02/the-victorian-railway-travel-back-in.html,0.3855669
http://roaring.earth/intact-shark-egg,0.38530037
http://www.everydaynodaysoff.com/tag/expendables,0.38443553
http://wikien3.appspot.com/wiki/Ronald_Riley,0.3840133
http://whitmanalabama.com/verse-39,0.3833841
http://wn.com/SS_Antigua,0.38331878
http://artinsights.com/author/artadmin,0.38241598
http://www.toutceciestmagnifique.com/2010/08/le-carnaval-darlequin.html,0.3823949
http://www.joefaber.com/2010/08/happy-birthday-barry.html,0.3818682
http://watchred.com/2007/02,0.38176727
http://www.qcc.cuny.edu/socialsciences/ppecorino/intro_text/Chapter%203%20Religion/Arg_Revelation.htm,0.38157848
http://en.wikipedia-on-ipfs.org/wiki/Folk_music.html,0.38144466
http://www.tureussiras.com/influence/napoleon-hill-a-change-le-cours-de-ma-vie.html,0.3806978
http://the2010s.com/tag/mr-ek,0.37782377
http://lifeofamusician-robinhill.blogspot.com/2007/11,0.37773505
http://waterdiscovery.com,0.37725517
http://www.danshanoff.com/2012/02/0208-linsanity-quickie.html,0.37660268
http://www.htownmovers.org/deer-park-movers,0.37625605
http://lifeofamusician-robinhill.blogspot.com/2012,0.3754203
http://bikeportland.org/2013/07/16/local-antiwar-activist-brian-willson-recovering-from-crash-90517,0.37474024
http://astrofella.wordpress.com/2014/08/07/south-by-java-head-alistair-maclean,0.37440485
http://id.dbpedia.org/page/Steven_Spielberg,0.3729571
http://stephanebouillet.com/tags/catastrophe-tchernobyl?page=2,0.37205458
http://milkmiracle.net/2010/03/14/indian-accent?replytocom=3291,0.37200564
http://fr.wn.com/Zomerliefde_Danny,0.37026387
http://orbiscatholicussecundus.blogspot.com/2015/12/descendents-of-royal-family-of-mexico.html,0.3699838
http://www.desolationflorida.com/2015/11/old-bellamy-road-part-1-alachua-county.html?showComment=1468002910429,0.3697909
http://www.antiquedogphotographs.co.uk/2018/06/whatever-happened-to-don-bulldog.html?showComment=1596657063354,0.36935085
http://benedictinemonks.net/tag/basilica,0.36802456
http://engineeringfailures.org/soyuz11.html,0.3670671
http://2012portal.blogspot.com/2015/08/secret-of-imortality.html?showComment=1440168335224,0.3665201
http://fr.wn.com/Curler_Danny,0.3663169
http://lifeofamusician-robinhill.blogspot.com/2008/09,0.36628783
http://lifeofamusician-robinhill.blogspot.com/2008/11,0.36611205
http://id.dbpedia.org/page/Janin,0.36452264
http://oldmachinepress.com/2014/01/12/nordberg-stationary-radial-engine?replytocom=3654,0.36357304
http://www.fromthetofubowl.com/2019/08/torres-goes-out-with-banging-send-off.html,0.36230856
http://www.alearned.com/michael-jackson,0.3608191
http://2012portal.blogspot.com/2016/04/the-syria-pentagram.html?showComment=1460033535860,0.3606993
http://www.spinningawheel.com/2021/01/3088-ranjish-hi-sahi.html,0.358566
http://www.bostonrambles.net/seeing-red-in-boston,0.357023
http://www.celebheightwiki.com/david-barrie-height,0.35631126
http://spankingart.org/wiki/Pigtails,0.3554933
http://kids.kiddle.co/Mannequin,0.3533119
http://worldhistoryproject.org/1861/4/james-butler-wild-bill-hickok-joins-the-union-army,0.35135293
http://www.rfkactionfront.com/2014/07,0.35096765
http://amp.theguardian.com/artanddesign/2020/dec/02/muhammad-ali-cleveland-williams-neil-leifers-best-photograph?CMP=Share_iOSApp_Other&__twitter_impression=true&s=09,0.35090113
http://zims-en.kiwix.campusafrica.gos.orange.com/wikipedia_en_all_nopic/A/Totally_disconnected_space,0.3506211
http://hi.wn.com/Si_Bon_Amour_Daniel,0.3478434
http://www.executedtoday.com/tag/saltire,0.34775475
http://www.frasercartmell.com/about/sram,0.34691554
http://ipfs.io/ipfs/QmR1gzPYUwxEUWHbeRggZzfYy5Fxsd8Qc7hXUUnJQwxrZq/wiki/Mysterio.html,0.345508
http://www.warriortraining.co.uk/2012/05/christian-cullen.html,0.34305865
http://tit-smidt.fun/5262749163/607/francis-drake-serie.html,0.34031942
http://www.vanholio.com/2016/05/wolf-shit-found-on-keweenaw-peninsula.html,0.33947465
http://perigoislamico.blogspot.com/2011/11/mito-quando-os-maometanos-chegaram.html,0.33486578
http://www.dhormockery.org/2014/05,0.3332405
http://blog.angry-dad.com/2014/07/penn-state-report-was-seriously-flawed.html,0.32991904
http://www.webdictionary.co.uk/words/critic,0.32625648
http://testa0.blogspot.com/2014/05,0.32259297
http://zims-en.kiwix.campusafrica.gos.orange.com/wikipedia_en_all_nopic/A/University_of_Lille,0.32075882
http://www.moneysmartsblog.com/chance-to-win,0.31266195
http://www.racing-statistics.com/en/drivers/compare/stirling-moss/seasons/1958,0.3121669
http://alds1.mlblogs.com,0.30769086
http://happyotter666.blogspot.com/2010/11,0.30288202
http://contoveros.com/2010/10/08/acupuncture-dragon-drives-out-demon?_wpnonce=2fc05296fc&like_comment=3237,0.29213524
http://akinokure.blogspot.com/2013/05/the-social-darwinist-roots-of-chinese.html?showComment=1368150693697,0.2911958
http://www.polichicksonline.com/cgi-bin/mt/mt-search.cgi?IncludeBlogs=1&limit=20&tag=John+Warner,0.25097033
http://www.robinvanpersie.net/node?page=4,0.23925641
