url,centroid_sim
http://phm.cuspu.edu.ua/kafedri/kafedra-teoriji-ta-metodiki-tekhnologichnoji-pidgotovki-okhoroni-pratsi-ta-bezpeki-zhittediyalnosti/naukova-diialnist.html,0.98345315
http://www.catalysis-kalvis.ru/jour/article/view/450,0.9813388
http://oncourology.abvpress.ru/oncur/article/view/766/715,0.98041034
http://newtechology.mkgtu.ru/jour/article/view/373/362,0.9788301
http://www.nauka-dialog.ru/jour/article/view/774,0.97854054
http://smesitel-m.ru/ankety-prostitutok-miasskoe,0.977978
http://www.rpmj.ru/rpmj/article/view/470/341,0.9775877
http://www.euroosvita.net/index.php?category=1&id=269,0.9774703
http://xn--c1acc6aafa1c.xn--p1ai?page_id=29936,0.97710055
http://observatoria.rsl.ru/jour/article/view/13,0.9770657
http://www.spletnik.ru/buzz/chronicle/47451-mariyu-alekhinu-vypustili-na-svobodu.html,0.9764629
http://www.poezijasustine.rs/2017/09/dradisa-ajdic-smak-ljudi.html,0.976273
http://observatoria.rsl.ru/jour/article/view/152,0.9761306
http://www.poezijasustine.rs/2017/09/jelena-spiridonovic-savic-pocerju.html,0.9756743
http://www.poezijasustine.rs/2017/09/obren-ristic-u-gorama-cudo.html,0.97557575
http://agx.abvpress.ru/jour/article/view/266/249,0.9748719
http://bc-ural.ru/gribi-glyuki-ekibastuz.php,0.97480655
http://www.spletnik.ru/buzz/gossip/56413-insaydery-keti-perri-dala-vtoroy-shans-dzhonu-mayeru.html,0.9741819
http://www.journal-irioh.ru/jour/article/view/2206/0,0.9739999
http://www.rpmj.ru/rpmj/article/view/473/343,0.97367436
http://penzatreningi.ru/kuznetsk-cakyd,0.9733196
http://www.spletnik.ru/beauty/news_beauty/100261-glavnye-byuti-sekrety-very-brezhnevoy.html,0.97316396
http://journal.scbmt.ru/jour/article/view/1044/835,0.97302616
http://www.spletnik.ru/look/newsmoda/49116-natalya-vodyanova-i-drugie-znamenitosti-na-pokaze-nizhnego-belya-v-parizhe.html,0.97257453
http://karmaskaly.info/view_trade.php?id=165,0.9717163
http://vestnik.sibadi.org/jour/article/view/237,0.97142065
http://avtoinfvz.ru/magicheskie-gribi-balhash.php,0.9713793
http://oursanctions.ru/konoplya-kamishin.php,0.9713124
http://www.poezijasustine.rs/2017/09/dragoljub-rajic-macvanske-lude-noci.html,0.97105783
http://corpora.iea.ras.ru/corpora/describe_word.php?b=l&lang_code=evn&prev=%D0%B8%D0%BB%D0%B0%D0%BD%D0%B4%D1%8F%CC%84%D1%80&wf_kind=normalised&word=%D1%85%D1%83%D0%BA%D1%82%D1%8B%D0%B4%D0%B5%D3%88%D1%8D%CC%84%D0%BD,0.97097343
http://observatoria.rsl.ru/jour/article/view/124/264,0.9707961
http://www.miloserdie.ru/article/dyuk-rishele-lyubimets-odessy-drug-imperatora-neschastnyj-chelovek,0.9706227
http://lubarska-gromada.gov.ua/news/1610543731,0.97055143
http://journal.microbe.ru/jour/article/view/796,0.96932286
http://www.tursar.ru/page-joy.php?j=2695,0.96891856
http://www.shashki.com/PNphpBB2-viewtopic-t-953-sid-a8b39eb7a91ca48e8af3f8a331238c34.html,0.9686817
http://mech.novtex.ru/jour/article/view/236/177,0.9684584
http://novoukr-otg.gov.ua/documents/cjxq3awgo4q2u0887r0n8gsd1,0.9684192
http://babsait.ru/gash-ulyanovsk.php,0.9682222
http://1svegienovosti.ru/opiy-nefteyugansk.php,0.9681238
http://fabrilia.ru/person/vangog/avtoportret-s-perevyazannym-uhom,0.96801805
http://mylittlesun.ru/kurganinsk-149rax,0.9679037
http://abeerdeen.ru/lsd-pinsk.php,0.96759766
http://www.riri.su/jour/search/index?abstract=&authors=%D0%92.+%D0%9B.+%D0%9A%D0%BE%D0%BC%D0%BB%D0%B5%D0%B2&coverage=&dateFromDay=&dateFromMonth=&dateFromYear=&dateToDay=&dateToMonth=&dateToYear=&discipline=&galleyFullText=&journalTitle=&query=&subject=%22%D1%85%D0%B8%D1%80%D1%83%D1%80%D0%B3%D0%B8%D1%87%D0%B5%D1%81%D0%BA%D0%BE%D0%B5+%D0%BB%D0%B5%D1%87%D0%B5%D0%BD%D0%B8%D0%B5%22&suppFiles=&title=&type=,0.96756506
http://www.jsdrm.ru/jour/login,0.96740556
http://cvmet.misis.ru/index.php/jour/search?subject=%D0%B8%D0%BD%D0%B4%D0%B8%D0%B9,0.96729136
http://housechief.ru/v-podmoskove-gotovy-vozobnovit-stroitelnye-raboty.html,0.9668896
http://old.admzaharovo.ru/%D0%BF%D0%BE%D1%81%D0%B5%D0%BB%D0%B5%D0%BD%D0%B8%D1%8F/%D0%B1%D0%BE%D0%BB%D1%8C%D1%88%D0%B5%D0%BA%D0%BE%D1%80%D0%BE%D0%B2%D0%B8%D0%BD%D1%81%D0%BA%D0%BE%D0%B5-%D1%81%D0%B5%D0%BB%D1%8C%D1%81%D0%BA%D0%BE%D0%B5-%D0%BF%D0%BE%D1%81%D0%B5%D0%BB%D0%B5%D0%BD%D0%B8,0.9665189
http://journal.almaz-antey.ru/index.php/jour/search?authors=%D0%92.+AND+%D0%92.+AND+%D0%98%D0%BB%D1%8C%D0%B8%D0%BD%D1%8B%D1%85,0.96605504
http://aif.ua/world/events/eksperty_rasskazali_kakie_strany_samye_bezopasnye_dlya_emigracii,0.9650337
http://mblm.ru/spr/62572-ochakovskij-kombinat-zhbi-ooo-torgovo-promyshlennaja-kompanija.html,0.963072
http://corpora.iea.ras.ru/corpora/describe_word.php?b=l&prev=%D0%B4%D1%83%D0%BA%D1%83%D0%B2%D1%87%D0%B0%CC%84&word=%D1%81%D1%8D%D0%B2%D1%8D%D0%BA%D0%B8%CC%84,0.9628562
http://ural.aif.ru/politic/situation/chinovnikov_ekaterinburga_otvadyat_ot_leksusov_i_stolov_iz_duba,0.9627706
http://psihiatr-narcolog.ru/node/narcolog-sviblovo,0.96274334
http://www.eks-bg.eu/%D0%B9%D0%BE%D1%80%D0%B3-%D0%BA%D0%B0%D1%81%D0%BD%D0%B5%D1%80-%D0%BD%D0%B0-%D0%B3%D0%BE%D1%81%D1%82%D0%B8-%D0%BD%D0%B0-%D1%87%D0%B5%D1%82%D1%8F%D1%89%D0%B8%D1%82%D0%B5,0.96253675
http://arzamas.org/goroda-pobratimyi.html,0.9621717
http://probeg.org/races/city/4681,0.9619106
http://spbtatarlar.ru/sol-alfa-vitebsk.php,0.96181315
http://ural.aif.ru/society/1164903,0.9613686
http://v-vip.ru/gribi-glyuki-noyabrsk.php,0.96121925
http://katushafood.ru/marihuana-v-plitkah-pervouralsk.php,0.9611485
http://ntb.gpntb.ru/jour/search/index?abstract=&authors=%D0%98.+%D0%91.+%D0%A1%D1%82%D1%80%D0%B5%D0%BB%D0%BA%D0%BE%D0%B2%D0%B0&coverage=&dateFromDay=&dateFromMonth=&dateFromYear=2020&dateToDay=&dateToMonth=&dateToYear=2020&discipline=&galleyFullText=&journalTitle=&query=&subject=%22%D0%B1%D0%B8%D0%B1%D0%BB%D0%B8%D0%BE%D1%82%D0%B5%D1%87%D0%BD%D0%BE-%D0%B8%D0%BD%D1%84%D0%BE%D1%80%D0%BC%D0%B0%D1%86%D0%B8%D0%BE%D0%BD%D0%BD%D0%BE%D0%B5+%D0%BE%D0%B1%D1%81%D0%BB%D1%83%D0%B6%D0%B8%D0%B2%D0%B0%D0%BD%D0%B8%D0%B5%22&suppFiles=&title=&type=,0.9610544
http://re.eltech.ru/jour/search/index?abstract=&authors=%22%D0%BF%D0%B5%D1%82%D0%BA%D0%B0%D1%83%2C+%D0%BE.+%D0%B3.%22&coverage=&dateFromDay=&dateFromMonth=&dateFromYear=&dateToDay=&dateToMonth=&dateToYear=2015&discipline=&galleyFullText=&indexTerms=&orderBy=score&orderDir=desc&query=&searchJournal=1&subject=%22%D1%80%D0%B0%D0%B4%D0%B8%D0%BE%D0%BB%D0%BE%D0%BA%D0%B0%D1%86%D0%B8%D1%8F%22&suppFiles=&title=&type=,0.9610292
http://hoinguoiviet.ru/gerdos-chelyabinsk.php,0.96078503
http://www.phisci.info/index.php/jour/search?subject=+%D1%82%D0%B5%D0%BB%D0%B5%D1%81%D0%BD%D0%B0%D1%8F+%D1%8D%D0%BA%D0%B7%D0%B8%D1%81%D1%82%D0%B5%D0%BD%D1%86%D0%B8%D1%8F,0.9606733
http://v-vip.ru/tabletki-pushkino.php,0.9603425
http://ekotravy.ru/tabi-lirika-poznan.php,0.9603104
http://izvestiya.tinro-center.ru/index.php/jour/search?subject=+%D0%BC%D0%B0%D0%BA%D1%80%D0%BE-+%D0%B8+%D0%BC%D0%B8%D0%BA%D1%80%D0%BE%D1%8D%D0%BB%D0%B5%D0%BC%D0%B5%D0%BD%D1%82%D1%8B,0.9601909
http://www.parodont.ru/index.php/jour/search?authors=%D0%A0.+AND+%D0%90.+AND+%D0%A0%D0%BE%D0%B7%D0%BE%D0%B2,0.9598479
http://www.gastro-j.ru/jour/article/view/78/0,0.9598336
http://dietadla.ru/dieta-dyukana-otzyvy-i-rezultaty-govoryat-o-ee-effektivnosti?replytocom=711662,0.9597392
http://lazer54.ru/bez-rubriki/iz-istorii-lazerov,0.9595017
http://fermet.misis.ru/index.php/jour/search?authors=%D0%90.+%D0%90.+%D0%A3%D0%BC%D0%B0%D0%BD%D1%81%D0%BA%D0%B8%D0%B9,0.9591312
http://fermet.misis.ru/jour/search/index?abstract=&authors=%D0%92.+%D0%90.+%D0%A4%D0%B5%D0%B4%D0%BE%D1%80%D0%BE%D0%B2&coverage=&dateFromDay=&dateFromMonth=&dateFromYear=&dateToDay=&dateToMonth=&dateToYear=&discipline=&galleyFullText=&indexTerms=&orderBy=score&orderDir=desc&query=&searchJournal=1&searchPage=3&subject=&suppFiles=&title=&type=,0.9591312
http://fermet.misis.ru/jour/search/index?abstract=&authors=%D0%90.+%D0%92.+%D0%93%D0%B0%D0%BB%D0%BA%D0%B8%D0%BD&coverage=&dateFromDay=&dateFromMonth=&dateFromYear=&dateToDay=&dateToMonth=&dateToYear=&discipline=&galleyFullText=&journalTitle=&query=&subject=%22%D0%BD%D0%B5%D0%BC%D0%B5%D1%82%D0%B0%D0%BB%D0%BB%D0%B8%D1%87%D0%B5%D1%81%D0%BA%D0%B8%D0%B5+%D0%B2%D0%BA%D0%BB%D1%8E%D1%87%D0%B5%D0%BD%D0%B8%D1%8F%22&suppFiles=&title=&type=,0.9591312
http://spbledokolfest.ru/molli-elektrostal.php,0.95871246
http://kinelgid.ru/karty-sel/karta-sela-georgievka,0.95860124
http://www.marketelectro.ru/node/elektroenergetika-sibirskogo-fo-sostoyanie-i-perspektivy-razvitiya,0.9585985
http://rsport.ria.ru/20191002/1559338160.html,0.9579604
http://journal.scbmt.ru/jour/article/view/843/681,0.9578572
http://www.telekarta.tv/instructions,0.9577851
http://corpora.iea.ras.ru/corpora/describe_word.php?b=l&lang_code=evn&prev=%D0%BB%D1%83%D1%87%D0%B0%D0%B4%D1%8B%D1%82&wf_kind=normalised&word=%D0%BC%D1%8D%D1%80%D1%82%D1%8B%D0%BD,0.9577609
http://humanities.fa.ru/jour/search/index?abstract=&authors=%D0%9E.+AND+%D0%92.+AND+%D0%95%D1%80%D0%BE%D1%85%D0%B8%D0%BD%D0%B0&coverage=&dateFromDay=&dateFromMonth=&dateFromYear=&dateToDay=&dateToMonth=&dateToYear=&discipline=&galleyFullText=&journalTitle=&query=&subject=%22%D0%B8%D0%BD%D1%84%D0%BE%D1%80%D0%BC%D0%B0%D1%86%D0%B8%D0%BE%D0%BD%D0%BD%D0%BE-%D0%BA%D0%BE%D0%BC%D0%BC%D1%83%D0%BD%D0%B8%D0%BA%D0%B0%D1%86%D0%B8%D0%BE%D0%BD%D0%BD%D1%8B%D0%B5+%D1%82%D0%B5%D1%85%D0%BD%D0%BE%D0%BB%D0%BE%D0%B3%D0%B8%D0%B8%22&suppFiles=&title=&type=,0.95764244
http://xn--b1agd1adpu.xn--p1ai?p=3567,0.9576368
http://muzykivskaotg.gov.ua/cc-structure/unit/lukichov,0.9576351
http://algorithm-ua.com/news-ukraine-and-worlds/89316-nov-zhertvi-plastichnogo-h-rurga-romana-levic-kogo-abo-chomu-chergoviy-doktor-p-dos-ne-za-gratami.html,0.95748687
http://rechnik.chitanka.info/w/%D1%82%D1%80%D0%B8%D0%B5%D1%82%D0%B0%D0%B6%D0%BD%D0%BE%D1%81%D1%82,0.9572723
http://geomorphology.igras.ru/jour/search/search?abstract=&authors=%22%D0%BB%D0%B5%D0%B1%D0%B5%D0%B4%D0%B5%D0%B2%D0%B0%2C+%D0%B5.+%D0%B2.%22&coverage=&dateFromDay=&dateFromMonth=&dateFromYear=&dateToDay=&dateToMonth=&dateToYear=2015&discipline=&galleyFullText=&indexTerms=&orderBy=score&orderDir=desc&query=pediment+%D0%BF%D0%B5%D0%B4%D0%B8%D0%BC%D0%B5%D0%BD%D1%82+%D0%B4%D0%BE%D0%BB%D0%B8%D0%BD+%D0%BE%D0%BF%D0%BE%D0%BB%D0%B7%D0%BD%D0%B5%D0%B2+%D1%81%D0%BA%D0%BB%D0%BE%D0%BD&searchJournal=1&subject=&suppFiles=&title=&type=,0.9571716
http://geomorphology.igras.ru/jour/search/search?abstract=&authors=%22%D1%87%D0%B8%D1%87%D0%B0%D0%B3%D0%BE%D0%B2%2C+%D0%B2.+%D0%BF.%22&coverage=&dateFromDay=&dateFromMonth=&dateFromYear=2016&dateToDay=&dateToMonth=&dateToYear=2016&discipline=&galleyFullText=&journalTitle=&query=%D1%85%D1%80%D0%B5%D0%B1%D1%82+%D1%81%D0%B8%D0%BC%D0%BC%D0%B5%D1%82%D1%80+rift+atlantic+oor&subject=&suppFiles=&title=&type=,0.9571321
http://geomorphology.igras.ru/jour/search/search?abstract=&authors=%22%D0%BA%D0%BE%D0%BD%D1%81%D1%82%D0%B0%D0%BD%D1%82%D0%B8%D0%BD%D0%BE%D0%B2%2C+%D0%B5.+%D0%B0.%22&coverage=&dateFromDay=&dateFromMonth=&dateFromYear=2017&dateToDay=&dateToMonth=&dateToYear=&discipline=&galleyFullText=&journalTitle=&query=valley+notion+the+phase+relief&subject=%22%D0%BA%D0%BE%D1%82%D0%BB%D0%BE%D0%B2%D0%B8%D0%BD%D1%8B+%D0%BE%D0%B7%D0%B5%D1%80%22&suppFiles=&title=&type=,0.957132
http://ihumd.ru/molli-yuzhno-sahalinsk.php,0.9569435
http://reosh.ru/v-v-kompaniec-kapitalizm-i-postkapitalisticheskoe-budushhee-socialno-ekonomicheskaya-i-nravstvennaya-ocenka.html,0.95678914
http://rustars.tv/biography/agniya-kuznetsova.html,0.9565357
http://www.pp-mag.ru/index.php/jour/search?authors=%D0%A2.+AND+%D0%92.+AND+%D0%A8%D0%BC%D1%83%D0%BB%D0%B5%D0%B2%D0%B8%D1%87,0.9564619
http://observatoria.rsl.ru/jour/search/search?abstract=&authors=&coverage=&dateFromDay=&dateFromMonth=&dateFromYear=2017&dateToDay=&dateToMonth=&dateToYear=&discipline=&galleyFullText=&indexTerms=&orderBy=score&orderDir=desc&query=%D1%84%D0%B8%D0%BB%D0%BE%D1%81%D0%BE%D1%84%D1%81%D0%BA+philosophical+%D0%BF%D1%80%D0%BE%D0%B1%D0%BB%D0%B5%D0%BC+problem+%D0%BA%D0%BE%D1%82%D0%BE%D1%80&searchJournal=1&subject=%22%D0%BA%D1%83%D0%BB%D1%8C%D1%82%D1%83%D1%80%D0%BD%D0%B0%D1%8F+%D0%BF%D0%BE%D0%BB%D0%B8%D1%82%D0%B8%D0%BA%D0%B0%22&suppFiles=&title=&type=,0.9562297
http://corpora.iea.ras.ru/corpora/describe_word.php?b=l&prev=%D0%B3%D0%B8%D1%80%D0%BA%D0%B8%D0%BB%D0%B2%D0%B8&word=%D1%8D%D0%B2%D0%B5%D0%BD%D0%BA%D0%B8%D1%8F%D0%B4%D1%83,0.95620143
http://cons-ua.ru/opioidniy-analgetik-orsha.php,0.95617133
http://politrington.ru/konoplya-koshalin.php,0.9561575
http://ieml.ru/worldskills/nasha-komanda,0.95602196
http://gorizont.moscow/kalanov-nikolaj-aleksandrovich,0.955557
http://colate.ru/for-girls/winx-club/darsi.html,0.9555056
http://observatoria.rsl.ru/jour/search/search?abstract=&authors=%22%D0%B3%D1%80%D0%B8%D0%B3%D0%BE%D1%80%D0%B8%D0%B9+%D0%BD%D0%B8%D0%BA%D0%BE%D0%BB%D0%B0%D0%B5%D0%B2%D0%B8%D1%87+%D0%BA%D1%83%D0%B7%D1%8C%D0%BC%D0%B5%D0%BD%D0%BA%D0%BE%22&coverage=&dateFromDay=&dateFromMonth=&dateFromYear=2015&dateToDay=&dateToMonth=&dateToYear=&discipline=&galleyFullText=&journalTitle=&query=director+production+designer+vladimir+%D1%82%D0%B5%D0%B0%D1%82%D1%80&subject=%22%D1%84%D0%BE%D0%BB%D1%8C%D0%BA%D0%BB%D0%BE%D1%80%22&suppFiles=&title=&type=,0.95545197
http://observatoria.rsl.ru/jour/search/index?abstract=&authors=%22varvara+p.+chumakova%22&coverage=&dateFromDay=&dateFromMonth=&dateFromYear=2014&dateToDay=&dateToMonth=&dateToYear=2014&discipline=&galleyFullText=&journalTitle=&query=&subject=%D0%BC%D0%B5%D1%82%D0%BE%D0%B4%D0%BE%D0%BB%D0%BE%D0%B3%D0%B8%D1%8F+%D1%81%D0%BE%D1%86%D0%B8%D0%B0%D0%BB%D1%8C%D0%BD%D1%8B%D1%85+%D0%BD%D0%B0%D1%83%D0%BA&suppFiles=&title=&type=,0.95545185
http://observatoria.rsl.ru/jour/search/index?abstract=&authors=%22anton+h.+samukhin%22&coverage=&dateFromDay=&dateFromMonth=&dateFromYear=&dateToDay=&dateToMonth=&dateToYear=&discipline=&galleyFullText=&journalTitle=&query=&subject=%D0%B0%D1%83%D0%B4%D0%B8%D0%BE%D0%B2%D0%B8%D0%B7%D1%83%D0%B0%D0%BB%D1%8C%D0%BD%D1%8B%D0%B9+%D0%BE%D0%B1%D1%80%D0%B0%D0%B7&suppFiles=&title=&type=,0.95545185
http://fanfit.ru/seks-kamishlov,0.95534325
http://uvd-samara.ru/shirka-bratsk.php,0.9551221
http://oilmsu.ru/programm/oilgasbase/introrggeochim,0.95507944
http://dalnerokrug.ru/index.php/duma.html,0.95506847
http://www.tibl-journal.com/index.php/jour/search?subject=%D0%A5%D0%9E%D0%91%D0%9B,0.9545107
http://www.cosmo.ru/stars/biography/alisa-grebenshtikova,0.95429546
http://science.swsu.ru/jour/article/view/414,0.9542607
http://www.glaucomajournal.ru/jour/search/index?abstract=&authors=%22%D0%BA%D1%83%D1%80%D0%BE%D0%B5%D0%B4%D0%BE%D0%B2%2C+%D0%B0.+%D0%B2.%22&coverage=&dateFromDay=&dateFromMonth=&dateFromYear=&dateToDay=&dateToMonth=&dateToYear=&discipline=&galleyFullText=&journalTitle=&query=&subject=hypotensive+therapy&suppFiles=&title=&type=,0.9542452
http://powder.misis.ru/jour/search/index?abstract=&authors=%D0%98.+AND+%D0%9D.+AND+%D0%9B%D0%B0%D0%BF%D1%82%D0%B5%D0%B2&coverage=&dateFromDay=&dateFromMonth=&dateFromYear=&dateToDay=&dateToMonth=&dateToYear=&discipline=&galleyFullText=&journalTitle=&query=&subject=%22%D0%B0%D0%B1%D1%80%D0%B0%D0%B7%D0%B8%D0%B2%D0%BD%D0%B0%D1%8F+%D1%81%D1%82%D0%BE%D0%B8%CC%86%D0%BA%D0%BE%D1%81%D1%82%D1%8C%22&suppFiles=&title=&type=,0.9541476
http://bibliotekovedenie.rsl.ru/jour/search/search?abstract=&authors=%22ekaterina+a.+shibaeva%22&coverage=&dateFromDay=&dateFromMonth=&dateFromYear=&dateToDay=&dateToMonth=&dateToYear=2014&discipline=&galleyFullText=&indexTerms=&orderBy=score&orderDir=desc&query=%D0%B1%D0%B8%D0%B1%D0%BB%D0%B8%D0%BE%D1%82%D0%B5%D1%87%D0%BD+legislation+%D0%B7%D0%B0%D0%BA%D0%BE%D0%BD%D0%BE%D0%B4%D0%B0%D1%82%D0%B5%D0%BB%D1%8C%D1%81%D1%82%D0%B2+library+%D1%80%D0%BE%D1%81%D1%81%D0%B8%D0%B9%D1%81%D0%BA&searchJournal=1&subject=&suppFiles=&title=&type=,0.95373404
http://bibliotekovedenie.rsl.ru/jour/search/search?abstract=&authors=%22galina+v.+shandurenko%22&coverage=&dateFromDay=&dateFromMonth=&dateFromYear=2012&dateToDay=&dateToMonth=&dateToYear=2012&discipline=&galleyFullText=&journalTitle=&query=%D0%B1%D0%B8%D0%B1%D0%BB%D0%B8%D0%BE%D1%82%D0%B5%D1%87%D0%BD+legislation+%D0%B7%D0%B0%D0%BA%D0%BE%D0%BD%D0%BE%D0%B4%D0%B0%D1%82%D0%B5%D0%BB%D1%8C%D1%81%D1%82%D0%B2+library+%D1%80%D0%BE%D1%81%D1%81%D0%B8%D0%B9%D1%81%D0%BA&subject=%22%D0%BC%D0%B5%D0%B6%D0%B4%D1%83%D0%BD%D0%B0%D1%80%D0%BE%D0%B4%D0%BD%D0%BE%D0%B5+%D0%BE%D0%B1%D1%89%D0%B5%D0%BD%D0%B8%D0%B5%22&suppFiles=&title=&type=,0.95373404
http://bibliotekovedenie.rsl.ru/jour/search/search?abstract=&authors=%22%D0%B3%D0%B0%D0%BB%D0%B8%D0%BD%D0%B0+%D0%B8%D0%B3%D0%BE%D1%80%D0%B5%D0%B2%D0%BD%D0%B0+%D0%B0%D0%BA%D0%BE%D0%BF%D0%BE%D0%B2%D0%B0%22&coverage=&dateFromDay=&dateFromMonth=&dateFromYear=2011&dateToDay=&dateToMonth=&dateToYear=2011&discipline=&galleyFullText=&journalTitle=&query=youth+%D0%BC%D0%BE%D0%BB%D0%BE%D0%B4%D0%B5%D0%B6%D0%BD+2010+%D0%B4%D0%BB%D1%8F+%D1%80%D0%BE%D1%81%D1%81%D0%B8%D0%B9%D1%81%D0%BA&subject=%22%D0%BF%D1%80%D0%BE%D1%84%D0%B8%D0%BB%D1%8C+%D0%BA%D0%BE%D0%BC%D0%BF%D0%BB%D0%B5%D0%BA%D1%82%D0%BE%D0%B2%D0%B0%D0%BD%D0%B8%D1%8F%22&suppFiles=&title=&type=,0.95373404
http://bibliotekovedenie.rsl.ru/jour/search/search?abstract=&authors=%22natalia+v.+babakhina%22&coverage=&dateFromDay=&dateFromMonth=&dateFromYear=&dateToDay=&dateToMonth=&dateToYear=&discipline=&galleyFullText=&journalTitle=&query=2012+%D0%BA%D1%80%D0%B0%D1%81%D0%BD%D0%BE%D1%8F%D1%80%D1%81%D0%BA+krasnoyarsk+%D1%8F%D1%80%D0%BC%D0%B0%D1%80%D0%BA+fair&subject=%22%D0%BA%D0%BD%D0%B8%D0%B3%D0%BE%D1%80%D0%B0%D1%81%D0%BF%D1%80%D0%BE%D1%81%D1%82%D1%80%D0%B0%D0%BD%D0%B5%D0%BD%D0%B8%D0%B5%22&suppFiles=&title=&type=,0.95373404
http://bibliotekovedenie.rsl.ru/jour/search/search?abstract=&authors=%22%D0%B0%D0%BB%D0%B5%D0%BA%D1%81%D0%B0%D0%BD%D0%B4%D1%80+%D0%B8%D0%B2%D0%B0%D0%BD%D0%BE%D0%B2%D0%B8%D1%87+%D0%B2%D0%B8%D1%81%D0%BB%D1%8B%D0%B9%22&coverage=&dateFromDay=&dateFromMonth=&dateFromYear=&dateToDay=&dateToMonth=&dateToYear=2010&discipline=&galleyFullText=&indexTerms=&orderBy=score&orderDir=desc&query=dvorkina+%D1%81%D0%BB%D1%83%D0%B6%D0%B5%D0%BD+%D0%B4%D0%B2%D0%BE%D1%80%D0%BA%D0%B8%D0%BD+%D0%B1%D0%B8%D0%B1%D0%BB%D0%B8%D0%BE%D1%82%D0%B5%D1%87%D0%BD+library&searchJournal=1&subject=&suppFiles=&title=&type=,0.95373404
http://bibliotekovedenie.rsl.ru/jour/search/search?abstract=&authors=%22ekaterina+a.+shibaeva%22&coverage=&dateFromDay=&dateFromMonth=&dateFromYear=2014&dateToDay=&dateToMonth=&dateToYear=2014&discipline=&galleyFullText=&journalTitle=&query=%D0%B1%D0%B8%D0%B1%D0%BB%D0%B8%D0%BE%D1%82%D0%B5%D1%87%D0%BD+legislation+%D0%B7%D0%B0%D0%BA%D0%BE%D0%BD%D0%BE%D0%B4%D0%B0%D1%82%D0%B5%D0%BB%D1%8C%D1%81%D1%82%D0%B2+library+%D1%80%D0%BE%D1%81%D1%81%D0%B8%D0%B9%D1%81%D0%BA&subject=%22%D0%BD%D0%B0%D1%86%D0%B8%D0%BE%D0%BD%D0%B0%D0%BB%D1%8C%D0%BD%D1%8B%D0%B5+%D0%BF%D1%80%D0%BE%D0%B5%D0%BA%D1%82%D1%8B%22&suppFiles=&title=&type=,0.95373404
http://bibliotekovedenie.rsl.ru/jour/search/search?abstract=&authors=%22%D0%B8%D1%80%D0%B8%D0%BD%D0%B0+%D0%BB%D0%B5%D0%BE%D0%BD%D0%B8%D0%B4%D0%BE%D0%B2%D0%BD%D0%B0+%D1%81%D0%B0%D0%B1%D0%B5%D0%BB%D1%8C%D0%BD%D0%B8%D0%BA%D0%BE%D0%B2%D0%B0%22&coverage=&dateFromDay=&dateFromMonth=&dateFromYear=2011&dateToDay=&dateToMonth=&dateToYear=2011&discipline=&galleyFullText=&journalTitle=&query=%D0%BF%D0%BE%D0%BB%D0%B8%D1%82%D0%BE%D0%BB%D0%BE%D0%B3+political+%D0%B1%D0%B8%D0%B1%D0%BB%D0%B8%D0%BE%D1%82%D0%B5%D1%87%D0%BD+science+library&subject=%22%D0%B8%D0%BD%D1%82%D0%B5%D1%80%D0%BD%D0%B5%D1%82%22&suppFiles=&title=&type=,0.95373404
http://bibliotekovedenie.rsl.ru/jour/search/search?abstract=&authors=%22n.+v.+avdeeva%22&coverage=&dateFromDay=&dateFromMonth=&dateFromYear=2014&dateToDay=&dateToMonth=&dateToYear=2014&discipline=&galleyFullText=&journalTitle=&query=%D0%B1%D0%B8%D0%B1%D0%BB%D0%B8%D0%BE%D1%82%D0%B5%D1%87%D0%BD+legislation+%D0%B7%D0%B0%D0%BA%D0%BE%D0%BD%D0%BE%D0%B4%D0%B0%D1%82%D0%B5%D0%BB%D1%8C%D1%81%D1%82%D0%B2+library+%D1%80%D0%BE%D1%81%D1%81%D0%B8%D0%B9%D1%81%D0%BA&subject=%22%D0%B1%D0%B8%D0%B1%D0%BB%D0%B8%D0%BE%D1%82%D0%B5%D1%87%D0%BD%D0%B0%D1%8F+%D0%B1%D0%BB%D0%BE%D0%B3%D0%BE%D1%81%D1%84%D0%B5%D1%80%D0%B0%22&suppFiles=&title=&type=,0.95373404
http://bibliotekovedenie.rsl.ru/jour/search/search?abstract=&authors=%22ekaterina+a.+barysheva%22&coverage=&dateFromDay=&dateFromMonth=&dateFromYear=2016&dateToDay=&dateToMonth=&dateToYear=2016&discipline=&galleyFullText=&journalTitle=&query=%D0%BA%D0%BB%D0%B0%D1%81%D1%82%D0%B5%D1%80+%D0%BE%D0%B1%D0%BB%D0%B0%D1%81%D1%82%D0%BD+%D0%B1%D0%B8%D0%B1%D0%BB%D0%B8%D0%BE%D1%82%D0%B5%D0%BA+%D0%BF%D1%80%D0%B5%D0%B8%D0%BC%D1%83%D1%89%D0%B5%D1%81%D1%82%D0%B2+%D1%87%D1%82%D0%BE&subject=%22%D0%BC%D0%BE%D0%B4%D0%B5%D1%80%D0%BD%D0%B8%D0%B7%D0%B0%D1%86%D0%B8%D1%8F+%D0%B1%D0%B8%D0%B1%D0%BB%D0%B8%D0%BE%D1%82%D0%B5%D1%87%D0%BD%D0%BE%D0%B9+%D1%81%D0%B8%D1%81%D1%82%D0%B5%D0%BC%D1%8B%22&suppFiles=&title=&type=,0.95373404
http://bibliotekovedenie.rsl.ru/jour/search/index?abstract=&authors=%22anna+e.+borovtsova%22&coverage=&dateFromDay=&dateFromMonth=&dateFromYear=2015&dateToDay=&dateToMonth=&dateToYear=2015&discipline=&galleyFullText=&journalTitle=&query=&subject=%D1%80%D0%B0%D0%B7%D0%B2%D0%B8%D1%82%D0%B8%D0%B5&suppFiles=&title=&type=,0.95373404
http://tambovodb.ru/joomla/index.php/sources/multimedijnye-diski,0.95298195
http://corpora.iea.ras.ru/corpora/describe_word.php?b=l&prev=%D0%B1%D1%8D%D0%B9%D3%88%D1%8D&word=%D0%B0%D1%8F%D1%82,0.95289147
http://observatoria.rsl.ru/jour/search/search?query=dovlatov+%D0%B4%D0%BE%D0%B2%D0%BB%D0%B0%D1%82%D0%BE%D0%B2+%D1%80%D1%83%D1%81%D1%81%D0%BA%D0%BE%D1%8F%D0%B7%D1%8B%D1%87%D0%BD+%D0%BF%D0%B8%D1%81%D0%B0%D1%82%D0%B5%D0%BB+publication,0.95240283
http://ddi8.ru/kupit-indika-v-mogileve.php,0.95209885
http://www.iimmun.ru/index.php/iimm/search?authors=%D0%A1.+%D0%90.+%D0%A1%D0%B5%D0%BB%D1%8C%D0%BA%D0%BE%D0%B2,0.9520893
http://www.oldpeppers.ru/predania-stariny-glubokoj/novaa-i-novejsaa-istoria/istoriceskaa-rekonstrukcia/mius-frontrekonstrukcia,0.95111024
http://observatoria.rsl.ru/jour/article/view/417,0.9510539
http://www.pamettanabulgarite.com/page/4155162:Page:463241,0.9504641
http://library.khai.edu/ua/vipuskniki-507,0.9502665
"http://ru-wiki.ru/wiki/%D0%94%D0%BC%D0%B8%D1%82%D1%80%D0%B5%D0%B2%D1%81%D0%BA%D0%B0%D1%8F,_%D0%90%D0%B3%D1%80%D0%B0%D1%84%D0%B5%D0%BD%D0%B0_%D0%9C%D0%B8%D1%85%D0%B0%D0%B9%D0%BB%D0%BE%D0%B2%D0%BD%D0%B0",0.94982547
http://fermet.misis.ru/jour/article/view/1631,0.94969165
http://politgazetavrn.ru/kazino-vulkan-gde-bolshe-vezet.php,0.94955504
http://uvd-samara.ru/dur-krasnogorsk.php,0.94953597
http://rechnik.chitanka.info/w/%D0%A6%D0%B5%D1%80%D0%BE%D0%B2%D0%B8%D1%86%D0%B0,0.94946414
http://babsait.ru/mefedron-almetevsk.php,0.9494207
http://www.encyclopedia.ru/persons/gogol_nikolay_vasilevich,0.9493959
http://www.spletnik.ru/look/redcarpet/87528-rozi-khantington-uaytli-khilari-suonk-na-torzhestvennom-vechere.html,0.9492308
http://www.mobipower.ru/modules.php?file=viewtopic&name=Forums&p=6431,0.9491712
http://rsport.ria.ru/20180219/1132910131.html,0.94903266
http://dalnerokrug.ru/konkursy-na-zameshchenie-vakantnoj-dolzhnosti/vakansii/item/5723-konkurs-na-zameshchenie-dolzhnosti-glavnogo-inspektora-kontrolno-schetnoj-palaty-dalnerechenskogo-gorodskogo-okruga.html?cookie_db526c4e9a09548b66b2ac3c0232e5df=accepted,0.94890535
http://ogsh.abvpress.ru/jour/search/search?abstract=&authors=&coverage=&dateFromDay=&dateFromMonth=&dateFromYear=&dateToDay=&dateToMonth=&dateToYear=&discipline=&galleyFullText=&journalTitle=&query=tall+papillary+thyroid+%D0%BF%D0%B0%D0%BF%D0%B8%D0%BB%D0%BB%D1%8F%D1%80%D0%BD+carcinoma&subject=%22%D0%BB%D0%B5%D0%BD%D0%B2%D0%B0%D1%82%D0%B8%D0%BD%D0%B8%D0%B1%22&suppFiles=&title=&type=,0.9486211
http://ogsh.abvpress.ru/jour/search/search?abstract=&authors=&coverage=&dateFromDay=&dateFromMonth=&dateFromYear=2018&dateToDay=&dateToMonth=&dateToYear=2018&discipline=&galleyFullText=&journalTitle=&query=checkmate+hnscc+%D0%BF%D1%80%D0%B3%D1%88+nivolumab+%D0%BD%D0%B8%D0%B2%D0%BE%D0%BB%D1%83%D0%BC%D0%B0%D0%B1&subject=&suppFiles=&title=&type=,0.9486211
http://ogsh.abvpress.ru/jour/search/search?abstract=&authors=&coverage=&dateFromDay=&dateFromMonth=&dateFromYear=2021&dateToDay=&dateToMonth=&dateToYear=2021&discipline=&galleyFullText=&journalTitle=&query=%D0%B3%D0%BE%D1%80%D1%82%D0%B0%D0%BD%D0%BE%D0%B3%D0%BB%D0%BE%D1%82%D0%BA+larynx+%D1%80%D0%B0%D0%BA+cancer+%D1%85%D0%B8%D1%80%D1%83%D1%80%D0%B3%D0%B8%D1%87%D0%B5%D1%81%D0%BA&subject=&suppFiles=&title=&type=,0.948621
http://ogsh.abvpress.ru/index.php/jour/search?authors=%D0%9C.+AND+%D0%9C.+AND+%D0%94%D0%B0%D0%B2%D1%83%D0%B4%D0%BE%D0%B2,0.948621
http://corpora.iea.ras.ru/corpora/describe_word.php?b=l&prev=%D0%B3%D1%83%D0%BD%D1%8B%D0%B2%D0%BA%D0%B8&word=%D1%85%D1%83%D1%80%D1%83%D0%B4%D1%8E%D0%BD%D1%83,0.948371
http://saveukok.ru/volshebnie-gribi-olshtin.php,0.9482615
http://bulletin.esoil.ru/jour/search/search?abstract=&authors=%22%D1%88%D0%B8%D1%88%D0%BA%D0%BE%D0%BD%D0%B0%D0%BA%D0%BE%D0%B2%D0%B0%2C+%D0%B5.+%D0%B0.%22&coverage=&dateFromDay=&dateFromMonth=&dateFromYear=&dateToDay=&dateToMonth=&dateToYear=&discipline=&galleyFullText=&journalTitle=&query=gilgai+vertisol+complexe+morphological+soil&subject=&suppFiles=&title=&type=,0.9481231
http://www.omet-endojournals.ru/jour/article/view/5137,0.947641
http://www.rusimmun.ru/jour/article/view/899,0.94758224
http://cskrdianigurtskaya.ru/tsena-mef-v-varshave.php,0.94756836
http://agx.abvpress.ru/jour/article/view/146,0.94754803
http://avtoreferati.ru/krek-rostov-na-donu.php,0.9474366
http://pogost-tegel.info/index.php?id=1139,0.94738287
http://www.yspu.yar.ru/index.php?returnto=%D0%A1%D1%82%D1%83%D0%B4%D0%B5%D0%BD%D1%87%D0%B5%D1%81%D0%BA%D0%BE%D0%B5+%D0%B8%D1%81%D1%81%D0%BB%D0%B5%D0%B4%D0%BE%D0%B2%D0%B0%D1%82%D0%B5%D0%BB%D1%8C%D1%81%D0%BA%D0%BE%D0%B5+%D0%B1%D1%8E%D1%80%D0%BE&returntoquery=oldid%3D73830&title=%D0%A1%D0%BB%D1%83%D0%B6%D0%B5%D0%B1%D0%BD%D0%B0%D1%8F%3A%D0%92%D1%85%D0%BE%D0%B4,0.94729793
http://www.spletnik.ru/buzz/chronicle/49242-pervyy-kanal-otmenil-pryamuyu-translyatciyu-oskara.html,0.9465151
http://forum.gramota.ru/viewtopic.php?f=12&start=200&t=5644,0.946509
http://epo.rea.ru/index.php/jour/search?subject=%D0%BF%D1%80%D0%BE%D0%BC%D1%8B%D1%88%D0%BB%D0%B5%D0%BD%D0%BD%D0%BE%D1%81%D1%82%D1%8C,0.94634354
http://udm-er.ru/top-luchshih-kazino-s-vivodom-deneg.php,0.9461285
http://www.postsovietarea.com/index.php/jour/search?subject=+%D0%9A%D0%BE%D0%BD%D0%B2%D0%B5%D0%BD%D1%86%D0%B8%D1%8F+%D0%95%D0%AD%D0%9A+%D0%9E%D0%9E%D0%9D,0.9458102
http://www.vesmirbooks.ru/fragments/3612,0.9457903
http://www.yspu.yar.ru/index.php?oldid=84323&title=%D0%9B%D1%8E%D1%82%D0%BE%D0%B2%D0%BE_%D0%A3%D0%9D%D0%9F%D0%A6,0.9453839
http://corpora.iea.ras.ru/corpora/describe_word.php?b=r&prev=%D0%B1%D1%8D%D0%B9%D3%88%D1%8D%CC%84&word=%D0%B8%D1%80%D1%8D%D0%BA%D1%81%D1%8D%D0%B2%D1%8D%D0%BD,0.9453721
http://xn--80adfmbdeao4bnpkdpe5r.xn--p1ai/features-rock-production.html,0.9453018
http://clubz-bg.ru/metmetamfetamin-kristalli-vhq-dnepropetrovsk-zhm-topol,0.94480014
http://wikitravel.org/wiki/ru/index.php?printable=yes&title=%D0%9A%D0%BE%D0%BC%D0%B8,0.9443873
http://bashtanskaotg.gov.ua/news/pozitivni-imidzh-shkoli-stvoryu-zgurtovani-kollektiv,0.94433844
http://avtoreferati.ru/mda-novocherkassk-1.php,0.9439352
http://corpora.iea.ras.ru/corpora/describe_word.php?b=r&lang_code=evn&prev=%D1%82%D1%8B%D1%80%D0%B3%D0%B0%D0%BD%D0%B8%D0%BB%D0%B4%D1%83&wf_kind=normalised&word=%D0%B4%D1%83%D0%BB%D1%87%D0%B0%D0%BB%D0%B4%D1%83,0.9438287
http://konotop-rada.gov.ua/5682-2014-2016,0.94382036
http://ndippp.gov.ua/user/login?destination=node/256%23comment-form,0.94365263
http://nanokarkas.ru/mef-v-kristalah-zolotonosha,0.94362956
http://uraltradicia.ru/ethnomap/gorodskoy-okrug-bogdanovich,0.94326764
http://www.kleo.ru/items/news/2021/02/19/lazarev-kolco.shtml,0.9428372
http://corpora.iea.ras.ru/corpora/describe_word.php?b=l&lang_code=evn&prev=%D1%82%D0%B0%D1%82%D0%BA%D0%B8%D1%82%D0%B2%D0%B0&wf_kind=normalised&word=%D0%B0%D0%BB%D0%B0%D0%B3%D1%83%D0%BD%D0%B0%D1%81%D1%82%D1%8D%D0%B2,0.94275725
http://corpora.iea.ras.ru/corpora/describe_word.php?lang_code=evn&wf_kind=normalised&word=%D0%B8%D0%BB%D0%B8%D0%B2%D0%B0,0.94273674
http://ecoprom.misis.ru/jour/search/search?query=%D0%BA%D0%BE%D0%BC%D0%BF%D0%B0%D0%BD+innovative+%D0%B8%D0%BD%D0%BD%D0%BE%D0%B2%D0%B0%D1%86%D0%B8%D0%BE%D0%BD+attractiveness+%D0%BC%D1%81%D0%BA,0.94247067
http://housechief.ru/samodelka-dlja-idealno-rovnogo-raspila-jelektrolobzikom.html,0.9423199
http://pglobal.ru/russkie-onlayn-kazino.php,0.942179
http://theburgerbrothers.ru/kazino-vulkan-babushka.php,0.94145733
http://www.stoneblack.ru/category/polofutbolki/brandpolos/817,0.94129765
http://izvestia.igras.ru/jour/search/search?query=%D1%80%D0%B5%D0%B4%D0%B0%D0%BA%D1%82%D0%BE%D1%80+%D0%B3%D0%BB%D0%B0%D0%B2%D0%BD,0.94069946
http://www.golden-retriver.info/standart-porody,0.9402564
http://www.surgonco.ru/index.php/jour/search?authors=%D0%90.+%D0%93.+%D0%A5%D0%B0%D1%81%D0%B0%D0%BD%D0%BE%D0%B2,0.9401556
http://corpora.iea.ras.ru/corpora/describe_word.php?b=r&lang_code=evn&prev=%D0%B0%D3%88%D0%B4%D0%B5%D0%BD&wf_kind=normalised&word=%D0%B4%D1%8E%D0%B3%D1%83%CC%84%D1%80%D1%8D%D0%BD,0.9401396
http://wreferat.baza-referat.ru/%D0%9C%D0%B5%D0%BB%D0%B8%D1%82%D0%BE%D0%BD_%D0%A1%D0%B0%D1%80%D0%B4%D1%81%D0%BA%D0%B8%D0%B9,0.93994474
http://forum.cn.ua/index.php?act=ST&f=3&st=15&t=48050,0.93986917
http://rsport.ria.ru/20140910/771632849.html,0.939656
http://www.yspu.yar.ru/index.php?oldid=52003&title=%D0%AF%D0%BA%D0%BE%D0%B2%D0%BB%D0%B5%D0%B2%D0%B0_%D0%AE%D0%BB%D0%B8%D1%8F_%D0%92%D0%BB%D0%B0%D0%B4%D0%B8%D0%BC%D0%B8%D1%80%D0%BE%D0%B2%D0%BD%D0%B0,0.93948555
http://mycoweb.ru/GIF/catalog/catalog.php?id=709&level=picture&plog_page=6,0.93910825
http://rsport.ria.ru/20200218/1564944794.html,0.9390355
http://auto.bizinform.net/newauto/category-spectehnika/body-frontalnyj-pogruzchik,0.9389646
http://shop.nutricia.ua/uk/nutrilon,0.93884873
http://medusl.ru/specs/poproczkaya-mariya-aleksandrovna,0.9382279
http://rsport.ria.ru/20210108/futbol-1592356742.html,0.9380563
http://www.tipse.ru/jour/search/search?query=forensic+%D1%82%D1%80%D1%83%D0%BF+%D1%8D%D0%BA%D1%81%D0%BF%D0%B5%D1%80%D1%82%D0%B8%D0%B7+autopsy+%D0%BE%D1%81%D0%BC%D0%BE%D1%82%D1%80,0.9379859
http://www.tipse.ru/jour/search/index?abstract=&authors=%D0%93.+AND+%D0%93.+AND+%D0%9E%D0%BC%D0%B5%D0%BB%D1%8C%D1%8F%D0%BD%D1%8E%D0%BA&coverage=&dateFromDay=&dateFromMonth=&dateFromYear=2019&dateToDay=&dateToMonth=&dateToYear=2019&discipline=&galleyFullText=&journalTitle=&query=&subject=%22%D0%B2%D0%B0%D0%BB%D0%B8%D0%B4%D0%B0%D1%86%D0%B8%D1%8F%22&suppFiles=&title=&type=,0.9379859
http://www.tipse.ru/jour/search/search?query=forensic+%D1%81%D1%83%D0%B4%D0%B5%D0%B1%D0%BD+%D1%8D%D0%BA%D1%81%D0%BF%D0%B5%D1%80%D1%82%D0%B8%D0%B7+%D1%8D%D0%BA%D1%81%D0%BF%D0%B5%D1%80%D1%82%D0%BD+arab,0.9379857
http://rechnik.chitanka.info/w/%D1%88%D0%B0%D0%BD%D1%86%D0%BE%D0%B2,0.93795514
http://zelitel.tv/2017/09/30/porcha-sglaz-privorot-proklyate,0.937888
http://newsland.com/community/7285/content/bolshaia-subbota/7315464,0.93781507
http://ojrs.abvpress.ru/ojrs/article/view/506/510,0.9376552
http://lurkmo.re/%D0%A4%D0%B8%D0%BC%D0%BE%D0%B7,0.9375236
http://maorif.tj?page=4,0.9370923
http://www.ukrainianschoolnyc.org/litopys-shkoly,0.9364774
http://forum.gramota.ru/viewtopic.php?p=371372,0.93644196
http://allians-retraite.com/putany-lipetsk,0.9361715
http://lek.bg/bg/medicina-zdrave/alergii-senna-hrema/grizha-nosa,0.9361558
http://ecoprom.misis.ru/jour/article/view/16,0.9360492
http://nauka-novosti.ru/blog/43658466626/CHto-takoe-massovoe-vyimiranie-?utm_referrer=mirtesen.ru,0.935828
http://geomorphology.igras.ru/jour/search/search?abstract=&authors=&coverage=&dateFromDay=&dateFromMonth=&dateFromYear=2018&dateToDay=&dateToMonth=&dateToYear=&discipline=&galleyFullText=&indexTerms=&orderBy=score&orderDir=desc&query=%D1%80%D0%B0%D0%B7%D0%BC%D1%8B%D0%B2+erosion+%D0%B1%D0%B5%D1%80%D0%B5%D0%B3+shore+%D1%81%D0%B0%D1%85%D0%B0%D0%BB%D0%B8%D0%BD&searchJournal=1&subject=%22%D1%8D%D1%80%D0%BE%D0%B7%D0%B8%D1%8F%22&suppFiles=&title=&type=,0.9357736
http://vladivostok.ca.kontur.ru/faq/signature/kak-podpisat-dokument,0.93568766
http://ojrs.abvpress.ru/ojrs/search/index?abstract=&authors=%D0%9D.+%D0%92.+%D0%92%D0%BE%D0%BB%D0%BA%D0%BE%D0%B2%D0%B0&coverage=&dateFromDay=&dateFromMonth=&dateFromYear=&dateToDay=&dateToMonth=&dateToYear=&discipline=&galleyFullText=&indexTerms=&orderBy=score&orderDir=desc&query=&searchJournal=1&searchPage=7&subject=&suppFiles=&title=&type=,0.9356136
http://ria.ru/20180307/1515978232.html,0.93530166
http://rsport.ria.ru/20191020/1559998697.html,0.935125
http://www.pogost-tegel.info/index.php?id=1018,0.9350531
http://fermet.misis.ru/jour/article/view/621/606,0.9348792
http://www.russianradiology.ru/jour/article/view/2/4,0.93477166
http://vremyatain.ru/2020/06/01/%D1%82%D1%80%D0%B5%D0%B9%D0%BB%D0%B5%D1%80-%D0%BA-%D1%81%D0%BF%D0%B5%D0%BA%D1%82%D0%B0%D0%BA%D0%BB%D1%8E-%D1%81%D0%B8%D0%BB%D0%B0-%D0%B4%D1%83%D1%88%D0%B8-%D1%80%D1%83%D1%81%D1%81%D0%BA%D0%BE%D0%B9,0.9344798
http://zvonok.com/ru-kz/manual/manual_campaigns,0.9342002
http://nkvd.memo.ru/index.php?oldid=108365&title=%D0%96%D0%B5%D0%BB%D0%B5%D0%B7%D0%BE%D0%B2%D1%81%D0%BA%D0%B8%D0%B9%2C_%D0%93%D0%B5%D0%BE%D1%80%D0%B3%D0%B8%D0%B9_%D0%98%D0%B2%D0%B0%D0%BD%D0%BE%D0%B2%D0%B8%D1%87,0.9341887
http://zhyve.tv/projects/3-dokumentalna-strichka-kapelany,0.93418366
http://vscht.ru/2011/07/nastup-do-studia?replytocom=22234,0.9341736
http://www.yspu.yar.ru/index.php?diff=101982&oldid=101498&title=%D0%9F%D0%B5%D0%B4%D0%B0%D0%B3%D0%BE%D0%B3%D0%B8%D1%87%D0%B5%D1%81%D0%BA%D0%B8%D0%B9_%D1%84%D0%B0%D0%BA%D1%83%D0%BB%D1%8C%D1%82%D0%B5%D1%82%3A_%D0%A3%D1%87%D0%B5%D0%B1%D0%BD%D1%8B%D0%B9_%D0%BF%D1%80%D0%BE%D1%86%D0%B5%D1%81%D1%81,0.93412995
http://ria.ru/20091128/195889251.html,0.9338962
http://www.spinesurgery.ru/jour/article/view/768/587,0.9338657
http://26.ufa-lib.ru?newsId=1494,0.9332385
http://buket.ucoz.com/photo/9-0-22,0.9330884
http://lib.ossn.ru/jour/article/view/280,0.93285334
http://fermet.misis.ru/jour/article/view/401/384,0.9325181
http://avamix.ru/anasha-seversk.php,0.9318864
http://zkh39.ru/mdma-votkinsk.php,0.93120354
http://federalizm.rea.ru/index.php/jour/search?subject=%D0%BC%D0%B8%D0%B3%D1%80%D0%B0%D1%86%D0%B8%D1%8F+%D0%BD%D0%B0%D1%81%D0%B5%D0%BB%D0%B5%D0%BD%D0%B8%D1%8F,0.93096066
http://alinmir.ru/post380248302,0.93093485
http://www.vopreco.ru/index.php/jour/search?subject=%D1%80%D0%B0%D0%B7%D0%B2%D0%B8%D1%82%D0%B8%D0%B5+%D0%BD%D0%B0%D1%83%D0%BA%D0%B8,0.9309043
http://www.spletnik.ru/beauty/news_beauty/94605-podarki-na-valentina-dlya-vsekh-kogo-vy-lyubite.html,0.93045306
http://www.spinesurgery.ru/jour/article/view/1082/900,0.93032396
http://latinskyikvartal.ru/spidi-belsko-byala.php,0.93024725
http://forum.qrz.ru/19-diplomy/46886-telegrafnyy-marafon-rossii-diplomnaya-programma-r-cw-c.html,0.93003225
http://www.vopreco.ru/jour/article/view/1645,0.92984843
http://moldovenii.md/ru/people/1134,0.92959243
http://drugexpert.ru/zakladki-varshava.php,0.9293804
"http://ru.wikibedia.ru/wiki/%D0%9A%D0%BB%D0%BE%D0%B4%D1%82,_%D0%9C%D0%B8%D1%85%D0%B0%D0%B8%D0%BB",0.9291233
http://hp40.ru/opiy-ulyanovsk.php,0.9290778
http://moscowprostitutka.com,0.9289234
http://www.spletnik.ru/look/redcarpet/89009-ambrosio-khantington-uaytli-na-byuti-vecherinke.html,0.9284609
http://iskatel.info/bolshoj-sekret-andreya-zhukova.html,0.9281797
http://journal.microbe.ru/index.php/jour/search?authors=%D0%A1.+AND+%D0%92.+AND+%D0%91%D0%BE%D1%80%D0%B8%D1%81%D0%B5%D0%B2%D0%B8%D1%87,0.9281436
http://znaimo.com.ua/%D0%9C%D1%83%D0%BD%D1%96%D1%86%D0%B8%D0%BF%D0%B0%D0%BB%D1%8C%D0%BD%D0%B5_%D1%83%D1%82%D0%B2%D0%BE%D1%80%D0%B5%D0%BD%D0%BD%D1%8F_%D0%BC%D1%96%D1%81%D1%82%D0%BE_%D0%93%D0%B0%D1%80%D1%8F%D1%87%D0%B8%D0%B9_%D0%9A%D0%BB%D1%8E%D1%87,0.92789346
http://smp.spb.ru/jour/login?source=/jour/article/view/167/168,0.9276041
http://politrington.ru/mda-artem.php,0.92742634
http://bg.iliveok.com/health/anestezirashcha-supozitoriya-sled-razhdane_102971i15828.html,0.9270053
http://project.1sept.ru/works/570049,0.9266485
http://www.spinesurgery.ru/jour/article/view/832/651,0.92657584
http://football-fun.ru/club/kan/achievements,0.9265735
http://gr.troll.km.ua/archives/1147,0.92641646
http://wwlife.ru/index.php/vse-dobavleniya/item/979-peresmotrena-evolyutsiya-pozvonochnika-u-rannih-chetveronogih,0.9263884
http://holoda.info/kupit-travku-marihuani-v-poltave.php,0.92633164
http://blog.kob.tomsk.ru/wiki/index.php/%D0%A1%D0%B5%D0%B2%D0%B5%D1%80%D1%81%D0%BA_(%D0%A2%D0%BE%D0%BC%D1%81%D0%BA%D0%B0%D1%8F_%D0%BE%D0%B1%D0%BB%D0%B0%D1%81%D1%82%D1%8C),0.9260945
http://www.donmining.info/2014/06/blog-post_22.html,0.9259385
http://saveukok.ru/gribi-glyuki-novokuybishevsk.php,0.92575896
http://zw.ciit.zp.ua/index.php?oldid=424441&title=%D0%A2%D1%80%D0%B5%D0%BD%D1%96%D0%BD%D0%B3_%22%D0%9C%D0%B5%D1%80%D0%B5%D0%B6%D0%B5%D0%B2%D1%96_%D1%82%D0%B5%D1%85%D0%BD%D0%BE%D0%BB%D0%BE%D0%B3%D1%96%D1%97_%D0%92%D0%B5%D0%B1_2.0%22_%D0%B4%D0%BB%D1%8F_%D0%BF%D0%B5%D0%B4%D0%B0%D0%B3%D0%BE%D0%B3%D1%96%D1%87%D0%BD%D0%B8%D1%85_%D0%BF%D1%80%D0%B0%D1%86%D1%96%D0%B2%D0%BD%D0%B8%D0%BA%D1%96%D0%B2_%D1%88%D0%BA%D0%BE%D0%BB%D0%B8-%D1%96%D0%BD%D1%82%D0%B5%D1%80%D0%BD%D0%B0%D1%82%D1%83_%C2%AB%D0%A1%D0%B2%D1%96%D1%82%D0%B0%D0%BD%D0%BE%D0%BA%C2%BB_%D0%97%D0%B0%D0%B2%D0%BE%D0%B4%D1%81%D1%8C%D0%BA%D0%BE%D0%B3%D0%BE_%D1%80%D0%B0%D0%B9%D0%BE%D0%BD%D1%83%2C_%D1%82%D1%80%D0%B0%D0%B2%D0%B5%D0%BD%D1%8C_2017,0.92565215
http://polit100.ru/marihuana-ribinsk.php,0.9256511
http://www.medgen-journal.ru/jour/article/view/1793/1426,0.92556304
http://www.showtehnik.ru/catalog/studiynye_monitory/aktivnyy_studiynyy_monitor_krk_vxt4,0.92541766
http://www.naupri.ru/journal/1944,0.9253988
http://hlapeta.bg/quinny-platforma-kolichka-vtoro-dete-520.p,0.92499876
http://www.finquint.info/evolyutsiya-kitayskoy-korporativnoy-sotsialnoy-otvetstvennosti,0.9249185
http://ria.ru/20121122/911828300.html,0.92474186
http://www.vopreco.ru/jour/search/search?query=%D0%BE%D0%BD%D1%82%D0%BE%D0%BB%D0%BE%D0%B3+ontology+%D1%8D%D0%BA%D0%BE%D0%BD%D0%BE%D0%BC%D0%B8%D1%87%D0%B5%D1%81%D0%BA+%D0%BD%D0%B0%D1%83%D0%BA+economic,0.92461956
http://vapcarov.net/bws-gallery/%D0%BA%D0%BE%D0%BD%D0%BA%D1%83%D1%80%D1%81-%D0%BA%D0%BE%D0%BB%D0%B5%D0%B4%D0%B0-%D0%BB%D1%8E%D0%B1%D0%B8%D0%BC%D0%B0-%D0%B8-%D0%B6%D0%B5%D0%BB%D0%B0%D0%BD%D0%B0,0.92455846
http://www.ya.org.ua/index.php?Itemid=91&catid=41&id=1177&option=com_content&view=article,0.9244926
http://www.ped-perinatology.ru/jour/article/view/1062/894,0.9244832
http://politika.org.ua/zelenskij-i-sistema-jaki-varianti-rozvitku-podij,0.9243885
http://iomoonvr.com/gde-zakazat-amfetamin-skadovsk-hersonskaya-oblast.php,0.9240637
http://forum.vgd.ru/39/97939/400.htm?a=stdforum_view&o=,0.9236599
http://www.nikpravda.com.ua/%D0%B2-%D0%BD%D0%B8%D0%BA%D0%BE%D0%BB%D0%B0%D0%B5%D0%B2%D0%B5-%D0%BA%D1%80%D0%B8%D0%BC%D0%B8%D0%BD%D0%B0%D0%BB%D1%8C%D0%BD%D1%8B%D0%B9-%D0%B0%D0%B2%D1%82%D0%BE%D1%80%D0%B8%D1%82%D0%B5%D1%82,0.9233627
http://hlapeta.bg/babyhome-adaptori-stol-koshnica-414.p,0.9226473
http://www.yvobojkov.com/2013/11/a-272.html?showComment=1383514134202,0.9226117
http://mrj.ima-press.net/index.php/mrj/search?authors=%D0%AE%D0%BB%D0%B8%D1%8F+%D0%92%D0%B0%D0%BB%D0%B5%D1%80%D1%8C%D0%B5%D0%B2%D0%BD%D0%B0+%D0%90%D0%B2%D0%B5%D1%80%D0%BA%D0%B8%D0%B5%D0%B2%D0%B0,0.92236257
http://mrj.ima-press.net/index.php/mrj/search?authors=%D0%98.+AND+%D0%93.+AND+%D0%A1%D0%B0%D0%BB%D0%B8%D1%85%D0%BE%D0%B2,0.92236257
http://rsport.ria.ru/20121226/637242338.html,0.92161363
http://data.mos.ru/classifier/7704786030-vidy-transporta,0.9215841
http://ria.ru/20140723/1017235915.html,0.92133456
http://www.prodzakaz.com.ua/shop/stol-zhurnalny-derevo-teak-ctw-0616-4,0.92121506
http://www.streetastronomy.com.ua/astrophotography/zoryane-pole-ta-temni-tumannosti-navkolo-betelgejze.html,0.9208915
http://bela.bg/%D0%B1%D0%B8%D0%BE-%D0%B1%D1%80%D0%B0%D1%88%D0%BD%D0%B0,0.92088616
http://www.tibl-journal.com/jour/article/view/477,0.9206857
http://www.aviaport.ru/conferences/42237,0.92065674
http://www.kagarlyk-mrada.gov.ua/announcements/618,0.9202087
http://www.3dpenoplast.ru/srp-4612?lightbox=dataItem-j4qftjjr,0.9193674
http://rechnik.chitanka.info/w/%D1%82%D1%80%D0%B8%D0%B4%D0%B5%D1%81%D0%B5%D1%82%D0%B8%D0%BD%D0%B0%D0%B3%D0%BE%D0%B4%D0%B8%D1%88%D0%B5%D0%BD,0.9193132
http://tsushima.su/forums/viewtopic.php?pid=1457099,0.9192114
http://starwars.fandom.com/ru/wiki/%D0%9F%D0%BE%D0%B1%D0%B5%D0%B3_%D1%8D%D0%B2%D0%BE%D0%BA%D0%B0,0.9188966
http://school93.tgl.ru/news/rn/1908,0.9187388
http://wreferat.baza-referat.ru/%D0%93%D0%BE%D1%80%D0%B4%D1%8B%D0%B9_(%D1%8D%D1%81%D0%BC%D0%B8%D0%BD%D0%B5%D1%86),0.9187088
http://naruto.fandom.com/ru/wiki/%D0%9A%D1%83%D1%80%D0%BE%D1%86%D1%83%D1%87%D0%B8,0.91837585
http://ria.ru/20190829/1558040349.html,0.9183409
http://www.gt-crust.ru/jour/article/view/103/106,0.91745305
http://lovedocfest.ru/alfa-pvp-temirtau.php,0.9169555
http://www.pharmpharm.ru/jour/article/view/174,0.916417
http://muzotkritki.ru/sozdat/sozdat-sayt-vospitatelya-detskogo-sada.php,0.9163461
http://www.siberianlawreview.ru/jour/article/view/4,0.9162509
http://www.rospedj.ru/jour/search?subject=%22%D0%B4%D0%B5%D1%82%D0%B8+%D1%80%D0%B0%D0%BD%D0%BD%D0%B5%D0%B3%D0%BE+%D0%B2%D0%BE%D0%B7%D1%80%D0%B0%D1%81%D1%82%D0%B0%22,0.9154953
http://nkvd.memo.ru/index.php?printable=yes&title=%D0%91%D0%BB%D0%BE%D0%BA%2C_%D0%9F%D0%B5%D1%82%D1%80_%D0%9C%D0%BE%D1%80%D0%B4%D0%BA%D0%BE%D0%B2%D0%B8%D1%87,0.9150937
http://corpora.iea.ras.ru/corpora/describe_word.php?b=r&prev=%D0%B0%D0%BB%D0%B0%D0%B3%D1%83%CC%84%D0%B2%D1%83%D0%BC%D0%BD%D0%B8%CC%84%D0%BB%D0%BD%D1%83%CC%84%D0%BD%D0%BC%D0%B8&word=%D1%82%D0%B0%D1%80,0.9150537
http://xn--b1adlpjdabbp.xn--p1ai/index.php?topic=620.0,0.914735
http://vestnik.guu.ru/jour/article/view/2591,0.9145006
http://elpub.vir.nw.ru/jour/search/search?abstract=&authors=%22a.+y.+nekrasov%22&coverage=&dateFromDay=&dateFromMonth=&dateFromYear=&dateToDay=&dateToMonth=&dateToYear=&discipline=&galleyFullText=&journalTitle=&query=%D0%BA%D0%BB%D1%83%D0%B1%D0%BD+susceptibility+cultivar+potato+%D0%BA%D0%B0%D1%80%D1%82%D0%BE%D1%84%D0%B5%D0%BB&subject=%22%D1%83%D1%80%D0%BE%D0%B6%D0%B0%D0%B9%D0%BD%D0%BE%D1%81%D1%82%D1%8C%22&suppFiles=&title=&type=,0.9142343
http://elpub.vir.nw.ru/jour/search/search?abstract=&authors=%22%D1%80%D0%B0%D0%B4%D1%87%D0%B5%D0%BD%D0%BA%D0%BE%2C+%D0%B5.+%D0%B5.%22&coverage=&dateFromDay=&dateFromMonth=&dateFromYear=&dateToDay=&dateToMonth=&dateToYear=&discipline=&galleyFullText=&journalTitle=&query=berry+%D1%8F%D0%B3%D0%BE%D0%B4+%D1%80%D0%B0%D0%B7%D0%BC%D1%8F%D0%B3%D1%87%D0%B5%D0%BD+trait+softening&subject=%22rfl-ppr%22&suppFiles=&title=&type=,0.9142343
http://elpub.vir.nw.ru/jour/search/search?abstract=&authors=&coverage=&dateFromDay=&dateFromMonth=&dateFromYear=2019&dateToDay=&dateToMonth=&dateToYear=2019&discipline=&galleyFullText=&journalTitle=&query=blackberry+%D1%85%D1%80%D0%B0%D0%BD%D0%B5%D0%BD+%D1%81%D0%BF%D0%BE%D1%81%D0%BE%D0%B1+%D0%BF%D0%BE%D0%B1%D0%B5%D0%B3+shoot&subject=%22%D1%81%D0%B5%D0%BB%D0%B5%D0%BA%D1%86%D0%B8%D1%8F%22&suppFiles=&title=&type=,0.9142343
http://journal.pulmonology.ru/pulm/article/view/604/549,0.9141658
http://rsport.ria.ru/20200326/1569185049.html?rcmd_alg=collaboration2&rcmd_id=1569040362,0.91391
http://kirenga-smi.ru/board/bytovaja-tehnika/planshety-i-elektronnye-knigi/zarjadnye-ustroistva,0.9131217
http://rv-prestige.ru/alfa-sk-dnepropetrovsk-zhm-severniy,0.91299057
http://kerdaha.ru/2019/05/17/%D0%BA%D0%B0%D0%B4%D0%B0%D1%81%D1%82%D1%80%D0%BE%D0%B2%D0%B0%D1%8F-%D0%BF%D0%B0%D0%BB%D0%B0%D1%82%D0%B0-%D0%B7%D0%B0%D0%BF%D1%83%D1%81%D1%82%D0%B8%D1%82-%D0%B2%D1%81%D0%B5%D1%80%D0%BE%D1%81%D1%81,0.9123844
http://rechnik.chitanka.info/w/%D1%82%D0%B0%D0%B7%D0%BD%D0%BE%D1%89%D0%B5%D0%BD,0.91178155
http://serg-klymenko.narod.ru/Other_World/Ukraine.Pidhirtsi.htm,0.91154724
http://www.siberianlawreview.ru/jour/article/view/179,0.911327
http://www.uns.ac.rs/index.php/c-clanice/fakulteti/medicinski-fakultet-c,0.90998954
http://www.jtransplantologiya.ru/jour/search/index?abstract=&authors=&coverage=&dateFromDay=&dateFromMonth=&dateFromYear=2018&dateToDay=&dateToMonth=&dateToYear=2018&discipline=&galleyFullText=&journalTitle=&query=&subject=%D0%BE%D0%BA%D0%BA%D0%BB%D1%8E%D0%B7%D0%B8%D1%8F+%D0%BD%D0%B8%D0%B6%D0%BD%D0%B5%D0%B9+%D0%BF%D0%BE%D0%BB%D0%BE%D0%B9+%D0%B2%D0%B5%D0%BD%D1%8B&suppFiles=&title=&type=,0.90880257
http://www.jtransplantologiya.ru/jour/search/index?abstract=&authors=&coverage=&dateFromDay=&dateFromMonth=&dateFromYear=2017&dateToDay=&dateToMonth=&dateToYear=2017&discipline=&galleyFullText=&journalTitle=&query=&subject=%D0%BE%D0%BA%D0%BA%D0%BB%D1%8E%D0%B7%D0%B8%D1%8F+%D0%BD%D0%B8%D0%B6%D0%BD%D0%B5%D0%B9+%D0%BF%D0%BE%D0%BB%D0%BE%D0%B9+%D0%B2%D0%B5%D0%BD%D1%8B&suppFiles=&title=&type=,0.90880257
http://www.aaresearch.science/index.php/jour/search?authors=%D0%98.+AND+%D0%92.+AND+%D0%A2%D0%BE%D0%BA%D0%B0%D1%80%D0%B5%D0%B2,0.9087375
http://www.aaresearch.science/jour/search/index?abstract=&authors=%D0%A4.+AND+%D0%95.+AND+%D0%9C%D0%B0%D0%BA%D1%81%D0%B8%D0%BC%D0%BE%D0%B2&coverage=&dateFromDay=&dateFromMonth=&dateFromYear=&dateToDay=&dateToMonth=&dateToYear=&discipline=&galleyFullText=&journalTitle=&query=&subject=%22%D0%B2%D0%BE%D1%81%D1%81%D1%82%D0%B0%D0%BD%D0%BE%D0%B2%D0%BB%D0%B5%D0%BD%D0%BD%D0%B0%D1%8F+%D1%81%D0%B5%D1%80%D0%B0%22&suppFiles=&title=&type=,0.9087375
http://www.asenovgrad.net/news/510661/premierat-boyko-borisov-proveri-izgrazhdaneto-na-lokalnite-platna-na-patya-asenovgrad-plovdiv,0.9086516
http://ria.ru/20200327/1569229617.html,0.9081648
http://www.mais-journal.ru/jour/article/view/614/478,0.90757203
http://nkvd.memo.ru/index.php?oldid=139781&title=%D0%91%D0%BE%D0%B3%D0%B4%D0%B0%D0%BD%D0%BE%D0%B2%2C_%D0%9D%D0%B8%D0%BA%D0%BE%D0%BB%D0%B0%D0%B9_%D0%9A%D1%83%D0%B7%D1%8C%D0%BC%D0%B8%D1%87,0.90720326
http://www.ophthalmosurgery.ru/jour/article/view/27/31,0.90719444
http://rsport.ria.ru/20201014/khokkey-1579852595.html,0.90699154
http://www.medsim.ru/jour/article/view/918/555,0.90682304
http://fotovideoforum.ru/topic3441-50.html,0.90657854
http://pirates-film.ru/alfa-pvp-dzerzhinsk.php,0.9063426
http://24x360.com/kupiti-eltniy-kokan-u-krovograd.php,0.90583897
http://karel.aif.ru/society/deputat_u_nas_horosh_tolko_tolku_ni_na_grosh_deputaty_gosdumy_1917?utm_campaign=aifrelated&utm_medium=click&utm_source=aifrelated,0.9048078
http://www.adi-madi.ru/madi/article/view/266,0.90467817
http://funfactor.me/kupit-boshki-cherez-forum-bmwrc-marganets-dnepropetrovskaya-oblast.php,0.90432453
http://wreferat.baza-referat.ru/%D0%A0%D0%BE%D0%BC%D0%B0%D0%BD%D0%BE%D0%B2_%D0%9C%D0%B8%D1%85%D0%B0%D0%B8%D0%BB_%D0%90%D0%BB%D0%B5%D0%BA%D1%81%D0%B0%D0%BD%D0%B4%D1%80%D0%BE%D0%B2%D0%B8%D1%87,0.9036661
http://persons-info.com/persons/PUSHKIN_Aleksandr_Sergeevich/31880/1dc10e2706f07f5cb563a85569a7fe38,0.9018576
http://gourmetsdream.com/drugoe/ogurtsy-po-koreyski-s-morkovyu-i-chesnokom-na-zimu,0.90044516
http://www.catalysis-kalvis.ru/jour/article/view/454,0.90037227
http://oncourology.abvpress.ru/oncur/article/view/346,0.89999807
http://kvartorg.com/view/2491917,0.8998653
http://interfax-aki.ru/igrovie-apparati-hryushki.php,0.89940405
http://mk-shahtersk.ucoz.org/video/vic/obrazovatelnoe/meroprijatija,0.89923835
http://nado.znate.ru/18_%D0%BE%D0%BA%D1%82%D1%8F%D0%B1%D1%80%D1%8F,0.89846426
http://dictionnaire.sensagent.leparisien.fr/%D0%99%D0%BE%D1%82%D1%82%D0%B0%D0%B1%D0%B0%D0%B9%D1%82/ru-ru,0.8984573
http://futsal.odessa.ua/sorevnovanija/arhiv-novostej.html,0.89843166
http://vverh.su/posts/proekt-profi-ishhem-rabotodatelej,0.8979411
http://wiki.iteach.com.ua/index.php?oldid=67481&title=%22%D0%90%D0%B2%D1%82%D0%BE%D1%80%22_%D0%B7%D0%B0_%D0%BF%D1%80%D0%BE%D0%B5%D0%BA%D1%82%D0%BE%D0%BC_%22%D0%9A%D0%BB%D0%B8%D0%BC%D0%BA%D0%BE%22_%D0%93%D1%80%D0%B8%D0%B3%D0%BE%D1%80%D0%B0_%D0%A2%D1%8E%D1%82%D1%8E%D0%BD%D0%BD%D0%B8%D0%BA%D0%B0%2C_%D1%83%D0%BA%D1%80%D0%B0%D1%97%D0%BD%D1%81%D1%8C%D0%BA%D0%B0_%D0%BB%D1%96%D1%82%D0%B5%D1%80%D0%B0%D1%82%D1%83%D1%80%D0%B0%2C_7_%D0%BA%D0%BB%D0%B0%D1%81%2C_%D1%88%D0%BA%D0%BE%D0%BB%D0%B0_168,0.8977941
http://hdsurvey.club/miusinsk,0.8976481
http://vgrigoriev.ru/2019/barcelona-caphedral2,0.8967315
http://www.citywalls.ru/house14443.html?s=tvevehfh7hctf6oudr3m6k5pn5,0.8967156
http://www.colta.ru/articles/society/11-migranty-o-kuznitse-dikosti,0.8958763
http://vifk.info/kupit-cherez-tor-boshki-berdyansk-zaporozhskaya-oblast.php,0.8952495
http://www.vos.bg/bg/press/rss-feeds,0.89475465
http://velqn.com/balgarski-bulevardi-v-entropa-pardon,0.8941538
http://chernivtsi.online/archives/43384?replytocom=195516,0.89286286
http://www.in-power.ru/news/neftigaz/34736-gazprom-podvedet-setevoi-gaz-esche-k-81-naselennomu-punktu-kirovskoi-oblasti.html,0.89229184
http://apollon.blog.bg/izkustvo/2010/08/21/nai-krasivoto-morsko-i-zemno-cvete-izchezna-ot-samiia-quot-r.594059,0.8919803
http://dic.academic.ru/dic.nsf/ruwiki/1295636,0.8892005
http://kino.mail.ru/person/650445_igor_krutoj,0.88826054
http://ria.ru/20190830/1558097583.html,0.8868649
"http://nkvd.memo.ru/index.php/%D0%90%D0%B1%D1%80%D0%BE%D1%81%D0%BE%D0%B2,_%D0%9D%D0%B8%D0%BA%D0%BE%D0%BB%D0%B0%D0%B9_%D0%95%D1%84%D0%B8%D0%BC%D0%BE%D0%B2%D0%B8%D1%87",0.88529277
http://www.showtehnik.ru/catalog/akusticheskie_komplekty_1/akusticheskaya_sistema_element_komplekta_bel_canto_volta_bel_canto_sub_18_w,0.8849721
http://sunlines.eu/ru/malenkiye_ostrova_tallina,0.8825418
http://binar.bg/97599/artar-konan-dojl-koj-e-sherlok-holms,0.88145936
http://www.fcp.in.ua/zinedin-zidan,0.8813098
http://reltoday.com/news/vozmozhnye-religioznye-sovetniki-bajdena,0.8813041
http://shikimori.one/characters/1130-lloyd-asplund,0.8808547
http://cf-rf.ru/molly-krakov.php,0.8803333
http://www.parvomai.net/news/111139/parvomaytsi-izkachiha-fengari-po-palnolunie,0.87932026
http://www.gotryavna.bg/index.php?110=&arch=&viewtrnew=,0.8792708
http://auto.marshrutka.com.ua/newauto/marka-skoda/model-karoq,0.8786982
http://www.vetervpole.ru/zapiski/148-medveditsa-2016,0.87761146
http://harakter72.ru/programmi-dlya-prosmotra-tv-kanalov.php,0.8756027
http://ut-skola.znanje.info/241-News/5219-SKOLSKI_UNESKO_KLUB,0.8752756
http://1svegienovosti.ru/alpha-a-pvp-korolev.php,0.87482494
http://ortopedianew.appspot.com/wiki/Zas%C5%82u%C5%BCony_Mistrz_Sportu_ZSRR_w_hokeju_na_lodzie,0.87465197
http://rustrade03.ru/catalog/biokaminyi/vstraivaemyie/teploizolyaczionnyij-korpus-dlya-vstraivaniya-v-mebel/teploizolyaczionnyij-korpus-dlya-vstraivaniya-v-mebel-dlya-ochaga-1800-mm-(zefire),0.87412876
http://news.tut.by/tag/anastasiya-duborezova.html,0.872892
http://www.spletnik.ru/blogs/muzyka/171573_glavnoe-o-grustnom,0.87265366
http://www.vseprosport.by/news/2021/02/22/jokerit-vitjaz-stavka-fedora-kanarejkina-22-fevralja-2021-goda,0.872462
http://ru.wikipedia.org.xx3.kz/go.php?url=http%3A//viagrannn.com,0.87231076
http://toast.com.ua.g3.kz/go.php?ASCampaignID=yUrcihPILTWjfcF+1Brm/Q%3D%3D&ASFrontpageID=1/trends/comxxxvidos/1/&AffiliateID=ayFJWpGmVP5dqiqsij/cZA%3D%3D&BannerClickID=22285369&url=https%3A//chototbatdongsan.net/?tmplaceref%3Dcriteo,0.87231064
http://tuning-maker.com/products/zaschita-zadnego-bampera-mitsubishi-asx-us-odinarnyj-can,0.87230253
http://igra.lv,0.87227607
http://interwiki.info/index.php?oldid=12984&printable=yes&title=%D0%9E%D1%81%D0%BD%D0%BE%D0%B2%D0%BD%D0%B0%D1%8F_%D1%86%D0%B5%D0%BB%D1%8C_%D0%BF%D1%81%D0%B8%D1%82%D0%B5%D1%80%D1%80%D0%BE%D1%80%D0%B0,0.87165344
http://rechnik.chitanka.info/w/%D0%A9%D1%83%D1%82%D0%B3%D0%B0%D1%80%D1%82,0.8714987
http://lt.ogo.ua/news/samyim-staryim-jitelem-planetyi-stal-byivshiy-uznik-gulaga,0.8713791
http://kitaphane.tatarstan.ru/tufan.htm,0.87032926
http://www.spletnik.ru/blogs/konkursy_i_oprosy/103221_reyting-samykh-privlekatelnykh-biznesmenov-po-versii-spletnitc,0.87016666
http://natoke.ru/photos/142-miku-max-elektricheskii-skuter.html,0.8698995
http://wiki-org.ru/wiki/1915_%D0%B3%D0%BE%D0%B4,0.8691096
http://zajtzeve.otg.dp.gov.ua/ua/rada/viborcha-komisiya/pro-zatverdzhennya-yedinogo-koshtorisu-vidatkiv-zajcivskoyi-silskoyi-teritorialnoyi-viborchoyi-komisiyi-z-miscevih-viboriv-25-zhovtnya-2020-roku,0.86895895
http://rsp.mediar-press.net/rsp/article/view/1077/750,0.8688817
http://www.waldorf-school.org/2019_11_13_archive.html,0.8685661
http://itkrep.ru/product/boltyi_DIN933_m20h50_klpr88_(1_kg),0.8677558
http://avto.kontrakty.ua/newauto/marka-shifeng/model-sf-244c/fuel-diztoplivo,0.8671104
http://theplugmag.co/kupit-ekstezi-cherez-legalizer-solenoe-dneprovskiy-rayon.php,0.86616725
http://www.imk.net.ua/about,0.8642319
http://cppmns.ru/ort-kanal-onlayn.php,0.8640708
http://maxilingvo.kz?query=www.kgmu.kz+%D1%83%D1%87%D0%B5%D0%B1%D0%BD%D1%8B%D0%B9+%D0%BC%D0%B5%D1%82%D0%BE%D0%B4%D0%B8%D1%87%D0%B5%D1%81%D0%BA%D0%B8%D0%B9,0.86338013
http://www.hamichlol.org.il/%D7%A8%D7%95%D7%A1%D7%99%D7%AA,0.8630514
http://www.dimitrovgrad.bgvesti.net/news/69145/225-bebeta-v-dimitrovgrad-ago-ostava,0.8593235
http://ria.ru/20190821/1557743558.html,0.85549116
http://www.spletnik.ru/blogs/pro_zvezd/49380_ob_iznanke_gollivuda_na_forumax_spletnichaet_robert_dauni_mladshij,0.8553691
http://1svegienovosti.ru/4mmc-norilsk.php,0.852337
http://www.spletnik.ru/blogs/pro_zvezd/178128_shyol-n-yy-den-karantina,0.85194814
http://www.haskovo.net/news/511482/lichni-lekari-ostanaha-bez-vaksini-za-kabinetite-si,0.8517878
http://wreferat.baza-referat.ru/%D0%A4%D1%80%D0%B0%D0%BD%D1%86%D0%B8%D1%81%D0%BA_I,0.85124904
http://riagn.ru/kazino-vulkan-vegas-onlayn-igrat.php,0.84883845
http://ria.ru/20150920/1267711474.html,0.84803236
http://ru.astro-seek.com/natalnaya-karta/don-leshnock-goroskop-rozhdeniya,0.84648097
http://www.spletnik.ru/buzz/chronicle/48017-bezbashennoe-40-letie-keyt-moss-kak-model-otprazdnovala-svoy-den-rozhdeniya.html,0.8457173
http://natoke.ru/photos/529-tesla-cybertruck.html,0.84560883
http://www.spletnik.ru/blogs/pro_zvezd/178090_muzhchiny-britni-spirs,0.84494877
http://56ouo10.ru/news/2020-03-27,0.8437026
http://vipprostitutkikrasnodar.mobi/main/ankets-1,0.8427354
http://dspace.nbuv.gov.ua/xmlui/handle/123456789/17082,0.8422859
http://frenchfilmfest.com/kupit-metamfetamin-amfhaus-mirnograd-donetskaya-oblast.php,0.84020686
http://dic.academic.ru/dic.nsf/ruwiki/11942,0.83989894
http://rkka.wiki/index.php/6_%D0%B3%D0%B2._%D1%81%D1%82%D1%80%D0%B5%D0%BB%D0%BA%D0%BE%D0%B2%D1%8B%D0%B9_%D0%BA%D0%BE%D1%80%D0%BF%D1%83%D1%81,0.8387705
http://slovotvir.org.ua/words/demahohiia,0.8378564
http://www.dy.nayka.com.ua?n=11&y=2010,0.8371918
http://rusia-fashion.ru/palto/2340-su140-78as,0.83653617
http://ria.ru/20190828/1557970501.html,0.83573717
http://www.perunik.com/news/509338/hitri-idei-kak-da-spestite-pari,0.8347434
http://42.tut.by/400990,0.8333888
http://voshod-solnca.ru/sun/%D0%BF%D0%B0%D1%82%D0%B5%D1%80%D1%81%D0%BE%D0%BD%D0%B8%D1%8F,0.8332397
http://auto.join.ua/uk/newauto/marka-peugeot/model-boxer-gruz,0.8321334
http://vestnik.socio.msu.ru/jour/search/index?abstract=&authors=%22b.+g.+akchurin%22&coverage=&dateFromDay=&dateFromMonth=&dateFromYear=2014&dateToDay=&dateToMonth=&dateToYear=2014&discipline=&galleyFullText=&journalTitle=&query=&subject=privatization&suppFiles=&title=&type=,0.8320451
http://vestnik.socio.msu.ru/jour/search/index?abstract=&authors=%22v.+p.+vasiliev%22&coverage=&dateFromDay=&dateFromMonth=&dateFromYear=2019&dateToDay=&dateToMonth=&dateToYear=2019&discipline=&galleyFullText=&journalTitle=&query=&subject=%E2%80%9Cmarket+failures%E2%80%9D&suppFiles=&title=&type=,0.832045
http://www.haskovo.net/recipes/8012,0.8307525
http://vmardoni.ru/archives/5413,0.82915217
http://digital.report/anton-ermakov-slickjump-my-stoim-na-poroge-globalnogo-razdeleniya-reklamnogo-rynka-v-internete,0.8220068
http://old.wordorder.ru/news/kansky_videokampus,0.8211086
http://avto.kontrakty.ua/newauto/marka-fiat/model-doblo-gruz/region-khmelnickij,0.8198053
http://novosti.best/ekonomicheskie-krizisy-poslednix-sta-let,0.81851244
http://bigpot.news/ukraina/276078462,0.8146595
http://avto.novosti.ua/uk/newauto/marka-sym/region-kharkov,0.8145182
http://dom.ria.com/uk/realty-prodaja-kvartira-irpen-gostomel-mirnaya-ulitsa-18896127.html,0.81369305
http://maxilingvo.kz/go?url=https%3A//ru.sputnik.kz/education/20200610/14203959/sayt-proverka-diplomy.html,0.8124814
http://www.spletnik.ru/blogs/pro_zvezd/105726_momenty-oskara-2015,0.81144136
http://www.haskovo.net/recipes/16909,0.81029177
http://auto.ogo.ua/uk/newauto/marka-isuzu/model-npr/region-vinnica,0.8075251
http://litsey.sd.ua?page_id=43,0.8043528
http://auto.cherkasy.net/uk/newauto/marka-opel/model-combo-life/region-zaporozhe,0.8029583
http://www.haskovo.net/recipes/5270,0.8010775
http://auto.marshrutka.com.ua/uk/newauto/marka-stingray/model-cr,0.8008133
http://auto.ria.com/car/setra/city/kharkov,0.798894
http://beats-original.ru/lsd-aktau-1.php,0.7987056
http://zeitnotinfo.ru/12-prichin-posmotret-nos-ili-zagovor-ne-takih-na-bolshom-ekrane,0.79866225
http://auto.tochka.net/uk/newauto/marka-kovi/model-pro,0.79849046
http://auto.molbuk.ua/newauto/marka-land-rover/model-defender/region-kharkov?page=1,0.79824567
http://revita.bg/blog/c/%D0%BD%D0%B0%D0%B9-%D0%B5%D1%84%D0%B8%D0%BA%D0%B0%D1%81%D0%BD%D0%B8%D1%82%D0%B5-%D0%BF%D1%80%D0%B8%D1%80%D0%BE%D0%B4%D0%BD%D0%B8-%D1%81%D1%80%D0%B5%D0%B4%D1%81%D1%82%D0%B2%D0%B0-%D1%81%D1%80%D0%B5,0.79740393
http://www.spletnik.ru/blogs/pro_zvezd/173968_paparatctci-23-oktyabrya,0.797102
http://1812db.simvolika.org?action=card&cursor=103&id=22269&query=ImageURL+LIKE+%27http%3A//www.simvolika.org%25%27+OR+URL+LIKE+%27http%3A//www.simvolika.org%25%27&sort=ORDER+BY+Autor+ASC&step=40&table=Subject&title=%D0%A0%C2%A0%D0%92%C2%A0%D0%A0%E2%80%99%D0%92%C2%A6%D0%A0%C2%A0%D0%A0%D0%8B%D0%A0%C2%A0%D0%B2%D0%82%E2%84%96%D0%A0%C2%A0%D0%A0%D0%8B%D0%A0%C2%A0%D0%B2%D0%82%D1%99%D0%A0%C2%A0%D0%A0%D0%8B%D0%A0%C2%A0%D0%B2%D0%82%E2%84%96%D0%A0%C2%A0%D0%92%C2%A0%D0%A0%D0%8E%D0%B2%D0%82%E2%80%9D%D0%A0%C2%A0%D0%92%C2%A0%D0%A0%E2%80%99%D0%92%C2%B0+%D0%A0%C2%A0%D0%92%C2%A0%D0%A0%D0%8E%D0%A1%D1%9F%D0%A0%C2%A0%D0%92%C2%A0%D0%A0%E2%80%99%D0%92%C2%B0%D0%A0%C2%A0%D0%92%C2%A0%D0%A0%C2%A0%D0%B2%D0%82%C2%A0%D0%A0%C2%A0%D0%92%C2%A0%D0%A0%E2%80%99%D0%92%C2%B5%D0%A0%C2%A0%D0%92%C2%A0%D0%A0%E2%80%99%D0%92%C2%BB+%D0%A0%C2%A0%D0%A0%E2%80%A0%D0%A0%C2%A0%D0%B2%D0%82%D1%99%D0%A0%D0%8E%D0%A1%E2%80%BA+%D0%A0%C2%A0%D0%92%C2%A0%D0%A0%E2%80%99%D0%92%C2%A4%D0%A0%C2%A0%D0%92%C2%A0%D0%A0%E2%80%99%D0%92%C2%B5%D0%A0%C2%A0%D0%92%C2%A0%D0%A0%E2%80%99%D0%92%C2%BB%D0%A0%C2%A0%D0%A0%D0%8B%D0%A0%C2%A0%D0%A0%E2%80%B0%D0%A0%C2%A0%D0%92%C2%A0%D0%A0%D1%9E%D0%B2%D0%82%EF%BF%BD%D0%A0%C2%A0%D0%92%C2%A0%D0%A0%D0%8E%D0%BF%D1%97%D0%85%D0%A0%C2%A0%D0%92%C2%A0%D0%A0%E2%80%99%D0%92%C2%B0%D0%A0%C2%A0%D0%A0%D0%8B%D0%A0%C2%A0%D0%B2%D0%82%D1%99%D0%A0%C2%A0%D0%A0%D0%8B%D0%A0%D0%86%D0%B2%D0%82%D1%99%D0%92%C2%AC%D0%A0%C2%A0%D0%92%C2%A0%D0%A0%E2%80%99%D0%92%C2%B0%D0%A0%C2%A0%D0%92%C2%A0%D0%A0%E2%80%99%D0%92%C2%BB+%D0%A0%C2%A0%D0%A0%D0%8B%D0%A0%C2%A0%D0%B2%D0%82%D1%99%D0%A0%C2%A0%D0%A0%D0%8B%D0%A0%D0%8E%D0%B2%D0%82%D1%9A%D0%A0%C2%A0%D0%A0%D0%8B%D0%A0%C2%A0%D0%A1%E2%80%9C%D0%A0%C2%A0%D0%A0%D0%8B%D0%A0%C2%A0%D0%A1%E2%80%9C%D0%A0%C2%A0%D0%92%C2%A0%D0%A0%D0%8E%D0%B2%D0%82%D1%9C%D0%A0%C2%A0%D0%92%C2%A0%D0%A0%D0%8E%D0%B2%D0%82%D1%9E%D0%A0%C2%A0%D0%92%C2%A0%D0%A0%D0%86%D0%B2%D0%82%D1%9B%D0%B2%D0%82%E2%80%9C+%D0%A0%C2%A0%D0%92%C2%A0%D0%A0%E2%80%99%D0%92%C2%B0%D0%A0%C2%A0%D0%A0%D0%8B%D0%A0%C2%A0%D0%B2%D0%82%D1%99%D0%A0%C2%A0%D0%92%C2%A0%D0%A0%D0%8E%D0%BF%D1%97%D0%85%D0%A0%C2%A0%D0%92%C2%A0%D0%A0%D0%8E%D0%B2%D0%82%EF%BF%BD%D0%A0%C2%A0%D0%92%C2%A0%D0%A0%D0%8E%D0%B2%D0%82%EF%BF%BD+%D0%A0%C2%A0%D0%92%C2%A0%D0%A0%D0%8E%D0%A1%E2%84%A2.%D0%A0%C2%A0%D0%92%C2%A0%D0%A0%D1%97%D0%A1%E2%80%94%D0%A0%E2%80%A6.+%D0%A0%C2%A0%D0%92%C2%A0%D0%A0%D0%8E%D0%B2%E2%80%9E%D1%9E%D0%A0%C2%A0%D0%A0%D0%8B%D0%A0%D0%8E%D0%B2%D0%82%D1%9A%D0%A0%C2%A0%D0%A0%D0%8B%D0%A0%D0%86%D0%A0%E2%80%9A%D0%A1%E2%84%A2%D0%A0%C2%A0%D0%A0%D0%8B%D0%A0%D0%8E%D0%B2%D0%82%D1%9A%D0%A0%C2%A0%D0%92%C2%A0%D0%A0%E2%80%99%D0%92%C2%B7%D0%A0%C2%A0%D0%92%C2%A0%D0%A0%D0%8E%D0%B2%D0%82%D1%9E%D0%A0%C2%A0%D0%92%C2%A0%D0%A0%C2%A0%D0%B2%D0%82%C2%A0+%D0%A0%C2%A0%D0%A0%E2%80%A0%D0%A0%C2%A0%D0%B2%D0%82%D1%99%D0%A0%D0%8E%D0%A1%E2%80%BA+%D0%A0%C2%A0%D0%92%C2%A0%D0%A0%D0%86%D0%A0%E2%80%9A%D0%B2%E2%80%9E%D1%9E%D0%A0%C2%A0%D0%A0%D0%8B%D0%A0%C2%A0%D0%A1%E2%80%9C%D0%A0%C2%A0%D0%92%C2%A0%D0%A0%E2%80%99%D0%92%C2%B5+%D0%A0%C2%A0%D0%92%C2%A0%D0%A0%E2%80%99%D0%92%C2%B1%D0%A0%C2%A0%D0%92%C2%A0%D0%A0%E2%80%99%D0%92%C2%BB%D0%A0%C2%A0%D0%92%C2%A0%D0%A0%D0%8E%D0%B2%D0%82%EF%BF%BD%D0%A0%C2%A0%D0%92%C2%A0%D0%A0%E2%80%99%D0%92%C2%B7%D0%A0%C2%A0%D0%92%C2%A0%D0%A0%E2%80%99%D0%92%C2%BB%D0%A0%C2%A0%D0%92%C2%A0%D0%A0%E2%80%99%D0%92%C2%B5%D0%A0%C2%A0%D0%92%C2%A0%D0%A0%E2%80%99%D0%92%C2%B6%D0%A0%C2%A0%D0%92%C2%A0%D0%A0%E2%80%99%D0%92%C2%B0%D0%A0%C2%A0%D0%A0%D0%8B%D0%A0%D0%86%D0%A0%E2%80%9A%D0%92%C2%B0%D0%A0%C2%A0%D0%92%C2%A0%D0%A0%D0%8E%D0%B2%D0%82%EF%BF%BD%D0%A0%C2%A0%D0%92%C2%A0%D0%A0%E2%80%99%D0%92%C2%B5+%D0%A0%C2%A0%D0%92%C2%A0%D0%A0%D0%8E%D0%BF%D1%97%D0%85%D0%A0%C2%A0%D0%92%C2%A0%D0%A0%E2%80%99%D0%92%C2%B0%D0%A0%C2%A0%D0%A0%D0%8B%D0%A0%D0%86%D0%A0%E2%80%9A%D0%A1%E2%84%A2%D0%A0%C2%A0%D0%92%C2%A0%D0%A0%E2%80%99%D0%92%C2%B5%D0%A0%C2%A0%D0%A0%D0%8B%D0%A0%C2%A0%D0%B2%D0%82%D1%99%D0%A0%C2%A0%D0%92%C2%A0%D0%A0%D0%8E%D0%B2%D0%82%EF%BF%BD%D0%A0%C2%A0%D0%92%C2%A0%D0%A0%E2%80%99%D0%92%C2%B0%D0%A0%C2%A0%D0%92%C2%A0%D0%A0%E2%80%99%D0%92%C2%BB%D0%A0%C2%A0%D0%A0%D0%8B%D0%A0%D0%86%D0%A0%E2%80%9A%D0%B2%E2%80%9E%E2%80%93&type=1,0.79694283
http://dom.ria.com/arenda-kvartir/kiev-rayon-goloseevskyi,0.7965105
http://www.1812db.simvolika.org?action=card&cursor=8&id=8705&query=ImageURL+LIKE+%27http%3A//www.borodino.ru/picture%25%27+OR+URL+LIKE+%27http%3A//www.borodino.ru/picture%25%27&sort=ORDER+BY+Syear+ASC%2C+Smonth+ASC%2C+Sday+ASC%2C+Eyear+ASC%2C+Emonth+ASC%2C+Eday+ASC&step=10&table=Subject&title=+%D0%A0%C2%A0%D0%A0%E2%80%A0%D0%A0%C2%A0%D0%B2%D0%82%D1%99%D0%A0%D0%8E%D0%A1%E2%80%BA+%D0%A0%C2%A0%D0%92%C2%A0%D0%A0%E2%80%99%D0%92%C2%A6%D0%A0%C2%A0%D0%92%C2%A0%D0%A0%E2%80%99%D0%92%C2%B0%D0%A0%C2%A0%D0%A0%D0%8B%D0%A0%C2%A0%D0%B2%D0%82%D1%99%D0%A0%C2%A0%D0%A0%D0%8B%D0%A0%C2%A0%D0%A1%E2%80%9C%D0%A0%C2%A0%D0%92%C2%A0%D0%A0%D0%8E%D0%B2%D0%82%D1%9C%D0%A0%C2%A0%D0%92%C2%A0%D0%A0%E2%80%99%D0%92%C2%B0%D0%A0%C2%A0%D0%A0%D0%8B%D0%A0%C2%A0%D0%A0%D0%8F+%D0%A0%C2%A0%D0%A0%D0%8B%D0%A0%C2%A0%D0%A1%E2%80%9C%D0%A0%C2%A0%D0%92%C2%A0%D0%A0%E2%80%99%D0%92%C2%B5%D0%A0%C2%A0%D0%92%C2%A0%D0%A0%D0%8E%D0%BF%D1%97%D0%85%D0%A0%C2%A0%D0%A0%D0%8B%D0%A0%C2%A0%D0%A0%E2%80%B0%D0%A0%C2%A0%D0%A0%D0%8B%D0%A0%C2%A0%D0%A0%D0%8F+%D0%A0%C2%A0%D0%A0%D0%8B%D0%A0%D0%8E%D0%B2%D0%82%D1%9A+%D0%A0%C2%A0%D0%92%C2%A0%D0%A0%C2%A0%D0%B2%D0%82%C2%A0%D0%A0%C2%A0%D0%A0%D0%8B%D0%A0%D0%86%D0%A0%E2%80%9A%D0%92%C2%A6%D0%A0%C2%A0%D0%92%C2%A0%D0%A0%D0%8E%D0%B2%D0%82%D1%9E%D0%A0%C2%A0%D0%92%C2%A0%D0%A0%D1%9E%D0%B2%D0%82%EF%BF%BD%D0%A0%C2%A0%D0%92%C2%A0%D0%A0%E2%80%99%D0%92%C2%B0+%D0%A0%C2%A0%D0%92%C2%A0%D0%A0%C2%A0%D0%B2%D0%82%C2%A0+%D0%A0%C2%A0%D0%92%C2%A0%D0%A0%D0%86%D0%A0%E2%80%9A%D0%BF%D1%97%D0%85%D0%A0%C2%A0%D0%92%C2%A0%D0%A0%D0%8E%D0%B2%D0%82%D1%9E%D0%A0%C2%A0%D0%A0%D0%8B%D0%A0%C2%A0%D0%B2%D0%82%D1%99%D0%A0%C2%A0%D0%92%C2%A0%D0%A0%D0%8E%D0%B2%D0%82%D1%9E%D0%A0%C2%A0%D0%92%C2%A0%D0%A0%D1%9E%D0%B2%D0%82%EF%BF%BD%D0%A0%C2%A0%D0%92%C2%A0%D0%A0%D0%8E%D0%B2%D0%82%EF%BF%BD%D0%A0%C2%A0%D0%92%C2%A0%D0%A0%C2%A0%D0%B2%D0%82%C2%A6%D0%A0%C2%A0%D0%A0%D0%8B%D0%A0%C2%A0%D0%A1%E2%80%9C%D0%A0%C2%A0%D0%92%C2%A0%D0%A0%D0%8E%D0%B2%D0%82%D1%9C%D0%A0%C2%A0%D0%92%C2%A0%D0%A0%D0%8E%D0%B2%D0%82%EF%BF%BD%D0%A0%C2%A0%D0%92%C2%A0%D0%A0%D0%86%D0%B2%D0%82%D1%9B%D0%B2%D0%82%E2%80%9C+%D0%A0%C2%A0%D0%92%C2%A0%D0%A0%D0%8E%D0%BF%D1%97%D0%85%D0%A0%C2%A0%D0%A0%D0%8B%D0%A0%D0%8E%D0%B2%D0%82%D1%9A%D0%A0%C2%A0%D0%92%C2%A0%D0%A0%E2%80%99%D0%92%C2%B7%D0%A0%C2%A0%D0%92%C2%A0%D0%A0%E2%80%99%D0%92%C2%B5%D0%A0%C2%A0%D0%92%C2%A0%D0%A0%D0%86%D0%B2%D0%82%D1%9B%D0%B2%D0%82%E2%80%9C+%D0%A0%C2%A0%D0%A0%E2%80%A0%D0%A0%C2%A0%D0%B2%D0%82%D1%99%D0%A0%D0%8E%D0%A1%E2%80%BA+%D0%A0%C2%A0%D0%92%C2%A0%D0%A0%D0%86%D0%A0%E2%80%9A%D0%B2%E2%80%9E%D1%9E%D0%A0%C2%A0%D0%A0%D0%8B%D0%A0%C2%A0%D0%A1%E2%80%9C%D0%A0%C2%A0%D0%92%C2%A0%D0%A0%E2%80%99%D0%92%C2%B5+%D0%A0%C2%A0%D0%92%C2%A0%D0%A0%E2%80%99%D0%92%C2%B1%D0%A0%C2%A0%D0%92%C2%A0%D0%A0%E2%80%99%D0%92%C2%BB%D0%A0%C2%A0%D0%92%C2%A0%D0%A0%D0%8E%D0%B2%D0%82%EF%BF%BD%D0%A0%C2%A0%D0%92%C2%A0%D0%A0%E2%80%99%D0%92%C2%B7%D0%A0%C2%A0%D0%92%C2%A0%D0%A0%E2%80%99%D0%92%C2%BB%D0%A0%C2%A0%D0%92%C2%A0%D0%A0%E2%80%99%D0%92%C2%B5%D0%A0%C2%A0%D0%92%C2%A0%D0%A0%E2%80%99%D0%92%C2%B6%D0%A0%C2%A0%D0%92%C2%A0%D0%A0%E2%80%99%D0%92%C2%B0%D0%A0%C2%A0%D0%A0%D0%8B%D0%A0%D0%86%D0%A0%E2%80%9A%D0%92%C2%B0%D0%A0%C2%A0%D0%92%C2%A0%D0%A0%D0%8E%D0%B2%D0%82%EF%BF%BD%D0%A0%C2%A0%D0%92%C2%A0%D0%A0%E2%80%99%D0%92%C2%B5+%D0%A0%C2%A0%D0%92%C2%A0%D0%A0%D0%8E%D0%BF%D1%97%D0%85%D0%A0%C2%A0%D0%92%C2%A0%D0%A0%E2%80%99%D0%92%C2%B0%D0%A0%C2%A0%D0%A0%D0%8B%D0%A0%D0%86%D0%A0%E2%80%9A%D0%A1%E2%84%A2%D0%A0%C2%A0%D0%92%C2%A0%D0%A0%E2%80%99%D0%92%C2%B5%D0%A0%C2%A0%D0%A0%D0%8B%D0%A0%C2%A0%D0%B2%D0%82%D1%99%D0%A0%C2%A0%D0%92%C2%A0%D0%A0%D0%8E%D0%B2%D0%82%EF%BF%BD%D0%A0%C2%A0%D0%92%C2%A0%D0%A0%E2%80%99%D0%92%C2%B0%D0%A0%C2%A0%D0%92%C2%A0%D0%A0%E2%80%99%D0%92%C2%BB%D0%A0%C2%A0%D0%A0%D0%8B%D0%A0%D0%86%D0%A0%E2%80%9A%D0%B2%E2%80%9E%E2%80%93&type=3,0.7960554
http://dom.ria.com/arenda-kom-nedvizhimosti/nikolaev-pomeshcheniye,0.79577094
http://1812db.simvolika.org?action=card&cursor=103&id=24058&query=ImageURL+LIKE+%27http%3A//www.museum.ru/museum/1812/Memorial/Postcard/pic4%25%27+OR+URL+LIKE+%27http%3A//www.museum.ru/museum/1812/Memorial/Postcard/pic4%25%27&sort=ORDER+BY+UpdateDate+DESC&step=40&table=Subject&title=+%D0%A0%C2%A0%D0%A0%E2%80%A0%D0%A0%C2%A0%D0%B2%D0%82%D1%99%D0%A0%D0%8E%D0%A1%E2%80%BA+%D0%A0%C2%A0%D0%92%C2%A0%D0%A0%D0%8E%D0%B2%D0%82%D1%94%D0%A0%C2%A0%D0%A0%D0%8B%D0%A0%D0%86%D0%A0%E2%80%9A%D0%A1%E2%84%A2%D0%A0%C2%A0%D0%92%C2%A0%D0%A0%D0%8E%D0%B2%D0%82%D1%9C%D0%A0%C2%A0%D0%A0%D0%8B%D0%A0%C2%A0%D0%B2%D0%82%D1%99%D0%A0%C2%A0%D0%A0%D0%8B%D0%A0%D0%86%D0%A0%E2%80%9A%D0%B2%E2%80%9E%E2%80%93%D0%A0%C2%A0%D0%A0%D0%8B%D0%A0%D0%86%D0%A0%E2%80%9A%D0%A1%E2%84%A2%D0%A0%C2%A0%D0%92%C2%A0%D0%A0%D0%8E%D0%B2%D0%82%D1%9C%D0%A0%C2%A0%D0%92%C2%A0%D0%A0%E2%80%99%D0%92%C2%B0+%D0%A0%C2%A0%D0%B2%D0%82%E2%84%A2%D0%A0%E2%80%99%D0%92%C2%AB1814+%D0%A0%C2%A0%D0%92%C2%A0%D0%A0%D0%8E%D0%B2%D0%82%E2%80%9C%D0%A0%C2%A0%D0%92%C2%A0%D0%A0%D0%8E%D0%B2%D0%82%D1%9E%D0%A0%C2%A0%D0%92%C2%A0%D0%A0%D1%9E%D0%B2%D0%82%EF%BF%BD%D0%A0%C2%A0%D0%B2%D0%82%E2%84%A2%D0%A0%E2%80%99%D0%92%C2%BB+%D0%A0%C2%A0%D0%A0%E2%80%A0%D0%A0%C2%A0%D0%B2%D0%82%D1%99%D0%A0%D0%8E%D0%A1%E2%80%BA+%D0%A0%C2%A0%D0%92%C2%A0%D0%A0%D0%86%D0%A0%E2%80%9A%D0%B2%E2%80%9E%D1%9E%D0%A0%C2%A0%D0%A0%D0%8B%D0%A0%C2%A0%D0%A1%E2%80%9C%D0%A0%C2%A0%D0%92%C2%A0%D0%A0%E2%80%99%D0%92%C2%B5+%D0%A0%C2%A0%D0%92%C2%A0%D0%A0%E2%80%99%D0%92%C2%B1%D0%A0%C2%A0%D0%92%C2%A0%D0%A0%E2%80%99%D0%92%C2%BB%D0%A0%C2%A0%D0%92%C2%A0%D0%A0%D0%8E%D0%B2%D0%82%EF%BF%BD%D0%A0%C2%A0%D0%92%C2%A0%D0%A0%E2%80%99%D0%92%C2%B7%D0%A0%C2%A0%D0%92%C2%A0%D0%A0%E2%80%99%D0%92%C2%BB%D0%A0%C2%A0%D0%92%C2%A0%D0%A0%E2%80%99%D0%92%C2%B5%D0%A0%C2%A0%D0%92%C2%A0%D0%A0%E2%80%99%D0%92%C2%B6%D0%A0%C2%A0%D0%92%C2%A0%D0%A0%E2%80%99%D0%92%C2%B0%D0%A0%C2%A0%D0%A0%D0%8B%D0%A0%D0%86%D0%A0%E2%80%9A%D0%92%C2%B0%D0%A0%C2%A0%D0%92%C2%A0%D0%A0%D0%8E%D0%B2%D0%82%EF%BF%BD%D0%A0%C2%A0%D0%92%C2%A0%D0%A0%E2%80%99%D0%92%C2%B5+%D0%A0%C2%A0%D0%92%C2%A0%D0%A0%D0%8E%D0%BF%D1%97%D0%85%D0%A0%C2%A0%D0%92%C2%A0%D0%A0%E2%80%99%D0%92%C2%B0%D0%A0%C2%A0%D0%A0%D0%8B%D0%A0%D0%86%D0%A0%E2%80%9A%D0%A1%E2%84%A2%D0%A0%C2%A0%D0%92%C2%A0%D0%A0%E2%80%99%D0%92%C2%B5%D0%A0%C2%A0%D0%A0%D0%8B%D0%A0%C2%A0%D0%B2%D0%82%D1%99%D0%A0%C2%A0%D0%92%C2%A0%D0%A0%D0%8E%D0%B2%D0%82%EF%BF%BD%D0%A0%C2%A0%D0%92%C2%A0%D0%A0%E2%80%99%D0%92%C2%B0%D0%A0%C2%A0%D0%92%C2%A0%D0%A0%E2%80%99%D0%92%C2%BB%D0%A0%C2%A0%D0%A0%D0%8B%D0%A0%D0%86%D0%A0%E2%80%9A%D0%B2%E2%80%9E%E2%80%93&type=3,0.79468936
http://auto.odessa-life.od.ua/uk/newauto/marka-mazda/model-cx-5/auto-credit,0.790053
http://www.1812db.simvolika.org?action=card&cursor=16&id=12492&query=%28Eday%3D19+AND+Emonth%3D5%29+OR+%28Sday%3D19+AND+Smonth%3D5%29&sort=ORDER+BY+Syear+ASC%2C+Eyear+ASC%2C+Smonth+ASC%2C+Emonth+ASC%2C+Type+ASC%2C+Name+ASC&step=40&table=Subject&title=%D0%9F%D0%BE%D1%81%D0%BB%D1%8B%D1%85%D0%B0%D0%BB%D0%B8%D0%BD+%D0%90.%D0%AE.+%E2%80%A2+%D0%9C%D0%B0%D1%80%D1%88%D0%B0%D0%BB+%D0%9D%D0%B5%D0%B9+%D0%B2+%D0%91%D0%BE%D0%B3%D0%BE%D1%80%D0%BE%D0%B4%D1%81%D0%BA%D0%B5+%E2%80%A2+%D0%91%D0%BB%D0%B8%D0%B7%D0%BA%D0%B8%D0%B5+%D0%BF%D0%BE+%D0%B4%D0%B0%D1%82%D0%B5&type=5,0.78657734
http://auto.dnepr.news/newauto/marka-audi/region-kiev,0.7827867
http://wikiredia.ru/wiki/11_%D0%BC%D0%B0%D1%8F,0.78254205
http://auto.mygarage.com.ua/newauto/marka-honda/fuel-benzin,0.7808212
http://dom.ria.com/prodazha-kvartir/kagarlyk-studio-selo-kuzmyntsy,0.7799485
http://dom.ria.com/uk/arenda-kvartir/novuy-dom,0.77817124
http://avto.kontrakty.ua/uk/newauto/marka-fada/model-nio/auto-credit,0.774102
http://podblanc.guru/kupit-zakladku-s-lsd-blagoveshenskoe-kirovogradskaya-oblast.php,0.77254975
http://auto.ria.com/newauto/marka-finval/model-475,0.7596984
http://avtobazar.od.ua/uk/newauto/marka-renault/model-trafic-pass/fuel-diztoplivo,0.756932
http://auto.molbuk.ua/newauto/marka-musstang/model-mt110-1/year-2020,0.75218904
http://www.auto.bizua.com.ua/newauto/marka-bodex/model-pricep/year-2021,0.7489099
http://www.orthodox.is/2016/03/blog-post_14.html,0.7433096
http://auto.dnepr.news/uk/newauto/marka-jac/region-dnepr-dnepropetrovsk,0.7423585
http://avto.novosti.ua/uk/newauto/marka-suzuki/year-2020,0.7117063
http://savebook.net.ua/bib/64,0.63992286
