url,centroid_sim
http://travellingdijuca.com/tag/tren-a-brujas,0.7867716
http://travellingdijuca.com/tag/stockholms-stadshus,0.777351
http://thismustbethetrip.com/weekend-a-lisbona-cosa-vedere-in-due-giorni,0.76651347
http://bartzap.com/2016/12/28/trekking-di-musim-hujan?_wpnonce=e56ed25738&like_comment=4551,0.7618549
http://travellerblog.eu/bremerhaven-tour-de-fisch-auswandererhaus,0.7525467
http://megapixeltravel.com/category/canada/ontario/perth,0.74262536
http://blog.taketours.com/tag/marthas-vineyard,0.73824644
http://www.wopular.com/newsracks/international+spies,0.7367579
http://trip-suggest.com/north-korea/p-yongan-namdo/aesanp-o,0.7326053
http://www.fodors.com/community/mexico-and-central-america/hopefulists-2010-travelogue-yucat-n-chiapas-and-lake-atitl-n-guatemala-852094,0.7307991
http://www.ananomundo.com.br/nw/alsacia-franca-e-breisgau-alemanha-um-roteiro-legal,0.73064375
http://traveltriangle.com/blog/beaches-near-quezon-city,0.72949743
http://www.portergunung.com/2018/03/simaksi-online-pendakian-gunung_27.html,0.72901064
http://www.ixigo.com/travel-guide/challes,0.7265141
http://lifeonebigadventure.com/2020/04/15/how-to-travel-when-you-cant?_wpnonce=0179a24c68&like_comment=13457,0.72507733
http://trip-suggest.com/croatia/zadarska/obrovac,0.72487557
http://reizenmetdemeisjes.com/category/reizen/europa,0.7247314
http://thewanderlostway.com/zanzibar-the-wanderlost-way,0.7239927
http://trip-suggest.com/guinea/boke-region/kaleta,0.71912897
http://www.ixigo.com/travel-guide/goras,0.7189462
http://www.destimap.com/index.php?act=place&atype=Off_Road-Tour&p=India,0.7178163
http://traveltriangle.com/blog/pilanesberg-game-reserve,0.7122144
http://www.ixigo.com/how-to-reach-go-from/jodhpur-to-valsad,0.7110509
http://www.ixigo.com/travel-guide/kowale,0.70864964
http://gntc.com.au/2011/10/01/september-30-2011-shopping-tour-saigon,0.7065681
http://www.destimap.com/index.php?act=place&atype=Beaches&p=New-Mexico%2C-United-States,0.6997742
http://sudhagee.com/2012/01/23,0.6981089
http://www.ixigo.com/how-to-reach-go-from/kolkata-to-vijayanagar,0.6973151
http://sportfishing-costarica.com/sea-bass,0.69720244
http://loyaltytraveler.boardingarea.com/2018/07/30/towering-over-old-krakow-poland,0.6948054
http://travellersoul76.com/category/holidays,0.6923442
http://www.enjoylivingabroad.com/my-blog/archives/02-2014,0.69212276
http://theculturetrip.com/europe/poland/articles/a-regional-guide-to-polish-cuisine,0.6918596
http://www.travelrevolution.com/il-selvaggio-savute,0.6909065
http://www.allaboutatrip.com?attachment_id=932,0.6868408
http://www.bestcitiestotravelto.com/italy,0.68678045
http://www.ixigo.com/travel-guide/maneri-madhya-pradesh-india,0.68604076
http://justglobetrotting.com/cappadocia,0.6850555
http://www.frankrijkvoorbeginners.nl/over-deze-site,0.6848794
http://www.voyajo.com/viewDestEx.aspx?dest=207718,0.68127376
http://www.audleytravel.com/us/panama/accommodation/coral-lodge,0.68106854
http://traveltriangle.com/blog/haunted-places-in-austin,0.6807405
http://rashidfaridi.com/2009/11/13,0.68056417
http://anaimlesshitchhiker.com/2014/06/21/the-land-is-ours-wild-camping-in-the-wye-valley?replytocom=675,0.67952085
http://www.audleytravel.com/ca/malawi/tours/highlights-of-malawi,0.6793236
http://nonsoloturisti.it/2017/08/consigli-per-un-viaggio-fai-da-te-in-bulgaria,0.67891777
http://www.hotel-board.com/cities/venice-c335-28.htm,0.6762693
http://www.cheapoair.com/miles-away/five-restaurants-to-get-your-foodie-fix-in-montego-bay,0.67577595
http://planner.makemytrip.com/india/mangalore/shree-vishnumurthy-temple-a3220101017,0.6749918
http://www.tripoto.com/mcleod-ganj/trips/mcleodganj-trip-5aa37fb7a9ac4,0.6741376
http://gadling.com/tag/capetown,0.6737292
http://ongistravel.com/wisata-pantai-di-malang-2,0.673576
http://travelwithme247blog.com/amazing-things-to-do-in-lviv-ukraine,0.67322075
http://www.exploring-greece.gr/en/show/43337/:ttd/TORONI,0.6728866
http://www.aglbic.org/uncategorized/the-best-places-to-travel?replytocom=3123,0.6726692
http://www.jimaryoko.xyz/2020/10/21/%E3%80%8E%E5%8C%97%E6%B5%B7%E9%81%93%E4%B8%AD%E5%B7%9D%E9%83%A1%E6%B1%A0%E7%94%B0%E7%94%BA%E3%80%8F%E3%81%AE%E5%8B%95%E7%94%BB%E3%82%92%E6%A5%BD%E3%81%97%E3%82%82%E3%81%86%EF%BC%81,0.6723778
http://greenglobaltravel.com/super-chikan-delta-blues-legend-interview,0.6710163
http://londontopia.net/news-features/5-most-common-currencies-to-be-found-at-online-casinos?msg=fail&shared=email,0.66966677
http://www.fallingrain.com/world/CH/15/Guojiazhuang13.html,0.6681651
http://impressionstravl.com/2011/11/09/34-paris-lessons-probably-not-in-the-guidebooks?_wpnonce=99420d487a&like_comment=3369,0.6675199
http://rashidfaridi.com/2013/10/03,0.66720694
http://www.trodly.com/india/destination-4788/great-rann-of-kutch,0.6670691
http://www.fallingrain.com/world/CH/01/Tonggangcun2.html,0.666906
http://www.travelherstory.com/europe/visiting-st-peters-basilica-vatican,0.66621065
http://albert-danielle.eklablog.com/promenade-pres-du-pont-d-enfer-a46932845?reply_comm=14862609,0.6660613
http://www.busytourist.com/things-to-do-in-nashville-tn,0.66596675
http://www.myguidemelbourne.com/events/reggae-cruise-melbourne-5,0.66456014
http://www.routeyou.com/it-se/location/view/50657923/casa-sager?toptext=5815574,0.66379154
http://www.balqisgroup.com/search/label/homestay%20bromo%20murah,0.6627245
http://havegermanwilltravel.com/events/christmas-markets-history.html,0.6620196
http://tabimaki.com/fumiya-philippine,0.6615277
http://www.myirelandtour.com/travelguide/travel-photography/index.php,0.6613723
http://espanol.orlando-florida.net/tag/spaceship-earth,0.6607128
http://57hours.com/best-of/backcountry-skiing-japan,0.65957487
http://theperimeter.uk/route-map?_wpnonce=73ea78339e&like_comment=813,0.65935194
http://www.fallingrain.com/world/US/TN/Freewill.html,0.65892744
http://www.iamulyssaelaine.com/2015/04/visita-iglesia-2015.html,0.65888613
http://www.justtravelingthru.com/malaga_trip.php,0.6568136
http://www.ganz-muenchen.de/tourist/reisen/reiseziele/amerika/nordamerika/kanada/info.html,0.6554164
http://l2tc.com/cherche.php?dept=Yvelines&exact=oui&nodept=78&pays=fr&reget=Ile-de-France&ville=Jouars-Pontchartrain,0.6531393
http://mapcarta.com/es/N4020825964,0.6529963
http://www.destimap.com/index.php?act=place&atype=Horseback-Riding-Tour&p=Malta,0.6515626
http://www.urlaub-sr-lanka.info/7-best-sri-lanka-trekking-sites,0.6509868
http://www.dalattrip.com/van-hanh-pagoda-dalat,0.65092826
http://www.tourism.de/konstanz,0.6486412
http://www.alpineramble.com/15-days-tsum-valley-trek-itinerary,0.64815414
http://www.fallingrain.com/world/US/TN/Westwood.html,0.6475694
http://www.fallingrain.com/world/IS/01/Urim.html,0.6463521
http://rashidfaridi.com/2008/04/09/waste-to-energy-in-india?_wpnonce=58df59eec0&like_comment=3705,0.64574224
http://www.travelsabout.com/india/best-goa-rave-party-clubs-parties-and-raves-in-goa-2018-edition,0.64398545
http://mail.princesstourism.com/index.php?36b/006ju1a2yotv200wg67rvt7ewc0b6.html=,0.6438534
http://xn--c1aeixkcni4cza1b.com/%D0%9E%D1%82%D0%B5%D0%BB%D0%B8/%D0%9C%D0%B8%D0%BD%D1%81%D0%BA/%D0%A2%D1%83%D1%80%D1%86%D0%B8%D1%8F/b2d33796093059def6ffda3acb243047,0.64254874
http://www.fallingrain.com/world/US/VA/Windsor_Park.html,0.64090353
http://xn--c1aeixkcni4cza1b.com/%D0%9E%D1%82%D0%B5%D0%BB%D0%B8/%D0%9C%D0%B8%D0%BD%D1%81%D0%BA/%D0%A2%D1%83%D1%80%D1%86%D0%B8%D1%8F/f8b1cf1d5470028e868aca9e7d8229be,0.64006805
http://www.wander.am/travel/quebec-city-74892/places/ckrl-fm-103614.en.html,0.6400543
http://search.yahoo.com/mobile/s?_tsrc=apple&age=1m&btf=m&ei=UTF-8&fr2=time&norw=1&p=vladislaus+ii+of+hungary+wikipedia+world+map&xargs=0,0.63990766
http://hi.wn.com/Encinas_The_Lone_Horseman,0.6397935
http://bkpk.me/why-i-left-dubai-and-wont-come-back-part-12?replytocom=3400&utm_campaign=why-i-left-dubai-and-wont-come-back-part-12&utm_medium=rss&utm_source=rss,0.6373932
http://bkpk.me/why-i-left-dubai-and-wont-come-back-part-12?replytocom=92043&utm_campaign=why-i-left-dubai-and-wont-come-back-part-12&utm_medium=rss&utm_source=rss,0.6373932
http://spjg.com/2017/12/24/the-plane-to-melbourne-and-melbourne,0.6362676
http://www.sayonkumarsaha.com/tag/international,0.63623714
http://copy.femonomic.com/all-you-need-to-know-about-space-tourism,0.6353336
http://www.vidisimo.travel/videos/italy/pisa/video-about-pisa,0.6344907
http://walkaboutmonkey.com/best-food-sea,0.63446
http://luggagetagtravels.com/category/hotels,0.63439274
http://www.go2-holidays.com/guides/england/devon/manaton,0.6342815
http://www.fallingrain.com/world/CH/19/Shijianfang.html,0.634
http://taloeffler.com/2017/04/07/fire-ice-2017-day-6-kebnekaise-mountain-station,0.63264716
http://wunwun.com/travel-tips/the-5-best-places-to-go-in-london-with-your-friends,0.632401
http://www.fallingrain.com/world/US/SD/Nahant.html,0.6316149
http://www.tourist-informator.info/en/Recreational-activities/list.html?near-from-unit=21851,0.6312921
http://www.vidisimo.travel/videos/south-africa/johannesburg/video-about-johannesburg,0.6309885
http://www.city-travel-guide.co.uk/travel-guide/franklin-tennessee-travel-guide.html,0.6304119
http://autenticonuevayork.com/blog-ny/comida-tipica-de-nueva-york,0.6300858
http://www.radicestujeme.eu/anglie/vlaky-a-vlakove-nadrazi-v-londyne,0.62881076
"http://fr.wn.com/Roll,_Turn,_Spin_Taj_Mahal",0.6284537
http://www.voyajo.com/searchResults.aspx?cc=SI&poi=Bre%C5%BEice+Castle,0.6277191
http://www.eugenecascadescoast.org/tourism-industry-news/post/short-term-rentals,0.6277101
http://worldtravelambitions.com/travel-destinations/asia,0.6272809
http://www.rankers.co.nz/experiences/5969-Graces_Stream_Campsite_Rimutaka_Forest_Park/phone,0.62711525
http://travel.sygic.com/en/poi/griesgundkopf-poi:13942819,0.6266501
http://www.moshtour.me.uk/2008/07/being-a-tourist-again-at-last,0.6260727
http://sognandocaledonia.com/2019/12/30/abbiamo-dormito-in-un-igloo,0.62594396
http://showcaves.com/english/tr/caves/AshabIKehf.html,0.62592196
http://floatingshoes.com/blog/how-to-plan-your-trip-to-leh-ladakh-a-complete-travel-guide,0.6255908
http://theculturetrip.com/pacific/australia/articles/top-10-things-to-do-and-see-in-moonee-ponds,0.62548053
http://xn--c1aeixkcni4cza1b.com/%D0%9E%D1%82%D0%B5%D0%BB%D0%B8/%D0%90%D0%BB%D0%BC%D0%B0%D1%82%D1%8B/%D0%A2%D1%83%D1%80%D1%86%D0%B8%D1%8F/79c85b9b8f78417372a0ac59b261ce78,0.6254661
http://rubyronin.com/tag/japan-travel,0.6242856
http://ro.wn.com/Bump_Vancouver,0.62390435
http://ashleycolburnscroatia.com/vukovar-srijem-county,0.6235973
http://circlesquaredblog.com/2018/our-journey/singapore/helper-and-suspects,0.6233935
http://donostia.impacthub.net/evento/janes-walk-charla,0.62262774
http://reisver.nl/bestemming/thailand,0.62261176
http://www.easygoservices.eu/visa/do/republique-dominicaine/nl,0.6225744
http://www.wanderings.net/links?searchtags=NASA,0.6224154
http://travelingluck.com/Asia/Malaysia/Pahang/_1732997_Benta.html,0.6217383
http://ro.wn.com/Gotta_Let_You_Go_(Sax_In_Da_Club_Edit)_Miami,0.62146664
http://www.saturdayeveningpost.com/2019/11/8-other-countries-that-celebrate-thanksgiving,0.6214494
http://nitzus.com/2014/01/13/tower-of-light-pt-2,0.6202711
http://www.rankers.co.nz/experiences/8352-_Countdown_Pukekohe_South/phone,0.6202526
http://irandoostan.com/golestan-palace-in-tehran,0.6196934
http://xn--c1aeixkcni4cza1b.com/%D0%9E%D1%82%D0%B5%D0%BB%D0%B8/%D0%A5%D0%B0%D1%80%D1%8C%D0%BA%D0%BE%D0%B2/%D0%95%D0%B3%D0%B8%D0%BF%D0%B5%D1%82/30d5b32c5e6ff446697eb445b39de47e,0.61950064
http://fr.unionpedia.org/A%C3%A9roport_international_de_Raja_Sansi,0.6190935
http://www.17apart.com/2015/09/vacation-photos-italy-house.html,0.61878
http://jfmoyen.free.fr/spip.php/IMG/pdf/ecrire/IMG/pdf/IMG/article_PDF/spip.php?rubrique20=,0.6173648
http://www.bellaitaliatour.com/lifestyle/10-good-reasons-to-visit-tuscany,0.6170578
http://zh.weatherspark.com/m/105470/7/%E9%98%BF%E6%8B%89%E4%BC%AF%E8%81%94%E5%90%88%E9%85%8B%E9%95%BF%E5%9B%BD%E3%80%81%E8%BF%AA%E6%8B%9C%E7%9A%84%E4%B8%83%E6%9C%88%E5%B9%B3%E5%9D%87%E5%A4%A9%E6%B0%94,0.61687356
http://www.felixmayr.com/category/reise/malaysia,0.6167747
http://incajungle.com/trek/huchuy-qosqo-trek-to-machu-picchu-3-days.html,0.61620474
http://jodyneilruth.com/tag/marketa,0.61599183
http://outdoorsome.com/destinations/rome,0.6154003
http://xn--c1aeixkcni4cza1b.com/%D0%9E%D1%82%D0%B5%D0%BB%D0%B8/%D0%9C%D0%B8%D0%BD%D1%81%D0%BA/%D0%A2%D1%83%D1%80%D1%86%D0%B8%D1%8F/d187dc80e25e84fdfc95c8bedc09f918,0.61385196
http://indianglories.com/himachal-pradesh/shimla-attractions,0.6135547
http://itsallaboutthecoffee.blog/2017/06/13/secret-latin-quarter-food-tour,0.612723
http://www.laviajeraempedernida.com/curiosidades-de-un-viaje-boston-sede-de-harvard-y-cuna-de-jfk,0.6121835
http://gotravelegypt.com/Tickets-of-Egypt/38/Pyramid-of-Al-Lahun,0.6107136
http://maltawildplants.com/PLGN/Fallopia_aubertii.php,0.60914755
http://thisistaimyr.org/values/tundra-deer-and-idol-spirits,0.6080765
http://cyprusweathermap.com/cyprus-gastronomy,0.60779154
http://pt.distance.to/Las-Vegas/S%C3%A3o-Petersburgo,0.6075986
http://www.carmarthenshire-self-catering-accommodation.co.uk/tag/gardens-carmarthenshire,0.60749304
http://en.linkfang.org/wiki/Heard_Island_and_McDonald_Islands,0.6068741
http://travel.sygic.com/de/list/was-gibt-es-in-esztergomi-jaras-zu-sehen-region:13227,0.6056713
http://travelingluck.com/North+America/United+States/Louisiana/_4335577_Northside+Baptist+Church.html,0.60566425
http://www.sayonkumarsaha.com/tag/rhine-falls-and-black-forest,0.60354125
http://www.eupedia.com/forum/threads/30467-New-page-dedicated-to-haplogroup-HV-(mtDNA)?s=80b2404d560300cb0d49c93a7ba51a1d,0.6007538
http://niarunblogfr.unblog.fr/natation-sports-beach/vancouver-2010-2,0.5992291
http://www.hikespeak.com/trails/mount-baldy?replytocom=33401,0.5989516
http://www.haroldstreet.org.uk/waypoints/download?hillnumber=12493,0.5972253
http://travelingluck.com/North%20America/United%20States/Alabama/_4093708_Tidmore%20Bend.html,0.5971399
http://fronterasblog.com/2010/12/31/las-fronteras-cruzadas-de-jungholz?replytocom=3453,0.59708333
http://showcaves.com/english/fr/showcaves/PechMerle.html,0.5969006
http://effortlessoutdoors.com/best-beach-canopy,0.59661835
http://it.distance.to/Manaus/Trieste,0.595579
http://es.weatherspark.com/m/27932/5/Tiempo-promedio-en-mayo-en-San-Isidro-de-Lules-Argentina,0.59552556
http://pt.distance.to/SZV/Set%C3%BAbal,0.5954427
http://weather.ee/index.php?518092=,0.59515506
http://www.gecoolplaces.com/related.php?place=dole_plantation_maze,0.59491193
http://reise-japan.com/2015/05/15/hiroshima,0.59322834
http://www.cricketfrantic.com/india-tour-of-australia-or-tour-of-injuries,0.5929603
http://peakvisor.com/peak/le-grand-mont.html,0.59289014
http://hi.wn.com/Solo_Gigolo_Arno,0.5927638
http://travelingluck.com/Europe/Russia/Arkhangel'skaya+Oblast'/_515458_Ol'khovka.html,0.592637
http://www.rankers.co.nz/experiences/10440-NZ_Natural_Clothing_in_the_Wopwops/phone,0.5921843
http://www.tripswheeltravelblog.com/2019/10/5-places-in-india-you-can-visit-with.html,0.5912763
http://southerncircle.com/tour/drakensberg-mountains-adventure-3-days,0.59095174
http://www.simdigezelim.com/2006/02/avustralya-ve-yeni-zelandadaki-dusuk.html,0.59070516
http://xn--c1aeixkcni4cza1b.com/%D0%9E%D1%82%D0%B5%D0%BB%D0%B8/%D0%9C%D0%B8%D0%BD%D1%81%D0%BA/%D0%A2%D1%83%D0%BD%D0%B8%D1%81/0afe5a43384b696a88a80998a4d0d85c,0.5899285
http://www.theglobetrottergp.com/10-day-sri-lanka-itinerary,0.58944654
http://www.selenatravel.com/blog/genghis-khan,0.58922815
http://www.whereis.com/nsw/mungindi-2406/index-c,0.5887848
http://www.ixigo.com/mainpat-nearest-airport-ne-1701815,0.5884435
http://www.whereis.com/nsw/mungindi-2406/index-f,0.5881809
http://pt.distance.to/Col%C3%B4nia/Madrid,0.58806443
http://wikimili.com/en/European_route_E55,0.58798516
http://doi.pangaea.de/10.1594/PANGAEA.357655,0.5878319
http://eddiewren.com/tag/nile-valley,0.587787
http://www.formula1.it/pilota/16/hakkinen-m,0.5876694
http://www.googlesightseeing.com/2009/10/canadas-grand-railway-hotels-part-1,0.58735114
http://hi.wn.com/Hearts_Are_Made_To_Stray_Texas,0.58681214
http://www.ctmq.org/beatrice-fox-auerbach-house,0.5865487
http://www.wopular.com/newsracks/stanford%20university,0.5864109
http://taiwan-photography-blog.com/tag/%E5%9C%8B%E6%B0%91%E9%9D%A9%E5%91%BD%E5%BF%A0%E7%83%88%E7%A5%A0,0.58543193
http://miss604.com/2009/05/vancouver-history-tidbits-stanley-park-trails.html,0.5852485
http://www.newzealand.com.au/start-your-holiday/adventure-holidays/ski-and-snow-tours/queenstown-ski-holidays/the-remarkables-ski-area,0.5849257
http://mapcarta.com/es/35351330,0.5845528
http://www.uzdevumi.lv/p/dabaszinibas/6-klase/okeans-7736/re-0b89ed6e-a6f3-4d41-b822-b2a1bb09b232,0.5842236
http://time.is/da/Toronto,0.5841768
http://www.yogahub.co.uk/location/united-kingdom/devon/whimple,0.58338225
http://xn--c1aeixkcni4cza1b.com/%D0%9E%D1%82%D0%B5%D0%BB%D0%B8/%D0%9C%D0%B8%D0%BD%D1%81%D0%BA/%D0%A2%D1%83%D1%80%D1%86%D0%B8%D1%8F/3a96d1e53435297ad00ef4dac985ee04,0.5830895
http://de.wn.com/People_Dying_Berlin,0.582952
http://es.weatherspark.com/m/577/2/Tiempo-promedio-en-febrero-en-Walnut-Creek-California-Estados-Unidos,0.58235204
http://vinodeesperar.com/2017/11/05/estrenamos-temporada-con-champagne-ruinart?_wpnonce=afc4960f74&like_comment=17,0.5814594
http://vinodeesperar.com/2017/11/05/estrenamos-temporada-con-champagne-ruinart?_wpnonce=b792a0752a&like_comment=21,0.58145934
"http://wn.com/Cromer,_New_South_Wales",0.58090544
http://jfmoyen.free.fr/spip.php/IMG/article_PDF/ecrire/ecrire/local/cache-vignettes/L750xH563/spip.php?article112=,0.5807295
http://livingtheamericandreamineurope.com/2012/12/26/misunderstandings-in-communication?replytocom=1026,0.5806402
http://www.goedkoperondreis.com/stedentrip-keulen,0.58022195
http://canliborsaekrani.com/f6fsrt/archive.php?page=21709a-expats-living-in-tamarindo-costa-rica,0.5800154
http://www.gokunming.com/en/blog/item/3664/getting-away-dalis-jizu-mountain,0.57994276
http://www.davidhwells.com/tag/soldiers,0.5796507
http://411us.info/22121/frontpage,0.5792124
http://www.rankers.co.nz/experiences/8126-Gas_Whangaroa/ranking_score,0.5788465
http://artsandculture.google.com/entity/m03gj2,0.5787036
http://www.hecktictravels.com/travelers-guilt-scotland,0.5779345
http://www.italiagodturisma.com,0.577649
http://en.wikipedia-on-ipfs.org/wiki/Ireland.html,0.5774249
http://axeoneverest.com/category/sea-kayaking,0.5771469
http://wn.com/Brazil_post?from=brazilpost.com,0.57628775
http://wn.com/Cyprus,0.57505023
http://assets.atlasobscura.com/places/huemul-island,0.5746968
http://www.bulutsu.org/ggg?gun=060919,0.57461405
http://safariors.com/best-fly-fishing-combo-reviews,0.57309747
http://www.geody.com/geospot.php?alc=grp&map=col&ufi=-2088233&world=terra,0.572731
http://www.reikipages.co.uk/location/united-kingdom/stirling-and-falkirk/carron?postcode=FK5,0.572369
http://www.tarotmuseumbelgium.com/italian-tarot?lightbox=image_1fga,0.57162637
http://www.daysuntil.com/New-Zealand/index.html?date=Gregorian-2026,0.5714247
http://www.reikipages.co.uk/location/united-kingdom/stirling-and-falkirk/carron?postcode=FK8,0.57109207
http://fr.distance.to/Palmerston-North/Munich,0.5708991
http://assets.atlasobscura.com/places/feskekorka-a-gothic-inspired-fish-market,0.57055604
http://xn--c1aeixkcni4cza1b.com/%D0%9E%D1%82%D0%B5%D0%BB%D0%B8/%D0%9A%D0%B8%D0%B5%D0%B2/%D0%9E%D0%90%D0%AD/6fc1fdf5346a969533d8cfa20277509b,0.57052195
http://noparticularplacetogo.net/2017/04/29/portugals-love-affair-with-tiles-and-the-museu-nacional-do-azulejo?_wpnonce=f25991817e&like_comment=27880,0.569654
http://livingharmonyondemand.com/2017/02/21/india-travel-hotel-madin-varanasi-travel-writer-who-never-sleeps-in-me,0.5692395
http://www.weather-atlas.com/en/france/coulaures,0.5692233
http://timoninreissut.blogspot.com/2017/05,0.568848
http://de.wn.com/Reasons_Berlin,0.5676583
http://411us.info/94589/frontpage,0.56702137
http://www.practiceenglishtests.com/this-or-that-online-english-test,0.56700975
http://www.go-myanmar.com/responsible-travel-in-myanmar,0.5669919
http://www.portlanddailyphoto.com/2011/10/east-deering.html,0.5664215
http://upge.wn.com?from=kadunainvest.com&language_id=1&pagenum=2&query=kaduna_invest&template=cheetah-photo-search/index.txt,0.5658489
http://www.ixigo.com/how-to-react-to-sahibganj-ne-1054892,0.56575155
http://fr.distance.to/Rome/Reims,0.565103
http://www.chibarproject.com/Reviews/Sterch's/Sterch's.htm,0.5650824
http://www.gooffline.net?action=toggle&dir=open&toggle=MONTHLY-1280613600000&toggleopen=MONTHLY-1309471200000&widgetId=BlogArchive1&widgetType=BlogArchive,0.5648105
http://www.daysuntil.com/New-Zealand/index.html?date=Gregorian-2022,0.5640834
http://www.reikipages.co.uk/location/united-kingdom/cornwall/tolskithy?postcode=TR12,0.56383514
http://travel.sygic.com/ko/list/yuexiu-district-yumyeong-gwangwangji-region:62464,0.5635776
http://travelingluck.com/North+America/United+States/Nevada/_5706737_Nelson+Hot+Spring.html,0.56318235
http://411us.info/60502/frontpage,0.56219983
http://blog.vlukyanov.com?p=5185,0.5616331
http://tourdance.com/bellydance-tour/5-day-tour,0.56160975
http://citydata.wu.ac.at/page/Rionegro.html,0.56099004
http://upge.wn.com?activate=details&pagenum=2&query=Djibouti+telecom&standalone=1&template=cheetah-photo-search/index.txt&title=Djibouti+telecom,0.56071603
http://birminghaminformationcenter.com/furniture,0.56069803
http://leveninleuven.be/tags/een-geschiedenis,0.55988467
http://www.informationplanet.com/countries/united-states,0.5595943
http://travelingluck.com/North%20America/United%20States/Washington/_5812654_Sunrise%20Peak%20Lookout.html,0.5592352
http://apostolicyouthcorps.com/destination/ireland?tripyear=2017,0.5592009
http://londontraveller.org/2018/09/11/auray-on-market-day,0.55916613
http://www.reikipages.co.uk/location/united-kingdom/staffordshire/boothen,0.55913186
http://tablemountaincapetown.com/table-mountain-facts,0.5584886
http://www.earthlifeexpeditions.com/tanzania-safaris/serengeti-zanzibar-safari,0.55848193
http://tinytrek.blogspot.com/2016/02,0.55825806
http://www.fairytalemagazine.com/2018/10/grateful-dead-tales-sila-tsarevich.html,0.5581162
http://www.transira.ro/bb3/viewtopic.php?p=44779,0.5574786
http://www.pointsonamap.com/attraction/box_135_0_180_90/mttsukuba/0,0.55742717
http://ordinarywonder.com/a-walk-through-a-typical-moroccan-home,0.5571161
http://www.secrettenerife.co.uk/2020/04/carnivals-of-world-notting-hill.html,0.5570705
http://chicagoinformationcenter.com/event-tickets,0.5568842
http://soumsgudiyella.com/2015/08/09/boston-common-the-oldest-park-of-usa,0.5567628
http://upge.wn.com?activate=0&ads=1&author=system&auto=Shanghai+rail&from=shanghairail.net&pagenum=2&query=Shanghai+rail&template=cheetah-photo-search/index.txt&title=Shanghai+rail,0.55657816
http://apostolicyouthcorps.com/destination/malawi,0.55629444
http://ro.wn.com/movin,0.55628407
http://meanderingnaturist.com/2016/08/12/will-americans-ever-get-out-of-the-nudist-colony?_wpnonce=8570bee92c&like_comment=1061,0.5560847
http://lgihomesblog.com/category/fort-worth,0.5558889
http://www.luftlinie.org/Queenstown/Essen,0.5557209
http://en.unionpedia.org/i/A_roads_in_Zone_1_of_the_Great_Britain_numbering_scheme,0.5550988
http://chicagoinformationcenter.com/handmade,0.55463314
http://www.butteinfo.org/tourist/top-10-things-to-do-in-butte-montana.html,0.55340296
http://wn.com/Suriname_trade?from=surinametrade.com,0.5518991
http://www.worldpoi.com/america/california/los-angeles/universal-city.html,0.55149794
http://doi.pangaea.de/10.1594/PANGAEA.323097,0.55149215
http://fr.dbpedia.org/page/Maputo,0.5507045
http://www.halfbakery.com/idea/The_20London_20Ear,0.55056137
http://central-hi.net/2019/04/15/wood-grain,0.5501169
http://www.brodyaga.com/pages/viewlarge.php?cty=Hattenheim&id=74328&place=Germany+Hessen&region=Hessen,0.5497652
http://www.yogahub.co.uk/location/united-kingdom/berkshire/clewer-green,0.5492846
http://salidaypuestadelsol.com/location/accolay,0.54823524
http://everydaylifestyle.wordpress.com/tag/salamis,0.5477001
http://photos.koalaspace.com/travel/scotland/place/loch_brandy_at_cairngorms_national_park,0.5467355
http://etrain.info/station/Sattirakkudi-SQD/all,0.5455548
http://journeyaroundtheglobe.com/2012/10/25/1900,0.5450423
http://usarvrentals.com/2017/road-trip-new-york-to-la,0.54345465
http://www.thetexasrambler.com/tag/city-squares,0.5418594
"http://pt.distance.to/31.2969,122.0034/Madrid",0.54161394
http://travel.sygic.com/zh/list/zaiatlantic-de-ke-kan-zhi-chu-region:46282,0.5408913
http://remcorhee.nl/over?rdp_we_resource=https%3A//nl.wikipedia.org/wiki/Pesche_%28Belgi%25C3%25AB%29,0.54048544
http://sv.distance.to/Bendigo/Helsingborg,0.54012644
http://turkishtravelblog.com/gulet-cruise-turkey-information-review,0.5396339
http://www.geody.com/geospot.php?alc=myr&map=col&ufi=100332459&world=terra,0.5389819
http://travelplugged.com/africa/ethiopia/axum/activities-that-cost/dungur-palace-and-gudit-stelae-field,0.5386681
http://ro.wn.com/Cr%C4%83iasa_Apelor_Savoy,0.5384116
http://jfmoyen.free.fr/spip.php/IMG/ppt/ecrire/ecrire/IMG/kmz/spip.php?article319=,0.53830373
http://www.tripmondo.com/burundi/airports/gid-gitega-airport,0.53814137
http://www.onlyinyourstate.com/nevada/amazing-phenomenon-fly-geyser-nv,0.5377389
http://birminghaminformationcenter.com/comedy,0.5376711
http://www.homesnacks.com/most-expensive-cities-in-oklahoma,0.53749967
http://time.is/mk/Bern,0.53747
http://www.rome2rio.com/Bus/Olen/London,0.5371139
http://bharatabharati.in/2013/01/22/marco-polos-epic-journey-to-china-was-a-big-con-team-folks,0.536806
http://panalsoft.com/articulo/google-maps-y-malvinas-como-garantizar-que-no-aparezca-falkland-islands-en-los-mapas-que-desarrolles,0.5362834
http://www.onlyinyourstate.com/rhode-island/most-haunted-ti,0.535764
http://www.fitzvideo.com/skysurfing2/2013/09,0.5350498
http://thetragictraveller.com/2019/06/20/pissed-stag-party-suspiciously-chirpy-about-early-morning-fire-alarm-at-hotel,0.5349603
http://fr.distance.to/Minsk/Marseille,0.5345897
http://etrain.info/station/Raichur-RC/all,0.53443706
http://www.auroracellars.com/tag/snowshoeing-tour,0.5337614
http://jocelynwatts.com/toogoom-and-district-rsl-hall,0.5336422
http://gadling.com/tag/solar,0.53343964
http://www.reikipages.co.uk/location/united-kingdom/surrey/bagshot?postcode=TW20,0.53282756
http://jfmoyen.free.fr/spip.php/ecrire/ecrire/IMG/article_PDF/local/cache-vignettes/L750xH563/IMG/kmz/spip.php?article306=,0.5327834
http://citydata.wu.ac.at/page/Kashan.html,0.5322727
http://postcode.site/noord-brabant/oud-gastel,0.53195035
http://kids.kiddle.co/Western_Kangaroo_Island_Marine_Park,0.53181434
http://whereisgrandma.com/2018/12/05/belize-the-best-little-zoo-in-the-world-lamanai-and-a-community-baboon-sanctuary?replytocom=2776,0.53121436
http://www.livemorezone.com/delhincr/do-more/aziz-ansari-in-delhi,0.5309613
http://www.geody.com/geospot.php?alc=brs&map=col&ufi=100405045&world=terra,0.53055215
http://www.frontlineclub.com/absolut_fallout_1,0.5303962
http://www.rome2rio.com/Train/Bari/Tuscany-Italy,0.53027475
http://tomgrundy.org/category/clips/writing,0.5298921
http://manofmillennium.com/ongi-monastery,0.5297061
http://everydaylifestyle.wordpress.com/tag/casino,0.529604
http://upge.wn.com?from=amsterdammarine.com&language_id=1&pagenum=2&query=amsterdam_marine&template=cheetah-photo-search/index.txt,0.5295333
http://www.craiglotter.co.za/tag/cape-town-international,0.52914476
http://erailway.co.in/stations/Ivl,0.52889276
http://www.nomad-chic.com/jiva-apoha-essential-oil-beauty.html,0.52860457
http://mapcarta.com/Glendalough,0.52824473
http://www.weekendnotes.com/must-see-adelaide-fringe-shows,0.5274339
http://blog.aclipse.net/teach-in-korea/topic/nature-in-korea,0.52691287
http://upge.wn.com?from=oxfordinternship.com&language_id=1&pagenum=2&query=oxford_internship&template=cheetah-photo-search/index.txt,0.526464
http://blog.landscapemodelling.net/2009/08/23/arizonas-ancient-landscape,0.5260675
http://mapcarta.com/fr/24677322,0.5255976
http://asiancoop.com/2014/05/14,0.52444667
http://www.reikipages.co.uk/location/united-kingdom/west-sussex/compton,0.52414083
http://time.is/az/Leicester,0.524085
http://www.viralmag.co.uk/2019/10/the-10-best-us-states-for-software-job.html,0.5239157
http://www.reikipages.co.uk/location/united-kingdom/oxfordshire/new-headington?postcode=OX10,0.5238457
http://everydaylifestyle.wordpress.com/tag/%E6%B0%B4%E5%88%87%E3%82%8A%E3%83%A9%E3%83%83%E3%82%AF,0.5234217
http://www.liquisearch.com/international_cricket_in_2005%E2%80%9306,0.5233493
http://wilderness-society.org/tag/svydovets,0.52325654
http://citydata.wu.ac.at/page/Dudhrej.html,0.52278614
http://www.go-myanmar.com/myitkyina,0.5218877
http://travelingluck.com/North%20America/United%20States/North%20Carolina/_4470282_Hawes%20Chapel.html,0.52164793
http://www.silverdreamfactory.com/tmz,0.52099067
http://www.rome2rio.com/s/New-York/1-Wall-Street,0.5205245
http://chennai.metblogs.com/2008/07/30/weekend-plans,0.5204276
http://tours.ukka.co/en/Massam%C3%A1-PT-14-2266621,0.520284
http://doi.pangaea.de/10.1594/PANGAEA.356033,0.51995873
http://thomastheunen.eu/2015/09/18/zakynthos-a-trip-to-this-small-island-in-the-ionian-sea,0.51976407
http://www.volotea.com/el/low-cost-flight/apo-algkero/benetia/apriliou,0.51904523
http://fr.distance.to/East-York/Dakar,0.5186674
http://philippines-dd.wikidot.com/mdb:taysan,0.51811546
http://lincolninformationcenter.com/desserts,0.51810807
http://pt.distance.to/Matola/Jakarta,0.51789224
http://domestocrat.net/2015/07/02/alaska-cruise-cruise-day-5-glacier-bay-national-park,0.51788944
http://time.is/mg/UTC,0.51755303
http://ponniyinselvan.in/forum/discussion/comment/10841,0.51707035
http://www.frrandp.com/2021/02/legend-of-zelda-whistlestop-tour.html,0.5169916
http://fr.distance.to/Riga/Ankara,0.5167787
http://mymotorcycleadventure.com/tag/jarle-eek,0.51584125
http://jpblaisephotography.com/new-york-city-views-from-new-jersey-rivers-banks-part-1,0.51385707
http://sportalic.com/tip/connah-s-quay-nomads-bala-town-premier-league-wales-616718,0.5134442
http://everydaylifestyle.wordpress.com/tag/shepherds-bush,0.51234496
http://wn.com/Agathis_australis,0.51230145
http://mapcarta.com/24527030,0.5118951
http://zoomin.se,0.5112201
http://denverinformationcenter.com/homes-for-sale,0.5107653
http://www.zetatalk.com/newsletr/issue205.htm,0.51053727
http://www.realclimate.org/index.php/archives/2006/04/lessons-from-venus,0.51048386
http://dateandtime.info/distancenorthpole.php?id=2964574,0.5081248
http://mamatrek.com/category/hiking,0.50807035
http://wn.com/Manhattan_intern?from=manhattanintern.com,0.50804836
http://chennai.metblogs.com/2006/03/19/an-hours-drive-to-the-6th-century-ad,0.50760037
http://scotlandcoachcompany.co.uk/service/minibus-hire-tours-glasgow,0.505829
http://citydata.wu.ac.at/page/Saint_Petersburg.html,0.5050669
http://quiz.eblana.eu/2009/03/question-of-day-8-march-2009.html,0.5050109
http://postcode.site/overijssel/bergentheim,0.50494564
http://www.wissa.org/2009/10/zhigmore-2010-invites.html,0.50476444
http://www.sonbouvillas.com/villas/villa-bellamirada.html,0.5039061
http://sky-lights.org/2019/10/28/rare-new-river-tornado,0.50366247
http://www.wander.am/travel/bristol-494/places/bristol-barton-hill-tmd-104596.en.html,0.5033539
http://denverwater.wordpress.com/2016/11,0.5031663
http://www.eslactivity.org/teaching-english-in-puerto-rico,0.50078404
http://www.reikipages.co.uk/location/united-kingdom/somerset/east-harptree,0.50020635
http://southchinadaily.net,0.4991033
http://joyfulstephanie.me/2020/01/08/huatulco-mexico-bumped-up-to-business-class-westjet-air-mexico,0.4986982
http://www.corailroads.com/2008/08/durango-railfest-2008.html,0.49845976
http://maryoblog.com/tag/punta-maisi,0.4982779
http://www.thegardenofzen.com/2017/10/summer-maple-leaves-engaku-ji.html,0.49796382
http://dateandtime.info/distancearcticcircle.php?id=1512569,0.49762934
http://hosi.org:3000/Event?dataset=history-dataset.csv&keyword=%E5%88%97%E8%BB%8A,0.49742752
http://06880danwoog.com/2012/02/02/giants-of-westport,0.49725837
http://www.mrmoneymustache.com/2013/02/01/the-oil-well-you-can-keep-in-your-pants?replytocom=322585,0.49719596
http://jakartavwcampervan.com/2015/05,0.49706516
http://www.rome2rio.com/Train/Madrid-Gran-Via-28/Salamanca-Castille-and-Le%C3%B3n-Spain,0.49678022
http://www.distance.to/San-Miguel-de-Tucum%C3%A1n/Cape-Town,0.49634343
http://barcelona-phototours.com/photo-tours/1-barcelona-highlights-photo-tour/index.php,0.49582246
http://lahteenaro.net/planeetat/index.php?kieli=fi&sivu=16,0.4953976
http://www.totomai.net/2010/05/kaoshiung.html?showComment=1384324824581,0.49537066
http://vtourstudios.com/virtual_tour/6864-areca,0.4943606
http://activenaturists.net/2014/01/24/scenic-trail-in-big-cypress-national-preserve-florida?_wpnonce=33bfa5d4a3&like_comment=11131,0.49313164
http://activenaturists.net/2014/01/24/scenic-trail-in-big-cypress-national-preserve-florida?_wpnonce=332cbd8730&like_comment=10912,0.49313158
http://www.papergreat.com/2016_04_10_archive.html,0.49306768
http://erailway.co.in/stations/Mldr,0.49245355
http://slunecnisoustava.blogspot.com/2017/08/planetky-v-kurzu-1-blizkozemni-objekty.html,0.49178755
http://www.reikipages.co.uk/location/united-kingdom/west-yorkshire/ravensthorpe-west-yorkshire,0.49147305
http://www.technicallyadiplomat.com/2014/08/two-years-in-india-week-5-first-vip.html,0.4914286
http://localwiki.org/davis/Winters,0.4913994
http://wn.com/Alder,0.489932
http://rosas-yummy-yums.blogspot.com/2009/08/annecy-france-part-1.html?showComment=1250970712805,0.48841757
http://www.cognitor.london/costituzione-societa-seychelles,0.48809493
http://trip-planner.visittheusa.com/united-states/san-diego/museum-of-photographic-arts-mopa-a34895997,0.48714507
http://age.ninja/celebrity/John-Travolta,0.48601562
http://sunnybeachtaxi.com/from-St.-Vlas-to-Burgas-airport-options-Burgas-2-4-38/book,0.4855298
http://www.papergreat.com/2012_07_01_archive.html,0.48509306
http://dadcation.com/oktoberfest-munich-trappists-belgium-quest-great-beer,0.48491448
http://radiomap.eu/uk/bristol,0.48325574
http://www.reikipages.co.uk/location/united-kingdom/cornwall/halsetown,0.4819973
http://greekgastronomer.com,0.48132265
http://doi.pangaea.de/10.1594/PANGAEA.149254,0.48128733
http://gadling.com/tag/anaheim-california,0.48128656
http://paintyourlandscape.com/2014/03/01/the-vibe-of-key-west?replytocom=8281,0.48086953
http://canadianelectionatlas.blogspot.com/p/poll-maps.html,0.48075527
http://worldfeaturesforum.com/viewforum.php?f=567395,0.47917852
http://krishashok.me/2008/08/18/tiago-roger-on-the-lake-geneva-shoreline?replytocom=6452,0.4791529
http://krishashok.me/2008/08/18/tiago-roger-on-the-lake-geneva-shoreline?replytocom=6457,0.4791528
http://krishashok.me/2008/08/18/tiago-roger-on-the-lake-geneva-shoreline?replytocom=6453,0.4791528
http://www.counsellingpages.co.uk/location/united-kingdom/norfolk/great-yarmouth,0.47847855
http://bikeexperiencetenerife.com/en/blog/post/where-do-the-champions-train-in-tenerife-2018,0.47822636
http://www.windmillfarm.co.za?lightbox=dataItem-jhrg5n8u1,0.4778025
http://virtualglobetrotting.com/map/banteay-srei/view/bing,0.47770226
http://www.towncharts.com/Missouri/Housing/Pocahontas-town-MO-Housing-data.html,0.47639182
http://mercycenters.org/world/arctic.html,0.47602057
http://www.reikipages.co.uk/location/united-kingdom/cumbria/monkhill,0.47595093
http://dgtrip.co.uk/2011/03/salto-stopover,0.47555047
http://superiorhiking.com/pigeon-river-trail,0.47412288
http://www.reikipages.co.uk/location/united-kingdom/buckinghamshire/stony-green,0.47292924
http://www.papergreat.com/2013/01/vintage-auto-bingo-card-just-in-time.html,0.47256666
http://kayakfari.wordpress.com/kayakfari-art/is-it-art-or-is-it-bird-shit,0.47154075
http://sdlotu.com/2014/09/04/virgin-river-zion-national-park-utah-2,0.47096366
http://citydata.wu.ac.at/page/Pago_Pago.html,0.4701178
http://time.is/Sorrento,0.46920535
http://karel.hlobil.com/travel,0.46779838
http://nelly.com/eu/womens-fashion/clothing/tops/nly-trend-917/double-zip-top-095069-3672,0.46738374
http://www.worldpoi.com/america/empire-state/ulster/wallkill.html,0.46615303
http://www.mylifeelsewhere.com/compare/united-kingdom/morocco,0.465862
http://biocatastrophe.blogspot.com/2011/03/nuclear-disaster-in-japan.html,0.4655344
http://blogs.agu.org/landslideblog/2016/05/13/mont-granier-1,0.46482715
http://www.peoplefinders.com/name/april-harlton/tx,0.46331722
http://www.plasma-universe.com/Aurora?action=edit&redlink=1&title=Famine,0.46281302
http://www.costarica-immobilier.net/actualite_post.php?postid=96,0.46280497
http://www.towncharts.com/Minnesota/Top-25-Zipcodes-in-Minnesota-ranked-by-5-Or-More-Vehicles-Available.html,0.46201062
http://www.champagnewishesandrvdreams.com/2016/07/mountains-music-and-majesty-in-medora.html,0.46131682
http://coronafolio.com/stats/country/kr,0.46109802
http://graz.metblogs.com/2006/10/26/hand-drawn,0.4608762
http://www.roofventilationblog.com.au/whirly-bird-handbook-part-2/307,0.46068147
http://petesautobody.us/interstate-10-freeway-project-continues-to-disrupt-travel-in-walnut-ca,0.4601609
http://volga.domains.unf.edu/immigration/us/il/melrose-park-chicago-cook-co-illinois,0.45943975
http://radiofreeskaro.com/2019/12/01/radio-free-skaro-717-one-month-away,0.45932788
http://russia.org.my/en/all-about-russia,0.45863327
http://www.bulutsu.org/ggg?gun=150506,0.45826137
http://www.reflexologypages.co.uk/location/united-kingdom/wiltshire/marlborough,0.45459074
http://www.towncharts.com/Minnesota/Top-25-Zipcodes-in-Minnesota-ranked-by-People-Who-Leave-For-Work-Between-730-Am-To-8Am.html,0.45397204
http://nelly.com/eu/womens-fashion/clothing/jumpers-cardigans/vero-moda-631/vmdoffy-ls-o-neck-blouse-ga-noos-064233-0014,0.45393205
http://www.museodelprado.es/en/the-collection/art-work/saint-francis-preaching-to-the-birds/545b7c72-67c2-4e39-af2f-0814f08b5224,0.4532724
http://wn.com/Furnish_our_room?from=furnishourroom.com,0.45182624
http://www.goldenteefan.com/category/driving,0.45065653
http://www.sahasrashope.com.au/drishti.html,0.4481663
http://asuaire.com/blog/en/costa-rica-en/stunning-images-of-costa-rica,0.44636315
http://panafricannews.blogspot.com/2017/03/pan-african-journal-special-worldwide_52.html,0.4443872
http://tanyatravels.blog/category/europe-with-kids,0.4427127
http://www.distance.to/GLA/IKU,0.44192553
http://www.peoplefinders.com/name/margarito-villa/fl,0.44013318
http://lenisharma.com/otherworld,0.43910006
http://greenerpasture.com/Places/Details/1736,0.4357841
http://blog.sorausagi.org/2016/07,0.4355969
http://nanabalitour.com/bali-activities/bmw-bali-rafting.php,0.43145165
http://postcode.site/gelderland/breedenbroek/streets/1,0.42756927
http://activenaturists.net/2015/11/15/camp-gymnasium-at-burning-man-2015?_wpnonce=53150c0ebe&like_comment=19869,0.4265136
http://www.peoplefinders.com/name/rachel-tuller/ar/salem,0.42641675
http://www.peoplefinders.com/name/rachel-tuller/ar/batesville,0.42592916
http://letsruncomjapan.com/2017/08/15/callum-marathon-worlds,0.42558324
http://the-tin-man.com/tag/san-francisco-solano,0.42372394
"http://wn.com/Auburn,_Washington",0.41973978
http://www.danielpfund.com/2013,0.4175704
http://www.theflightdeal.com/2013/02/25/how-to-visit-beijing-or-shanghai-for-up-to-72-hours-without-a-chinese-visa?replytocom=221403,0.41685396
"http://id.dbpedia.org/page/San_Diego,_California",0.4147241
http://www.bulmacabil.com/2017/04/ege-bolgesinin-en-buyuk-golu.html,0.4068402
http://time.is/Rumbek,0.40175307
http://www.towncharts.com/New-Mexico/Top-25-Cities-in-New-Mexico-ranked-by-Rent-As-A-Percent-Of-Income-Is-Between-20Pct-To-30Pct.html,0.3991194
http://www.worldpoi.com/canada/ontario/hamilton/burlington-ontario.html,0.39720863
http://jurarunner.com/2017/01/09/an-ultra-distance-london-trail-adventure?_wpnonce=69b547c790&like_comment=132,0.39460897
http://jurarunner.com/2017/01/09/an-ultra-distance-london-trail-adventure?_wpnonce=26ac7f438d&like_comment=134,0.39460897
http://mightbefun.com/category/culture,0.39224476
http://aerohaveno.blogspot.com/2014/08,0.39018553
http://www.earningthehorizon.com/2010/01/those-people.html,0.3863428
http://panafricannews.blogspot.com/2011/02/deal-reached-over-tunisia-exodus-to.html,0.37682676
http://nihonshock.com/2009/12/star-wars-quotes-in-japanese,0.36073303
http://www.liquisearch.com/uzbekistan,0.34823877
