url,centroid_sim
http://www.comodoro.gov.ar/2014/07/15/descuento-por-flota-de-vehiculos-2,0.8885994
http://sergioferraiolo.com/2013/05/19/una-notte-a-campo-de-fiori,0.8784398
http://www.distorsiones.com/una-ventana-al-mundo,0.8732264
http://www.laltrasciacca.it/2008/11/24/sulla-questione-gallo-interviene-faisa-cisal,0.8722991
http://www.agendadeprensa.org/2011/09/22/13312,0.87109244
http://www.adeaescenicos.com/copia-de-profesionales-1,0.867764
http://www.libreriagregorianaestense.com/creagami-quando-la-carta-diventa-scultura,0.864878
http://oltreilcancro.it/2016/03/01/di-nuovo-in-giostra?replytocom=8364,0.8624912
http://oltreilcancro.it/2016/03/01/di-nuovo-in-giostra?replytocom=8365,0.8624912
http://www.pagina12.com.ar/diario/elpais/subnotas/1-78199-2016-06-25.html,0.8614588
http://rumoremag.com/2015/08/18/ecco-che-fine-aveva-fatto-l-ex-interpol-carlos-d,0.8612335
http://www.pagina12.com.ar/diario/suplementos/las12/13-5331-2009-11-20.html,0.8611412
http://www.pagina12.com.ar/diario/elmundo/4-294868-2016-03-18.html,0.8584917
http://www.placidasignora.com/tag/la-leggenda-delle-camelie-di-miti-vigliero,0.85841924
http://www.laltrasciacca.it/2013/05/30/concorso-fotografico-digitale-sicilia-in-festa,0.85716724
http://ecosport.it/2017/04/18/sopravvivenza-in-natura-e-vita-di-citta,0.8563101
http://www.pagina12.com.ar/diario/suplementos/espectaculos/4-15366-2009-09-21.html,0.85603154
http://cscoia.es/a-orixe-celta,0.8539828
http://www.delcastellano.com/etimologia-hombre,0.85328925
http://www.placidasignora.com/tag/carciofi-in-fricassea,0.8516437
http://www.catalunyavanguardista.com/el-pensamiento-de-mercado-en-la-educacion,0.85077894
http://www.pagina12.com.ar/diario/especiales/subnotas/168770-53796-2011-05-26.html,0.84990287
http://www.sicuaninoticias.pe/2019/10/feliz-aniversario-comunidad-campesina.html,0.84945977
http://www.pagina12.com.ar/diario/suplementos/espectaculos/3-18521-2010-07-07.html,0.8483329
http://www.diariodenavarra.es/noticias/mas_actualidad/cultura/2013/08/19/cuentos_galdos_revelan_vena_fantasiosa_realista_aclamado_127479_1034.html,0.8464781
http://percha.es/percheros-de-pared-originales-baratos,0.84625924
http://vocabularios.saij.gob.ar/legisba/index.php?/delitos-contra-la-fe-publica=&tema=228,0.84612256
http://josedeveloper.com/tag/certification,0.84562516
http://senegal.spla.pro/es/spla-editorial.html,0.8454641
http://actualidad.llorenteycuenca.com/tag/demanda,0.8449187
http://www.pagina12.com.ar/diario/suplementos/rosario/10-55439-2016-07-10.html,0.8447435
http://www.minutoneuquen.com/regionales/2021/1/26/anuncio-para-estatales-rionegrinos-cuando-se-inicia-el-pago-de-salarios-277076.html,0.8443173
http://edoardofanucci.it/author/admin,0.84424496
http://encuentracurso.com/mod/glossary/view.php?id=27533&mode=date,0.84325624
http://www.pagina12.com.ar/diario/suplementos/libero/index-2010-06-14.html,0.8431152
http://fiscalizacion.es/2012/12/09/dia-anti-corrupcion?_wpnonce=488c084bf2&like_comment=4584,0.84304345
http://www.loritatinelli.it/tag/le-verita-di-arkeon-e-di-genio-21,0.84294343
http://educacaointegral.org.br/experiencias/copa-de-futebol-cooperativo-quando-confronto-da-lugar-ao-encontro?replytocom=6321,0.84282106
http://www.placidasignora.com/tag/forli,0.8427772
http://www.admicove.com/empresa/alar24,0.83953524
http://www.ideiaseopinioes.com/o-renascer-do-cm0102,0.83807755
http://www.lavocedifiore.org/SPIP/article.php3?id_article=5303,0.8380104
http://centroantiguomalaga.com/tag/sobrevivir-en-el-centro,0.8376056
http://www.tecnicadellascuola.it/occuparsi-solo-di-scuola-aiuta-i-docenti-a-comprendere-la-politica-scolastica,0.83729416
http://www.fabio.com.ar/6278,0.8370635
http://rocapeupla.com/tag/alfara,0.8369653
http://pt.institutocamoes-praga.cz/programa-cultural/aplicacao-eunic,0.8368737
http://www.infobibliotecas.com/es/libro/la-chica-de-servicio-ii-poseeme_392928,0.836623
http://blocs.xtec.cat/lempremtadorfeu/2016/12/09/el-nadal-i-els-referents-classics,0.8363143
http://www.aefhp.pt/index.php/desporto-escolar-19-20/24-informacoes/149-aberturaanoletivo2012-2013,0.8358749
http://www.lericettedielisir.it/come-cuocere-il-riso-basmati,0.8355893
http://pensiero.it/in-primo-piano/interviste/diritto-di-scegliere-fino-alla-fine,0.83331716
http://elperromorao.com/2021/02/la-sorprendente-historia-que-cuentan-los-refranes-sobre-el-agua-el-vino-y-el-aceite-de-oliva,0.8328382
http://www.minutoneuquen.com/con-estilo/2021/2/8/ensalada-tunecina-conoce-la-receta-que-no-necesita-cubiertos-278414.html,0.8326992
http://ferreries.cat/Contingut.aspx?CALENDARSEL=10/01/2021&IdPub=21393,0.83252573
http://www.infobibliotecas.com/es/libro/sd-alumno-musica-6-primaria-saba_429232,0.8325112
http://maquidemolex.com/maquinaria-de-ocasion/2478/0/Caterpillar-140M3245,0.8324387
http://www.panoramahenares.com/2020/10/es-noticia-abierta-la-convocatoria-de.html,0.83232003
http://novasdebarro.com/2019/09/30/clases-particulares-de-primaria-e-secundaria,0.8317753
http://agoralibre.wordpress.com,0.83160186
http://www.unjubilado.info/plaga-de-medusas-en-el-mar-menor,0.83158505
http://dovevailpaese.altervista.org/blog/category/europa,0.83158433
http://www.luzyartes.com/2013/04,0.831548
http://www.adhocnews.it/bambola-transgender-in-vendita-genitori-in-rivolta,0.83145446
http://www.centroabruzzonews.com/2020/07/riserva-naturale-gole-di-san-venanzio.html,0.83098745
http://imoveiseficaz.com.br/ribeirao-preto?eficazimoveis=localizacao,0.830939
http://trafegandoronseis.blogspot.com/2021/01/la-brecha-de-suenos.html,0.83005154
http://www.caasa.it/piemonte/torino/torino/vendita-56c6b81f-appartamento-a-torino-mirafiori-nor.html,0.82995045
http://scientiablog.com/2013/06/04/mis-alumnos-y-sus-extranos-metodos-de-estudio-el-escandalo-de-memory?replytocom=7641,0.82924104
http://scuolasbcapitanio.it/la-scuola/attivita,0.8287833
http://literariacomunicacion.com/2014/02/26/todo-como-antes,0.8284958
http://www.pagina12.com.ar/diario/elmundo/4-221588-2013-06-05.html,0.82802445
http://www.museosdemequinenza.com/el-v-mercado-navideno-de-mequinenza-invita-a-sus-visitantes-a-romper-los-malos-deseos/img_6406,0.82781047
http://www.edhasa.es/libros/336/las-islas-de-la-imprudencia,0.8272485
http://www.mbenterprise.it/it/2016/10/29/connessioni,0.8272325
http://www.guiasaojoao.com.br/noticias-categoria/8/flor-ipe-com-repres-prod-agricolas/1,0.8271951
http://www.guiasaojoao.com.br/noticias-categoria/4/economia/12,0.8271951
http://www.guiasaojoao.com.br/noticias-categoria/6/magnolia-hotel/1,0.8271951
http://aprendemostecnologia.org/maquinas-y-mecanismos/mecanismos-de-transmision-del-movimiento?_wpnonce=97a5432002&like_comment=808,0.82717746
http://aprendemostecnologia.org/maquinas-y-mecanismos/mecanismos-de-transmision-del-movimiento?_wpnonce=930bfdf341&like_comment=3397,0.82717746
http://www.acqualcalina.com/manutenzione-depuratore-osmosi-inversa-ferrara,0.82657325
http://www.ilgiornale.it/news/quella-scuola-va-chiusa-poi-si-potr-discutere.html,0.8264626
http://www.ilgiornale.it/news/valore-dell-operazione-dovrebbe-aggirarsi-intorno-agli-80.html,0.82646215
http://blocs.xtec.cat/aracnefilaifila/2013/12/12/origen-de-la-eneida,0.82644105
http://violettanet.it/links/poesia_arte/futurismo_2.htm,0.8263249
http://www.prontointerventofabbro.firenze.it/fabbro-economico-abbadia-san-salvatore,0.82561696
http://www.devinosonline.com/comprar/vino-pata-negra-roble,0.8249216
http://oficialdejustica.blogs.sapo.pt/juizos-de-risco-criminal-602503,0.82486653
http://www.naturavventura.it/cpg/displayimage.php?album=toprated&cat=-472&pid=77480,0.8247878
http://artezeta.com.ar/la-jaula-matematica,0.82467425
http://www.leviedelcinema.it/27-luglio-maciste-alpino,0.82458264
http://www.lacocio.it/cio-che-inferno-non-e-alessandro-davenia,0.82445025
http://www.virgendemedjugorje.org/11-5-2018-novena-de-pentecostes-abrid-vuestros-corazones-al-espiritu-santo,0.82400227
http://alemguadiana.blogs.sapo.pt/27569.html,0.823522
http://www.pcamaral.com.br/2010/09/assim-caminha-humanidade-31.html,0.8234341
http://www.pagina12.com.ar/diario/ultimas/subnotas/20-52608-2011-03-19.html,0.82342774
http://www.placidasignora.com/tag/nubili,0.8234234
http://viajes.101lugaresincreibles.com/ecoturismo-opciones-para-disfrutar-la-naturaleza-en-asturias,0.8230714
http://www.alternativasxustiza.com/2016/09/mutualidade-convenio-co-consello-xeral.html,0.8230537
http://www.omaxi.net/sulla-persuasione-e-sulla-suggestione/tag/sicurezza%20di%20se.html,0.8229908
http://www.giornalelavoce.it/volley-tommaso-ichino-del-santanna-nel-gruppo-azzurro-dellunder-19-382301,0.8228721
http://astrofilicernusco.org/category/attivita-osservative/page/3,0.8221229
http://www.domluizbergonzini.com.br/2011/10/distrito-federal-confia-na-igreja.html,0.82159364
http://www.caasa.it/viterbo/viterbo/appartamento/in-vendita.html,0.82151306
http://www.xangomeninoararuama.org.br/institucional,0.82126033
http://www.laplayademadrid.es/archives/4367?replytocom=141604,0.8212496
http://chirologia.blog/2020/05/01/la-fisiognomica-del-viso,0.82067525
http://www.acqualcalina.com/ricambi-osmosi-inversa-castel-guelfo-di-bologna,0.82061875
http://www.ilgiornale.it/news/timbrano-cartellino-e-poi-vanno-spasso.html,0.82048064
http://m.my-personaltrainer.it/OLEOCANTALE.htm,0.82029665
http://www.turismoaguarda.es/gl/event/festa-da-zorza,0.819653
http://normadra.com/juego-de-tronos-catarsis-colectiva-por-television,0.8196182
http://stefanosaldarelli.com/category/comunicazione/page/2,0.81955564
http://cortadelles.wordpress.com/tag/finlandia,0.81944716
http://www.unpostoatavola.it/osteria-moderna.html,0.8194318
http://lider.hr/piano/piano-opatija-centar-opatija-161m2,0.81942236
http://www.pagina12.com.ar/diario/suplementos/espectaculos/5-30970-2014-01-03.html,0.81918037
http://www.turismoenxebre.com/2011_01_21_archive.html?action=toggle&dir=open&toggle=DAILY-1258758000000&toggleopen=DAILY-1295564400000&widgetId=BlogArchive2&widgetType=BlogArchive,0.8189697
http://omargatica.wordpress.com/category/texto,0.81896603
http://arzignanodialoga.it/DettaglioComunicazione.aspx?id=7635,0.8188771
http://www.assoraidermessina.it/2000/08/campo-estivo-2000-castellumberto.html,0.81876504
http://fumigacionsnon.org/tag/pp,0.81852424
http://www.elrincondebea.com/2010/02/aviso-a-navegantes.html?replytocom=8798,0.8183019
http://www.dns-ok.it/telezoom,0.81826675
http://osteriadellorcia.com/cosa-vedere-a-montepulciano-toscana,0.81825507
http://www.pequenocomercio.pt?opc=versoes&versao=,0.81772786
http://www3.gobiernodecanarias.org/medusa/edublog/iesteror/2020/02,0.81751096
http://annacasalsxef.enrutagirona.cat/ca/tag/sense-gluten,0.8175094
http://www.ilgiornale.it/news/sport/linter-perfetta-conte-va-oltre-se-stessa-sognare-1917654.html,0.8174938
http://www.leeporgusto.com/apuntes_sobre_blanco_nocturno,0.8174694
http://www.larambla.es/biblioteca/temas_locales/lo_nuestro,0.8174001
http://www.konkurs.ro/concurs/Castiga-o-operatie-de-marire-de-sani-cu-implanturi-de-silicon-9069.html,0.8172333
http://edmorata.es/van-los-ricos-a-la-carcel-fernando-alvarez-uria-y-julia-varela-hablan-sobre-la-funcion-social-del-sistema-penitenciario,0.8170053
http://revistaclarin.com/531/las-virtudes-del-hombre-orquesta,0.81680584
http://vitacuracultura.cl/noticia/vitacura-te-ofrece-entretenidos-cuentacuentos-para-ninos-online,0.8164406
http://blogs.elpais.com,0.8162581
http://www.laplayademadrid.es/archives/8126,0.8161728
http://ccbe.feec.cat/index.php?id=23415&lvl=notice_display,0.815046
http://sincroguia-tv.expansion.com/peliculas/y-despues-le-llamaron-el-magnifico--616-SPA,0.81499654
http://cabanyero.es/ventanas-abatibles-de-aluminio,0.8148941
http://bicheando.net/category/viaje-herpetologico,0.8142988
http://www.angelesgarciaportela.com/2017/02/el-consejo-de-seguridad-nuclear-la.html,0.814216
http://informazioneconsapevole.altervista.org/il-simbolismo-del-sole-nero,0.8137267
http://noticias.canal1.com.co/internacional/el-covid-19-ha-provocado-la-muerte-de-16-personas,0.81358546
http://vitolavecchia.altervista.org/servizi/sanita-digitale,0.8134792
http://www.infoescena.es/como-tratar-el-porno-en-la-literatura.asp,0.81322414
http://www.classicult.it/un-sindaco-di-ieri-la-napoli-di-oggi,0.8129068
http://delajusticia.com/2009/01/15/funcion-publica-oposiciones-con-apellido-y-apellidos-ante-las-oposiciones,0.81278914
http://www.pagina12.com.ar/diario/suplementos/rosario/14-2013-09-22.html,0.812539
http://fumigacionsnon.org/2016/05,0.8120842
http://baixacultura.org/tag/ubatuba,0.81153566
http://www.bvfe.es/es/autor/10601-salva-vicente/apage9.html,0.8112856
http://www.ilcinzanino.org/2011/09/manifestazioni-fieristiche-piemonte.html,0.81083786
http://www.smaltimentoamiantoroma.info/recupero-eternit-piazza-santa-maria-maggiore,0.8108215
http://ferroliroma.it/assistenza-caldaie-ferroli-colonna,0.8107128
http://dilc.org/aer%C3%B2lit,0.8106091
http://www.centrovino.es/index.php?controller=product&id_product=352,0.81029415
http://www.culturasonora.es/tocadiscos-mas-caros-del-mundo,0.81018
http://www.centroabruzzonews.com/2020/10/88enne-di-introdacqua-precipitato-da.html,0.8099195
http://www.pagina12.com.ar/diario/suplementos/libero/10-2238-2005-05-09.html,0.80974793
http://zamora-chinchipe.gob.ec/trabajadores-a-visperas-de-contar-con-nuevo-contrato-colectivo,0.809692
http://www.pagina12.com.ar/diario/suplementos/libero/index-2007-07-30.html,0.80954194
http://www.blogleandrorocha.com/2019/05/semana-de-oferta-dia-das-maes-aproveite.html,0.80947345
"http://www.nevasport.com/phorum/read.php?84,4024580=",0.80947244
http://gruppodinterventogiuridicoweb.com/tag/daino,0.8092341
http://sanatoriulgeoagiu.ro/index.php/galerie-foto,0.80909485
http://repositorio.utec.edu.sv:8080/jspui/simple-search?etal=0&filter_field_1=author&filter_field_10=subject&filter_field_11=author&filter_field_12=author&filter_field_2=dateIssued&filter_field_3=subject&filter_field_4=author&filter_field_5=subject&filter_field_6=author&filter_field_7=subject&filter_field_8=dateIssued&filter_field_9=subject&filter_type_1=equals&filter_type_10=equals&filter_type_11=equals&filter_type_12=equals&filter_type_2=equals&filter_type_3=equals&filter_type_4=equals&filter_type_5=equals&filter_type_6=equals&filter_type_7=equals&filter_type_8=equals&filter_type_9=equals&filter_value_1=Osegueda+Osegueda%2C+Carlos+Felipe&filter_value_10=IDENTIDAD+CULTURAL+-+EL+SALVADOR&filter_value_11=Rodr%C3%ADguez+Machado%2C+Manuel+Alexander&filter_value_12=Parada+M%C3%B3nico%2C+Wendy+Marisol&filter_value_2=%5B2010+TO+2019%5D&filter_value_3=ACUERDOS+DE+PAZ+-+EL+SALVADOR&filter_value_4=Hern%C3%A1ndez+V%C3%A1squez%2C+Miguel+%C3%81ngel&filter_value_5=VIOLACI%C3%93N+DE+LOS+DERECHOS+HUMANOS&filter_value_6=Beltr%C3%A1n+Hern%C3%A1ndez%2C+Julissa+Beatriz&filter_value_7=IND%C3%8DGENAS+DE+EL+SALVADOR+-+ASPECTOS+SOCIALES&filter_value_8=2018&filter_value_9=DERECHOS+HUMANOS+-+EL+SALVADOR&filtername=subject&filterquery=EL+SALVADOR+-+PROBLEMAS+RACIALES&filtertype=equals&order=desc&query=&rpp=10&sort_by=score,0.8089657
http://repositorio.utec.edu.sv:8080/jspui/simple-search?etal=0&filter_field_1=author&filter_field_10=subject&filter_field_11=author&filter_field_12=author&filter_field_2=dateIssued&filter_field_3=subject&filter_field_4=author&filter_field_5=subject&filter_field_6=author&filter_field_7=subject&filter_field_8=author&filter_field_9=subject&filter_type_1=equals&filter_type_10=equals&filter_type_11=equals&filter_type_12=equals&filter_type_2=equals&filter_type_3=equals&filter_type_4=equals&filter_type_5=equals&filter_type_6=equals&filter_type_7=equals&filter_type_8=equals&filter_type_9=equals&filter_value_1=Osegueda+Osegueda%2C+Carlos+Felipe&filter_value_10=DERECHOS+HUMANOS+-+EL+SALVADOR&filter_value_11=Rodr%C3%ADguez+Machado%2C+Manuel+Alexander&filter_value_12=Rosales+Hern%C3%A1ndez%2C+Raquel+Aracely&filter_value_2=%5B2010+TO+2019%5D&filter_value_3=ACUERDOS+DE+PAZ+-+EL+SALVADOR&filter_value_4=Hern%C3%A1ndez+V%C3%A1squez%2C+Miguel+%C3%81ngel&filter_value_5=VIOLACI%C3%93N+DE+LOS+DERECHOS+HUMANOS&filter_value_6=Beltr%C3%A1n+Hern%C3%A1ndez%2C+Julissa+Beatriz&filter_value_7=IND%C3%8DGENAS+DE+EL+SALVADOR+-+ASPECTOS+SOCIALES&filter_value_8=Parada+M%C3%B3nico%2C+Wendy+Marisol&filter_value_9=IDENTIDAD+CULTURAL+-+EL+SALVADOR&filtername=author&filterquery=L%C3%B3pez+Morales%2C+Mariela+Abigail&filtertype=equals&order=desc&query=&rpp=10&sort_by=score,0.8089657
http://www.my-personaltrainer.it/alimentazione/olio-extravergine-di-oliva.html,0.8088439
http://imaginecontinua.wordpress.com/2013/11/17/joc-de-lumina-si-culoare146,0.808695
http://www.my-personaltrainer.it/alimentazione/panelle.html,0.8079186
http://albertocane.blogspot.com/2009/08,0.80785143
http://www.prontointerventofabbro.firenze.it/fabbro-casale-marittimo,0.80727446
http://www.todoespacoonline.com/w/categoria-produto/camisetas-masculinas-pretas?avia_extended_shop_select=yes&paged=1&paged=1&product_count=63&product_order=price&q=/w/categoria-produto/camisetas-masculinas-pretas/&s=,0.80715674
http://docenti.skuola.net/contant_tag/benzina,0.80709016
http://cumparam-auto.com/cumparari-autoturisme-in-zona-borsa,0.8069093
http://www.laltrasciacca.it/2009/12/16,0.806633
http://www.mercadocalabajio.com/2009/02/platos-para-principiantes-queso-de.html,0.8063207
http://www.bastonate.com/tag/vuvuzelas,0.80578065
http://www.laltrasciacca.it/2015/09/04/ribera-5-pizza-fest-tra-gli-eventi-collaterali-nasce-liniziativa-pizza-fest-per-la-citta,0.8057704
http://it.besoccer.com/giocatore/henrique-166556,0.80561197
http://comune.fabricadiroma.vt.it/comune/news-dal-comune/covid-19-oggi__un-positivo-e-tre-guariti.html,0.8055061
http://laparceria.org/2014/04/20/cribodromo-30-de-abril?msg=fail&shared=email,0.8054641
http://www.studenti.it/search/Alto%20tradimento,0.80534196
http://www.mx24.com.mx/deportes/2020/9/20/la-final-de-la-conferencia-este-sigue-dando-que-hablar-233.html,0.8046194
http://www.lenuovemadeleine.com/lonore-dei-princip,0.80437857
http://www.ilgiornale.it/news/politica/lomicida-scattone-cattedra-scoppia-rivolta-delle-famiglie-1168423.html,0.8040905
http://bibliotecaestense.beniculturali.it/info/img/stemmihtml/lusignani.html,0.80403745
http://txisko.com/2009/02,0.8040189
http://reportenaranja.com/2020/12/01/natalia-chacon-mazatleca-primera-dama-de-mexico-esposa-del-presidente-plutarco-elias-calles,0.80363584
http://www.woxikon.it/dizionario/it-en/alimede,0.80360746
http://tsd.altervista.org/il-tredicesimo-apostolo-di-valentina-lippi-bruni,0.8035051
http://educacontic.es/blog/liberen-la-cultura-de-lawrence-lessig?page=4,0.80346596
http://www.gazzettadaltacco.it/pure-orange-bptomoe/d7ce16-convertitore-misure-inglesi,0.8032996
http://ncultura.pt/ovos-descubra-propriedades-e-beneficios,0.8032644
http://imma-concepcion.blogspot.com/2008/04,0.80315685
http://genitoricrescono.com/di-creativita-uova-verdi-e-biglietti-per-silicon-valley?replytocom=55244,0.8030115
http://www.pagina12.com.ar/diario/suplementos/index-2005-06-08.html,0.80300105
http://orvieto5stelle.com/2019/04/03,0.8028315
http://www.ilgiornale.it/news/politica/conte-senato-fiducia-1536831.html,0.8023976
http://www.tapparelleserrande.it/motorizzazione-tapparelle-viale-marche-cinisello-balsamo,0.8022876
http://www.dvdessential.it/forum/viewtopic.php?f=9&p=793247&t=16892,0.80224174
http://dilc.org/lad%C3%AD,0.802224
http://blog.dariobonacina.net/tag/obbligo,0.8020492
http://www.igorstagliano.com/2012/08,0.8020381
http://leer.es/adm-cniie-05?_com_liferay_asset_publisher_web_portlet_AssetPublisherPortlet_INSTANCE_nKy78TqPHQ01_cur=28&p_p_col_count=3&p_p_col_id=column-2&p_p_col_pos=2&p_p_id=com_liferay_asset_publisher_web_portlet_AssetPublisherPortlet_INSTANCE_nKy78TqPHQ01&p_p_lifecycle=0&p_r_p_resetCur=false,0.80190873
http://www.arsmeteo.org/arsmeteo/main.php?id_page=navtag&idtag=15816&page=fe_std&sezione_fe=sezione1,0.8018432
http://gattoblepone.blogspot.com/2011/04,0.801446
http://serveiseducatius.xtec.cat/vallesoccidental5/tag/tac,0.8001567
http://filmotecaescoles.blog.gencat.cat/tag/memoria,0.799359
http://centroecuestrelahipica.blogspot.com/2015,0.7993366
http://www.alertadigital.com/2012/04/18/la-casta-francesa-declara-la-guerra-a-la-poblacion-autoctona-alcaldes-de-la-izquierda-francesa-se-niegan-ya-a-casar-a-parejas-de-raza-blanca,0.7990577
http://www.ilgiornale.it/news/semestrale-utile-cessione-tinit.html,0.7989478
http://www.ilgiornale.it/news/interni/i-giudici-roma-sentenza-contro-lazienda-esposizione-tossica-965868.html,0.79863983
http://giornatedimarzo.it/2021/01/18/strage-di-viareggio-dove-la-sicurezza-sul-lavoro,0.7983197
http://periodicoliberal.com/2021/02/16/un-diputado-de-la-cup-sube-a-la-tribuna-saca-el-movil-y-arma-revuelo-sin-decir-ni-una-palabra,0.7980999
http://z1press.com.br/2019/01/09/exposicao-de-flores-orquideas-bruzzone-vem-a-santos-pela-1a-vez,0.7978758
http://www.centroabruzzonews.com/2021/02/di-girolamo-m5sgrandi-perplessita-per.html,0.797773
http://maderame.com/acabados-madera-alimentacion-juguetes,0.7977146
http://ebraconconcursos.com.br/category/como-passar,0.7976835
http://oficialdejustica.blogs.sapo.pt/2017/08/07,0.79756093
http://www.fernandoloygorri.com/Fugaz-y-fuga_a1546.html,0.79742223
http://victoramela.com/tag/morella,0.7972758
http://maovalpiana.wordpress.com/2017/05,0.7972305
http://www.aibchiaverano.org/category/notizie,0.79711556
http://www.manojitodeclaveles.com/producto/taza-la-fumadora?add-to-cart=1270,0.7969917
http://www.disinfestazioni-roma.cloud/deblattizzazione-vallerano,0.79694027
http://www.lexml.gov.br/urn/urn:lex:br:rede.virtual.bibliotecas:artigo.revista:2003;1000668021,0.7968867
http://docenti.skuola.net/contant_tag/dolce,0.7968365
http://www.restauranteelfronton.com/author/elfronton,0.7967906
http://www.noleggioarticoliortopedici.it/noleggio-letto-ortopedico-basilica-di-san-paolo,0.7967849
http://pasajesypaisajes.com/4-series-romanticas-netflix,0.7963554
http://www.assistenzascaldabagnomilano.com/assistenza-scaldabagno-ariston-boffalora-milano,0.796075
http://www.bolhaimobiliariabrasil.com/2017/08/22/preco-do-imovel-esta-em-queda-livre-em-belo-horizonte-hoje-em-dia,0.7959504
http://dev.meneame.net/story/26t2-helicoptero-transporte-carga-pesada-mas-grande-mundo/c027,0.7956447
http://www.agentefantacalcio.it/mercato-roma-arriva-lo-spagnolo-pedro,0.79555863
http://www.arsmeteo.org/arsmeteo/main.php?id_page=navtag&idtag=1151&page=fe_std&sezione_fe=sezione1,0.7954615
http://www.fondazionesocin.it/dt_portfolios/testa-femminile-bronzo-1958-inedita,0.79518765
http://www.arsmeteo.org/arsmeteo/main.php?id_page=navtag&idtag=6000&page=fe_std&sezione_fe=sezione1,0.79509366
http://latabledamelie.blogspot.com/2015/04/savarin-au-rhum-chantilly-mascarpone.html,0.7948543
http://www.malaciencia.info/2009/05/monitores-con-nieve.html?showComment=1242336120000,0.7946538
http://dilc.org/qualificar,0.79461473
http://www.comproevendodiamanti.it/compro-diamanti-nerviano,0.7945924
http://poesia.blog.rainews.it/tag/cerchio,0.794441
http://www.loucasporesmalte.com.br/2011/09/colecao-hits-no-olimpo?replytocom=137702,0.79426503
http://www.awake-chile.com/el-suplicio-de-ser-haitiano-en-republica-dominicana,0.79413915
http://setetaxiaereo.com.br/uti-aerea-de-bacabal-ma-para-brasilia-df,0.7941281
http://www.saobruno.pt/blog,0.7935115
http://www.fernandoloygorri.com/El-viaje-6-El-rostro-de-Benjamin-Fondane_a276.html,0.79341817
http://m.my-personaltrainer.it/salute/urinocoltura.html,0.7932959
http://www.arsmeteo.org/arsmeteo/main.php?id_page=navtag&idtag=13309&page=fe_std&sezione_fe=sezione1,0.79314405
http://www.gentedelpuerto.com/2017/11/21/3-440-de-hiper-a-carrefour-pasando-por-pryca-40-aniversario/comment-page-1,0.79296607
http://www.arsmeteo.org/arsmeteo/main.php?id_page=navtag&idtag=30565&page=fe_std&sezione_fe=sezione1,0.7926043
http://www.estaciondiseno.es/portfolio/el-nombre-de-la-rosa,0.79243964
http://tokdehistoria.com.br/2014/03/23/sobrenomes-de-judeus-expulsos-da-espanha-em-1492-veja-se-o-seu-esta-na-lista?_wpnonce=0573f5193c&like_comment=7520,0.79241663
http://tokdehistoria.com.br/2014/03/23/sobrenomes-de-judeus-expulsos-da-espanha-em-1492-veja-se-o-seu-esta-na-lista?_wpnonce=fac6178dec&like_comment=6758,0.79241663
http://tokdehistoria.com.br/2014/03/23/sobrenomes-de-judeus-expulsos-da-espanha-em-1492-veja-se-o-seu-esta-na-lista?_wpnonce=372e614b17&like_comment=6076,0.79241663
http://tokdehistoria.com.br/2014/03/23/sobrenomes-de-judeus-expulsos-da-espanha-em-1492-veja-se-o-seu-esta-na-lista?_wpnonce=ffc22af6ed&like_comment=7194,0.79241663
http://tokdehistoria.com.br/2014/03/23/sobrenomes-de-judeus-expulsos-da-espanha-em-1492-veja-se-o-seu-esta-na-lista?_wpnonce=10e29f4ac9&like_comment=7532,0.79241663
http://www.recorrido.cl/es/bus/tucapel/antuco,0.7923637
http://idraulico.torino.it/category/piemonte/torino-e-provincia/vestigne,0.79232883
http://www.kayenalibros.com/2013/03/la-prediccion-del-astrologo-de-teo.html,0.79227495
http://dilc.org/roncament,0.7920456
http://www.greenpcomunicacion.com/beauty-forum-valencia-abordara-las-claves-de-la-cosmetica-natural,0.792006
http://ncultura.pt/os-melhores-queques-de-chocolate-do-mundo,0.7919525
http://www.fortenoreconcavo.com.br/2020/11/apos-cassacao-de-marcell-moraes-tiago.html,0.7918353
http://jralonso.es/2017/03/04/el-mundo-esta-lleno-de-pervertidos?_wpnonce=9c934fcf5a&like_comment=7541,0.7917998
http://artisticulturaltheory.com/tag/mujeres-cubanas,0.7912115
http://salutoalsole.com/2013/12/17/le-benedizioni-di-un-santo,0.7912004
http://ilmegliodiinternet.it/il-derby-di-milano,0.791105
http://ilrustico.com/it/CERAMICHE-DI-ARREDO/CENTROTAVOLA/Piatto-falda-in-ceramica-di-Caltagirone-D-55-p870c20c64.html,0.79097605
http://www.lapasticceriadichico.it/2014/12/ricciarelli-di-siena.html?showComment=1418285297450,0.79070294
http://www.emvisesa.org/tag/tres-barrios,0.79039353
http://www.jsfaro.net/2018/09/ajustes-de-contas-e-verdades-reveladas.html,0.7903913
http://dilc.org/estai,0.7900963
http://www.infoescola.com/biografias/ferreira-gullar,0.7899855
http://www.guidasogni.it/2014/12/09/il-sogno-planetario-2014,0.7899183
http://www.arsmeteo.org/arsmeteo/main.php?id_page=navtag&idtag=2773&page=fe_std&sezione_fe=sezione1,0.78989017
http://chusz.x10.bz/2013/09/07/gambit,0.7896341
http://senhoradesirius.wordpress.com/2015/06/25/os-cientistas-da-nova-era-gregg-braden-e-a-matriz-divina-1a-parte-24-06-2015,0.78949285
http://www.mobiliantichiantiquariato.it/comprovendoacquistovendita/stile-mobili-antichi,0.78948337
"http://www.nevasport.com/phorum/read.php?3,3824096,3917891=",0.78940415
http://www.soymusicaycultura.com/noticias/lista-edicion-18-del-festival-de-las-almas,0.7893746
http://www.valtellinarte.it/bigfoto.asp?idf=722,0.78932905
http://arteterapiamariorobles.com/tag/ataque-epileptico,0.7892993
http://www.meteowebcam.eu/0/meteo-Campo+Calabro.html,0.78924155
http://www.chieracostui.com/costui/docs/search/schedaoltre.asp?ID=26530,0.7891846
http://www.teleborsa.it/Video/2021/01/14/dirigenti-scolastici-udir-presenta-i-suoi-candidati-per-il-csp-dopo-tanti-successi-7.html,0.7890888
http://www.ristrutturazionicompleteroma.it/impresa-edile-maccarese,0.7890785
http://www.centroabruzzonews.com/2020/08/salgono-40-i-casi-positivi-in-valle.html,0.7890661
http://www.requot.com/valutazione/Magazzino/Alba.html,0.78903174
http://poesia.blog.rainews.it/tag/xhafa,0.788777
http://www.altaspulsaciones.com/tag/newcastle,0.7887508
http://www.vivilavaldorcia.it/monteleone-dorvieto-2,0.78871197
http://www.peacelink.it/editoriale/a/47536.html,0.7882105
http://blog.futbologia.org/2012/06/sforbiciate-di-fabrizio-gabrielli,0.78787535
http://mundoclasico.com/articulo/33684/Vidas-de-santos-Beethoven-un-retrato-vien%C3%A9s,0.78775764
http://www.gentedelpuerto.com/2018/08/19/3-710-javier-alonso-osborne-publica-su-novela-tragicas-apariencias,0.78770316
http://ns.academiadelcinema.net/ca/politica-de-cookies,0.7876375
http://comune.rovigo.it/web/rovigo/vivere/eventi?contentArea=_Rovigo_eventi_Body2_&count=60&ente=Rovigo&enteAggregante=Rovigo&enteName=Rovigo&event=false&event-data=17/6/2019&event-ente=Rovigo&event-new-category=Qualsiasi&event-ordertype=desc&event-stato=dataSingola&fontStyle=medio&guest=true&lang=it&language=it&modalitaAggregazione=nessunaAggregazione&orderby=rve%3Atitolo-multicanalita&p_p_id=ALFRESCO_MYPORTAL_CONTENT_PROXY_WAR_myportalportlet_INSTANCE_l6Hb&p_p_lifecycle=1&p_p_mode=view&p_p_state=normal&scheda=Vivere/Eventi&seoParameters=false&subpath=false&targetArea=Body1&targetPage=vivere-interna&template=/regioneveneto/myportal/eventi-tabella-list&ticket=TICKET_6f52001a67b591d67e7e15f99ed130ec036e99dc&typelist=rve%3Ascheda-eventi&varnish_ente=rovigo,0.7875443
http://comune.rovigo.it/web/rovigo/vivere/eventi?contentArea=_Rovigo_eventi_Body2_&count=60&ente=Rovigo&enteAggregante=Rovigo&enteName=Rovigo&event=false&event-data=3/7/2018&event-ente=Rovigo&event-new-category=Qualsiasi&event-ordertype=asc&event-stato=dataSingola&fontStyle=piccolo&graphicStyle=alternativo&guest=true&lang=it&language=it&modalitaAggregazione=nessunaAggregazione&orderby=rve%3Adata-fine-evento&p_p_id=ALFRESCO_MYPORTAL_CONTENT_PROXY_WAR_myportalportlet_INSTANCE_l6Hb&p_p_lifecycle=1&p_p_mode=view&p_p_state=normal&scheda=Vivere/Eventi&seoParameters=false&subpath=false&targetArea=Body1&targetPage=vivere-interna&template=/regioneveneto/myportal/eventi-tabella-list&ticket=TICKET_ad6169b5c3ce5bf7ed4c60a2cc624b864437baff&typelist=rve%3Ascheda-eventi&varnish_ente=rovigo,0.7875443
http://www.arsmeteo.org/arsmeteo/main.php?id_page=navtag&idtag=5779&page=fe_std&sezione_fe=sezione1,0.78752875
http://www.gastronomodigital.es/tag/glutamato,0.7874574
http://coltucsiasociatii.ro/tag/acte-necesare-infiintare-firma-srl,0.78736305
http://ceipnertobriga.es/equipos/equipo-3-4,0.78735346
http://ofertita.es/mejores-ofertas/juegos-de-maletas-ocu,0.787315
http://suenosdelarazon.com/2008/08/01/la-vista-desde-mi-pc,0.7872769
http://opinionesespana.es/comprar-online/myprotein-opiniones-reviews,0.78701013
http://www.co24.com.co/deportes/2020/9/21/hay-nuevo-lider-en-la-liga-betplay-254.html,0.78692114
http://baballa.com/2016/07/19/un-hostel-en-oporto-un-restaurante-y-un-bar,0.7864699
http://volodia.es/tag/volodia-teatro-juan-gomez-cornejo,0.7864236
http://www.visionovni.com.ar/archivos/category/seres-y-abducciones,0.78624785
http://dicasportugal.com/roteiro-porto-5-dias,0.7862046
http://inaee.org/dbc/198248/370138/Encuentros-y-trabajos-de-la-Juventud-de-Suiza-con-la-Juventud-del-Norte-de-Espana,0.7861489
http://www.segredodasorquideas.com/2020/02/trouxinha-de-adubo-himitsu-para.html,0.7861427
http://delitodeopiniao.blogs.sapo.pt/a-guine-equatorial-na-cplp-6544792?replyto=53820312,0.7860812
http://www.todalamusica.es/video-y-fotografias-de-la-actuacion-de-juan-diego-florez-en-el-auditorio-de-peralada,0.78603196
http://www.nazioneindiana.com/2013/02/24/35-e,0.78580296
http://revistajaraysedal.es/caza-ciervo-falla-tres-veces,0.785523
http://usidegarajiasi.ro/porti-in-consola-popricani,0.78550106
http://sevillapedia.wikanda.es/wiki/El_Saucejo,0.78518885
http://sincroguia-tv.expansion.com/peliculas/suenos-de-oro--cLp-SPA,0.7851873
http://www.ilgiornale.it/news/l-edizione-numero-38-festa-dell-uva.html,0.78474337
http://www.caminhos.info/inicio/comissao-de-honra-2016,0.7847111
http://www.autoinforme.com.br/inflacao-do-carro-fecha-semestre-com-alta-de-118?replytocom=1000185,0.78466904
http://www.autoinforme.com.br/inflacao-do-carro-fecha-semestre-com-alta-de-118?replytocom=516374,0.78466904
http://politicaysociedad.com/index.php/2009/06/11/luis-alberto-mendieta-el-proyecto-singapur-ultima-parte,0.78463304
http://www.horitzo.eu/ca/category/contingut/activitats/page/5,0.7845253
http://deporteolimpico.net/boxeo?amp=1,0.78449345
http://www.devoradoradelibros.com/2015/02/verde-agua-marisa-madieri.html?showComment=1423486151996,0.78446066
http://www.lexml.gov.br/urn/urn:lex:br:rede.virtual.bibliotecas:artigo.revista:2018;1001133675,0.7844198
http://www.aniene.net/modules.php?name=News&pagenum=842,0.7843346
http://www.my-personaltrainer.it/farmaci-malattie/farmaci-claudicatio-intermittens.html,0.7841469
http://ilrustico.com/it/ARREDO-BAGNO-CUCINA/LAVELLI-IN-CERAMICA/Lavello-in-Ceramica-45-p871c18c188.html,0.78400457
http://telademoda.com/moda/las-pajaritas-de-the-bow-club-en-la-tienda-online-triitme,0.78385043
http://josancaballero.news/2010/06/10/pequena-serenata-nocturna-de-un-poeta-cubano-a-un-furibundo-y-malgastado-trovador-burgues?_wpnonce=bdc6dda94c&like_comment=8875&replytocom=8855,0.78379965
http://josancaballero.news/2010/06/10/pequena-serenata-nocturna-de-un-poeta-cubano-a-un-furibundo-y-malgastado-trovador-burgues?_wpnonce=bdc6dda94c&like_comment=8875&replytocom=8854,0.78379965
http://www.dobermanndicasagaia.com/dobermann/monet,0.7837827
http://www.culturaclasica.com?q=node/4146,0.7837337
http://www.librinews.it/varie/libri-risorgimento,0.78371406
http://noticias.canal1.com.co/nacional/eeuu-deportaria-salvatore-mancuso-italia-4-septiembre,0.78323275
http://www.pietrigrandeguerra.it/voci-e-volti-dal-fronte-2/affondamenti-navi-grande-guerra-2?replytocom=278353,0.7831447
http://juanmalcala.es/calpe/la-luna-de-calpe,0.78291154
http://www.sgomberi.roma.it/sgomberi-montorio-romano,0.7828722
http://www.nikkeymarilia.com.br/site/p_detalhe_artigo.asp?codigo=1024,0.782686
http://venezuelatina.com/2010/07/26/c-est-l-ete-eh-bien-chantez-maintenant,0.7825953
http://westminsterhoy.wordpress.com/tag/familia,0.7824371
http://www.cadenainformativa.net/2018/05/fallece-carlos-jorquera-ex-secretario.html,0.7824061
http://www.pagina12.com.ar/diario/suplementos/cash/39-5752-2012-01-22.html,0.7821181
http://www.revistaad.es/arquitectura/articulos/autentica-casa-flores-madrid/21186,0.7818722
http://www.lenuovemadeleine.com/gianni-o-della-verita,0.7818701
http://simplemente.home.blog/2020/03/05/el-aparato-represivo-contra-las-personas-migrantes,0.7815981
http://www.tanogabo.it/larcangelo-michele?share=custom-1610819538,0.7812385
http://orastellata.blogspot.com/2011/12,0.7811903
http://www.panoramalavrense.com.br/2019/04/saude-roteiro-da-campanha-de-vacina-da.html,0.78110445
http://atalaya.blogalia.com/historias/59884,0.7810223
http://m.my-personaltrainer.it/salute-benessere/bronchite-acuta.html,0.7808306
http://chesssifa.altervista.org/robe/su/bluesss,0.78055894
http://www.redespoder.com/destacadas/palabras-palabras-palabras,0.78037554
http://www.arredimurali.it/shop/adesivi-murali-frase-oscar-wilde-decorazione-da-parete,0.78035736
http://pirette.com,0.78029656
http://manuitifaaora.com/toutes-ressources/citations/512-rabindranath-tagore,0.7798636
http://cluedoenvivo.es/cluedo-en-vivo-tipos-de-asesino,0.77974975
http://www.atrio.org/2012/04/repensar-la-resurreccion?replytocom=55071,0.77973914
http://fdbooks.org/autopubblicazione/authors/roberto-ardigo,0.7793454
http://www.iemadrid.es?p=129,0.7787949
http://www.cki.altervista.org/pagina-834419.html,0.7785817
http://jepibo.wordpress.com/2010/08,0.77816033
http://data.cervantesvirtual.com/person/19418,0.77801895
http://www.informazionimarittime.com/post/il-porto-di-taranto-protagonista-della-via-della-seta,0.777745
http://www.leyendo-vuelo.com/2012/10/la-dama-de-las-camelias.html,0.777454
http://julianvlad.blog/tag/esercito-romano,0.7772676
http://www.ilgiornale.it/news/aveva-detto-essere-vergine-non-sposo-pi.html,0.7770643
http://www.biendealtura.com/itinerario-1-de-penas-negras-explotaciones-mineras-y-nucleos-de-poblacion,0.77648664
http://www.ilgiornale.it/news/politica/vauro-choc-contro-meloni-ti-metterei-nuda-caserma-1115084.html,0.77584994
http://www.serramentiinpvcprovinciadimilano.it/motorizzazione-tapparelle-porta-monforte-milano,0.77562577
http://www.assistenzacaldaie.biz/assistenza-caldaie-citta-studi-milano,0.7755549
http://laverdadofende.blog/2019/12/23/el-oro-y-la-plata-de-america-que-se-quedo-en-america-el-80-aproximadamente?_wpnonce=72c758ed2a&like_comment=52557,0.7753785
http://tabatingaecoturismo.blogspot.com,0.775364
http://www.jardipartage.fr/paulownia-tomentosa,0.77511
http://www.ilgiornale.it/news/mondo/usa-lultima-mossa-trump-fa-fuori-ministro-giustizia-1598666.html,0.77484536
http://carlosdmesa.com/biblio-videografia?replytocom=7993,0.7747331
http://www.panoramalavrense.com.br/2014/05/lavras-do-sul-no-brasil-e-no-mundo_18.html,0.7746053
http://www.centrometeo.com/meteo/Arzago%20D'Adda,0.7745763
http://miguelarino.com/2014/06/19/democracia?replytocom=69467,0.7745166
http://www.celaontinyent.es/escuela-de-escalada-alcalali-alicante,0.774053
http://www.mywomen.ch/it/servizi/donne,0.7739987
http://www.ilgiornale.it/news/quei-parametri-sono-inventati-visco-vuole-soltanto.html,0.7739903
http://www.nuevogourmet.com/tag/azafran-de-la-mancha-dop,0.7739425
http://www.guidastudentipadova.it/fiera-delle-parole-2017-ad-abano-terme,0.77382797
http://www.radiocoop.it/fantasia-pura-italiana-istruzioni-per-un-viaggio-scomodo,0.7736796
http://voragine.net/link/datos-patrocinados-y-neutralidad-de-la-red,0.7735047
http://ideeviaggi.zingarate.com/come-e-cosa-vedere-ad-hermanus-96698.html,0.7734413
http://vincenzo.me/category/giovani,0.7732332
http://www.comicat.cat/2017/02/es-presenta-josep-maria-bea-el-hombre.html,0.7730226
http://suenosdelarazon.com/2007/12/10/consultolabia/comment-page-1?replytocom=881,0.7726964
http://noticias.canal1.com.co/nacional/ensayo-tratamiento-pacientes-covid-19-arroja-positivos-resultados,0.77268934
http://oslibrosdeanxelcasal.blogspot.com/2014/04,0.77260303
http://www.smaltimentoamiantoroma.info/costo-smaltimento-amianto-castel-fusano,0.77253044
http://tirgumures.ro/index.php?id=8194&lang=ro&option=com_content&view=article,0.7724798
http://www.streetdir.it/IT/Sicilia/Agrigento/Joppolo-Giancaxio,0.77246714
http://carloselescritor.wordpress.com,0.7724374
http://zon.it/parma-juventus-ronaldo-tabellino,0.77237797
http://www.iea.usp.br/pessoas/pasta-pessoag/giselle-beiguelman,0.772359
http://www.ristrutturazionebagno-roma.it/ristrutturazione-bagno-tuscolana,0.772238
http://rodamots.cat/tros,0.7717781
http://www.radiocoop.it/vallanzaska-quando-e-gatta,0.7715164
http://www.assistenzacaldaie.biz/assistenza-caldaie-vaillant-varedo,0.77151334
http://culturalamplaries.eu/toros-y-caballos-en-segorbe,0.77132076
http://vilque.com/tag/camaron,0.77102304
http://www.urbanismo.com/arquitecturayurbanismo/el-ex-alcalde-del-pp-de-alcorcon-denunciado-por-delito-urbanistico-el-paiscom-espana,0.7708707
http://forum.freeplaying.it/index.php?topic=2514.0,0.7708638
http://www.orchids.it/tag/help,0.7708507
http://caffebook.it/2018/11/21/elisa-leonida-zamfirescu-una-pioniera-dellingegneria,0.77079594
http://termene.ro/firma/39116567-PADI-BOREM-SRL,0.77070874
http://www.wikizero.com/it/Monterosa_Ski,0.7705348
http://truncare.myblog.it/2011/06,0.77049077
http://cupavoliera.wordpress.com/tag/dungeon-crawling,0.7704039
http://www.asunciondecantillana.es/component/jevents/year.listevents/2020/08/09/-,0.7702511
http://www.blogdofutebol.com.br/jogadores/2013/05/melhores-estrangeiros-do-futebol-brasileiro,0.7699419
http://noticiasbancarias.com/economia-y-finanzas/02/05/2014/los-extranjeros-acaparan-el-1115-de-la-compraventa-de-viviendas/61151.html,0.76982075
http://www.lesbosfera.com/sexualidad/divorcio-entre-mujeres-lesbianas-lgbt,0.76977
http://www.observatordetimis.ro/tag/sectie-de-urologie,0.76957726
http://www.albertsampietro.com/category/margudgued,0.7694269
http://www.romeninitalia.com/2015/11/perche-mi-chiami-rom-se-sono-romeno-le.html,0.7693381
http://www.inmeteo.net/2012/05/10/forte-peggioramento-al-centro-nord-fra-sabato-e-domenica,0.7692946
http://etspanolpdf.mypressonline.com/js/B00974ABB8-Tu-rostro-manana-Javier-Marias-ebook,0.76927423
http://www.elencobrasileiro.com/2016/12/marilu-bueno.html,0.76912254
http://lacienciaysusdemonios.com/2011/11/09/inexactitudes-periodisticas-el-asteroide-que-roza-la-atmosfera?_wpnonce=31ca7eb5ba&like_comment=54008,0.7690396
http://www.uberbin.net/archivos/minipost/aprils-fools-o-el-dia-de-los-inocentes-usa-style.php,0.7690166
http://www.flipada.com/francisco-ibanez-princesa-de-asturias,0.76891595
http://www.infissiinpvc.roma.it/infissi-in-alluminio-colli-albani,0.76884407
http://trytv.me/23-modo-piu-veloce-servire-roselline-di-pasta-frolla-con-mele-e-crema-pasticcera-buonissimo,0.76825863
http://mfls.blogs.sapo.pt/tag/porto,0.76793134
http://scriptoriumav.wordpress.com/tag/antifascismo,0.7675624
http://www.sexpaintings.net/2020/03/benouville-lira-di-achille.html,0.7674635
http://cabarna.blogia.com/2012/040801-el-imserso-en-el-hotel-indalo-de-mojacar-amparo-y-refugio-del-reino-de-granada.php,0.76722056
http://www.softcatala.org/diccionari-multilingue/paraula/vorticitat,0.76721966
http://www.gentedelpuerto.com/2016/01/04,0.76713574
http://farefilm.it/recensioni/otac-father-padre-sentimento-famigliare-contro-cinica-burocrazia-10999,0.7669869
http://www.stresseansia.it/novita.php?IdNews=76,0.76690173
http://www.giovanninacci.net/blog/proemio,0.7666564
http://www.elblogdelacomunicaciondigital.com/pt/944,0.76629543
http://www.attacchidipanicomilano.com/attacchi-di-panico-cura-definitiva-gratosoglio-milano,0.76626
http://www.lexml.gov.br/urn/urn:lex:br:rede.virtual.bibliotecas:artigo.revista:2011;1000965411,0.7662035
http://www.raulsimoncini.net/tag/resistencia-a-antibioticos,0.7659935
http://pinceladasderosas.es/tag/arpilleras,0.76592976
http://www.my-personaltrainer.it/salute-benessere/palato-duro-palato-molle.html,0.765743
http://www.net-maquettes.com/es/pictures/st-aerospace-a-4su-super-skyhawk,0.76555955
http://oggiscienza.it/2010/10/27/settimana-dellopen-access,0.76551026
http://www.blogdejoseplluesma.com/2019/01/el-martillo-de-las-brujas.html,0.76548374
http://www.sexpaintings.net/2020/05/thumann-le-parche.html,0.76547945
http://stefanopetrivelli.blogspot.com/2010/10,0.765463
http://deltoroalinfinito.blogspot.com/2012/06/cesar-giron-el-26-de-junio-de-1971-hace.html,0.76531297
http://blogs.20minutos.es/efemerides/tag/lucio-costa,0.76519126
http://unatemporadaenelinfierno.net/2009/02/24/la-joven-entre-sus-papeles?replytocom=60830,0.7651441
http://www.ristrutturazionicompleteroma.it/impresa-edile-don-bosco,0.7649686
http://forespoesiaimusica.wordpress.com/tag/marcel-marimon,0.76496685
http://lw1360950204511e7149.provisorio.ws/noticias/read.php?id=9727,0.7648578
http://www.quimica.es/enciclopedia/Pirolusita.html,0.7647716
http://www.serraturacilindroeuropeo.it/serratura-cilindro-europeo-prezzo-via-rubens-milano,0.764709
http://urubici-sc.com.br/resultado-do-jogo-do-bicho-das-21-horas-de-hoje-13-07-2020,0.76470476
http://www.ristrutturare-casa-milano.com/ristrutturare-casa-consigli-san-giuliano-milanese,0.764514
http://www.alessandriascout.it/joomla2,0.76445764
http://poetella.wordpress.com/category/bellezza-che-salva,0.7644135
http://www.romeninitalia.com/2008/12,0.76435345
http://newikis.com/pt/Wikip%C3%A9dia:Efem%C3%A9rides/25_de_fevereiro,0.76426476
http://www.museosdemequinenza.com/ca/el-albergue-municipal-cami-de-sirga-de-mequinenza-dispone-de-una-nueva-cocina-office,0.7641125
http://prendasgourmet.pt/prendas-personalizadas,0.764077
http://softwarelivre.org/contra-ai-5-digital,0.76401746
http://alejandraleon.com/2020/02/26/40-dias-_-significado-de-la-cuarentena,0.7638489
http://dicasdozebio.com/2013/10/10/1358?replytocom=5514,0.7628147
http://sincroguia-tv.expansion.com/peliculas/el-reinado-del-terror--fmz-SPA,0.7627439
http://iniciativadebate.org/2013/04/10/diferencia-entre-voto-en-blanco-nulo-y-abstencion?replytocom=26924,0.76224864
http://liedenasanguesabotanica.blogspot.com/2015/07,0.76123524
http://alemguadiana.blogs.sapo.pt/imagens-das-lusofonias-2015-182030,0.7610173
http://tombo.pt/f/cbr12,0.76094127
http://www.sviluppocultura.com/2013/03/stazione-museo-di-porto-empedocle.html,0.76089036
http://pinkpanzeryorch.wordpress.com/category/humor,0.76079196
http://elpratesmou.blogspot.com/p/material-per-manis.html,0.7604931
http://nochederonda.com,0.76027584
http://www.herreracasado.com/2016/07,0.76020586
http://it.besoccer.com/giocatore/rafinha,0.76019514
http://www.istitutobartolo.it/index3.php?id=2662&page=hom3&tabella=circolari,0.7601065
http://www.iglegon.es/blog/c4516-general.html,0.7599802
http://etspanolpdf.mypressonline.com/js/B07K6WBZDB-Guia-para-cuidado-los-canarios-ebook,0.7598802
http://m.my-personaltrainer.it/salute-benessere/meningococco-c.html,0.75985587
http://www.formulaviolao.com/curso-de-canto-online,0.75966984
http://www.spurghi-milano.net/spurgo-fognature-via-canonica-milano,0.75943565
http://bigwall.it/prodotti-bigwall/campeggiotempo-libero/materassini,0.7592896
http://coltucsiasociatii.ro/tag/nerambursabile,0.75910914
http://www.centrometeo.com/meteo/Chiusdino,0.7590732
http://www.smaltimentoamiantoroma.info/amianto-da-smaltire-fiano-romano,0.7590668
http://ainarafloristas.com/producto/centro-de-orquideas-mellizos,0.7590268
http://www.ristrutturazioniediliroma.com/ristrutturazione-casal-bernocchi,0.7589513
http://ceicunoi.wordpress.com/tag/atributii-de-serviciu,0.75887847
http://www.assistenzariparazioniscaldabagnimilano.it/offerta-scaldabagno-piazza-firenze-milano,0.7581211
http://www.stadiotardini.it/tag/parlamentare,0.7580744
http://oggiscienza.it/2012/12/05/la-protease-dellhiv-lenzima-che-taglia-se-stesso?msg=fail&shared=email,0.757993
http://www.crumelus.com/wp/2008/01,0.75776756
http://plazatomada.pe/hugo-blanco-tierra-o-muerte-2,0.7574016
http://kadiavsd.com/2014/02/01/csi-concurs-si-investigatii-solutii,0.7573464
http://anarchosyndikalismus.blogsport.de/2018/10/18/argentinien-arbeitermacht-statt-buerokratie-herrschaft,0.7568536
http://www.cirugiapie.com/blog/tratamiento-de-la-inestabilidad-cronica-de-tobillo,0.75669944
http://www.vesperadenada.org/2011/08/23/membros-de-vespera-de-nada-contestan-ao-ateneu-proletario-galego-a-conta-do-decrecemento,0.756554
http://noticias.canal1.com.co/nacional/investigan-intoxicacion-diputado-venezolano-asistente,0.75649714
"http://www.nevasport.com/phorum/read.php?95,3782286,4019461=",0.7563802
http://madriztaldiacomohoy.org/2019/03/05/5-de-marzo,0.7561395
http://les-enfants-du-cinoche.blog4ever.com/le-voleur-de-bicyclette,0.7559953
http://www.xn--peasenderistaestoseempina-9nc.com/2017/12/villamalur-gr-36-torralba-del-pinar-vgn.html,0.7559383
"http://www.nevasport.com/phorum/read.php?11,3863716,3910022,quote=1",0.755911
http://www.comicat.cat/2015/04/xiulit-una-nova-revista-per-infants.html,0.75580823
http://www.brunolussato.com/plugin/tag/riches,0.75562537
http://www.colegiogarcialorca.com/p/planes-y-proyectos.html,0.7554982
http://www.my-personaltrainer.it/Tv/Destinazione-Benessere/Salute/Fuoco_sant_antonio.html,0.75540054
http://www.ilgiornale.it/news/l-udeur-sdi-no-pannella.html,0.75538146
http://www.aulasdaminhavida.com.br/2013/04/tarefa-de-religiao-em-grupo-professor_14.html,0.7553445
http://www.burbuja.info/inmobiliaria/threads/por-que-ayn-randiano2-es-el-monstruo-que-es-explicado-por-el-mismo-experimentos-asch-miligram-patos-lorenz-cruce-psicologia-de-masas-e-individual.1490942,0.75515145
http://donnavagabonda.com/2019/06/08/il-museo-di-giugno-il-museo-di-castelvecchio,0.7549703
http://www.tuexpertomovil.com/2010/12/16/enrique-morente-en-ovi-nokia-descarga-las-canciones-del-maestro-enrique-morente,0.7548147
http://www.basozaina.com/2013/02/barrokoa.html,0.7545172
http://usidegarajiasi.ro/automatizari-porti-batante-cogeasca,0.75444746
http://www.teleborsa.it/News/2021/01/05/coronavirus-anche-oggi-resta-alto-il-numero-di-decessi-1_TLS.html,0.7543005
http://laformateca.com/2018/11/23/100-mots-pour-le-delf-atteindre,0.75404286
http://verbiclara.wordpress.com/2013/05/31,0.75391304
http://urubici-sc.com.br/resultado-do-jogo-do-bicho-das-14-horas-de-hoje-21-01-2021,0.75389236
http://cubanosporelmundo.com/2021/02/18/robar-casa-cubano-miami-sorpresa,0.7538737
http://climagroup.info/assistenza-caldaie-vaillant-fonte-ostiense,0.75372446
http://www.gutierrez.pro.br/tag/facebook,0.75368685
http://blocs.xtec.cat/crpesplugues/2015/04/07/4299,0.7536639
http://www.tuttafirenze.it/citarsi-ad-osso-woody-allen-non-esiste?doing_wp_cron=1614903317.3678820133209228515625,0.75361806
http://libroestilodevidasaludable.com/el-acido-alfa-lipoico-para-que-sirve,0.7535012
http://www.perlimpinpin.fr/parcours/chemins-et-sentiers/les-serres-d-oupia,0.7533211
http://piasweethome.com/2016/12/14/la-gesta-de-la-primera-expedicion-al-polo-sur,0.75314337
http://ceipsanbernardo.com/2011/02/13,0.75303787
http://www.helium-24.com/2015/01,0.75281775
http://www.mx24.com.mx/entretenimiento/2020/9/20/empece-llorar-la-confesion-de-carlos-villagran-sobre-ramon-valdes-252.html,0.75217533
http://julianvlad.blog/tag/domenico-quirico,0.75194603
http://julianvlad.blog/tag/tao-okamoto,0.7518845
http://www.ziarulmetropolis.ro/a-aparut-trailerul-filmului-maria-magdalena-cu-joaquin-phoenix-si-rooney-mara?next=29/?next%3D31/?next%3D30/?next%3D22/?next%3D20/?next%3D10/?next%3D5/,0.7516915
http://www.ristrutturazioneappartamentimilano.eu/rifacimento-appartamento-melzo,0.7513815
http://www.diaridesabadell.com/2018/12/19/edicio-genetica-a-linstitut-per-comprendre-el-metode-cientific,0.75134444
http://www.feste-18anniroma.it/festa-18-in-villa-metro-torre-angela,0.7512982
http://www.recorrido.cl/es/bus/loncura/llay-llay,0.751261
http://moda-masculina.blogs.sapo.pt/54611.html?mode=reply,0.750818
http://www.co24.com.co/deportes/2021/2/13/se-viene-un-partidazo-manchester-city-buscara-ampliar-su-ventaja-ante-tottenham-9312.html,0.75072575
http://emmaboshi.net/blog/videocracy,0.7506151
http://www.konkurs.ro/concurs/Castiga-3-invitatii-de-o-persoana-la-Noisia-pe-23-Mai-la-Arenele-Romane-3599.html,0.75054944
http://www.cruzeirostravel.com.br/cruzeiro/oceania-nautica-13-outubro-2021-10-noites.html,0.75022733
http://prontointervento365.com/elettricista-cascina-rosina-mi,0.75017095
http://www.konkurs.ro/concurs/Castiga-o-invitatie-la-conferinta-Allan-Pease-oferita-de-Amphitrion-sau-unul-dintre-cele-3-bestsellere-1375.html,0.7496357
http://climagroup.info/tecnico-caldaie-ardeatino,0.74943423
http://toyoutome.es/blog/la-expresion-mas-artistica-del-gif/28239,0.74936104
http://www.onstageweb.com/recensione-concerto/stereophonics-suede-roma-11-luglio-2016-recensione,0.7492494
http://calendario-septiembre.com/alain2612/2015,0.74916637
http://lucarota.com/tag/andermatt,0.74884975
http://www.educacaocaninars.com.br/curso-para-adestrador-de-caes/curso-de-adestramento-de-caes-itapemirim-es.html,0.7487012
http://www.ariasottile.net/component/k2/479?Itemid=72,0.7486794
http://www.badtaste.it/tv/articoli/euphoria-il-messaggio-di-hunter-schafer-alluscita-del-secondo-episodio-speciale,0.74812126
http://www.purotip.com/2017/01/ganadores-de-los-premios-globos-de-oro.html,0.74799705
http://www.museodelprado.es/coleccion/obra-de-arte/incendio-en-la-cartuja-de-praga-y-persecucion-a/417382aa-dfc5-4ef8-9663-b4dc71b0477c,0.74795234
http://www.comproevendodiamanti.it/acquisto-diamanti-locate-di-triulzi,0.7478492
http://www.emoe.it/grafica-per-sito-web,0.7478334
http://poesia.blog.rainews.it/2020/04/07,0.7474649
http://telecos.upc.edu/ca/shared/alumni,0.7472954
http://www.mapasruasestradas.com/argentina-/Buenos_Aires/El_Dorado,0.7471647
http://www.centrometeo.com/meteo/Borno,0.7469353
http://www.imbianchinomilano.eu/lavori-in-cartongesso-particolari-via-porpora-milano,0.7465716
http://bolboretaforest.com/para-aprender/el-gato/el-ojo-en-los-gatos,0.7463521
http://local.mx/ciudad-de-mexico/bombardiers,0.74623966
http://www.auxiliaresdelajusticia.net/2018/12/muy-feliz-ano-nuevo.html,0.74621356
http://www.attacchidipanicomilano.com/ipnosi-per-attacchi-di-panico-viale-monteceneri-milano,0.7461051
http://www.electronicaembajadores.com/pt/Productos/Detalle/RL31002/reles/reles-estado-solido/ssr-25da-rele-estado-solido-monofasico-25-a-24-380-vca-ativacao-com-corrente-continua,0.74599624
http://victoramela.com/2012/06/el-periodico-mediterraneo-biozapping-por-amparo-panadero,0.74599195
http://www.tuttotek.it/film-serie-tv/news-film-e-serie-tv/villeneuve-e-gyllenhaal-nuovo-progetto-in-arrivo,0.7459221
http://www.turismoenmadrid.com/el-rastro,0.7459131
http://www.mastoplasticaroma.it/mastoplastica-riduttiva-ottaviano,0.74567103
http://misscarbono.blogspot.com/2016/06/filme-invocacao-do-mal-2-resenha-review.html,0.7451441
http://www.mastoplasticaroma.it/mastoplastica-additiva-fregene,0.74480736
http://www.museosdemequinenza.com/mequinenza-apuesta-por-el-turismo-ornitologico-adecuando-una-zona-para-la-observacion-de-aves-en-el-aiguabarreig,0.7447187
http://etspanolpdf.mypressonline.com/js/844153974X-Diseno-digital-moda-Espacio,0.7446886
http://www.mdig.com.br/index.php?archive=2006-11&page=3,0.7446288
http://etspanolpdf.mypressonline.com/js/843709710X-Letras-Desde-Trinchera-Oberta-Manuel,0.7444651
http://www.brasilshopmix.com.br/papel-bobinex/papel-de-parede-adamascado-preto-relevos-bobinex,0.7443348
http://www.corrieredelconero.it/sport/loreto/nova-volley-loreto-serie-b-maschile-e-settore-giovanile?p=11295/,0.74397683
http://www.enlaradio.com.ar/noticias/gines-gonzalez-garcia-ingreso-a-un-sanatorio-para-realizarse-controles-medicos,0.74376756
http://www.makeatuvida.net,0.74373627
http://webinsider.com.br/restauracao-e-preservacao-no-cinema,0.74342084
http://clubweymarolivares.com/diez-reglas-para-padres-que-ven-jugar-al-futbol-a-sus-hijos,0.7432943
http://www.inmodimar.com/detail.php?id=136707&idi=it&op=,0.7430096
http://opulha.com.br?m=201511,0.74298203
http://latinaomnibus.pl/index.php?dzial=o_jezyku&opcja=historia,0.7421629
http://www.mastoplasticaroma.it/mastoplastica-additiva-prezzi-appia-nuova,0.7420182
http://intanxibles.com/somos,0.7417989
http://4cats.llull.cat/4cats/index.cfm,0.7417106
http://www.sgomberi-genova.it/sgombero-case-via-alberto-liri-genova,0.74165285
http://www.rosalio.it/2017/11/21/mobilitazione-per-salvare-castello-utveggio,0.74126667
http://tombo.pt/f/mbr12,0.74101794
http://noticias.canal1.com.co/bogota/contaminacion-dentro-buses-transmilenio-equivale-fumar-10-cigarrillos-diarios-estudio,0.7409625
http://poesia.blog.rainews.it/2013/06/22,0.7406386
http://www.konkurs.ro/concurs/Castiga-o-tastatura-flexibila-o-lampa-USB-sau-un-card-reader-5893.html,0.7405044
http://www.multiserviciosexpres.es/persianistas/arreglo-persianas-en-mora-d'ebre,0.74005663
http://blogs.ua.es/ilustradosalicante/page/3,0.74004424
http://www.diariomaritimo.com/pladesemapesga/nosotros/legal-cookies-ue/directiva-europea-de-privacidad,0.73965263
http://chicasdenudas.net/chicas-banandose-3,0.7394508
http://chusz.x10.bz/2012/09/15/velvet-goldmine,0.7393239
http://www.registratoredicassaroma.com/assistenza-registratori-di-cassa-piazza-cavour,0.73922557
http://www.limis.lt/detali-paieska/perziura/-/exhibit/preview/100000011085007?s_id=pgZqlzY4bEdOM5Th&s_ind=19&valuable_type=EKSPONATAS,0.73912585
http://www.franciscoalarcon.net/2020/11/la-causa-contra-maduro-en-la-haya.html,0.739095
http://m.my-personaltrainer.it/erboristeria/zenzero.html,0.73899084
http://www.observatordetimis.ro/2017/09/08/autostrada-pitesti-sibiu-si-legatura-pitesti-craiova-prioritati-ale-guvernului-spune-premierul-tudose,0.73881793
http://www.prontointerventofabbro.firenze.it/fabbro-san-romano-in-garfagnana,0.7387949
http://www.konkurs.ro/concurs/Castiga-un-iPhone-11-40460.html,0.73860455
http://www.focus.it/tecnologia/digital-life/copyright-e-direttiva-sul-diritto-autore-anche-wikipedia-protesta,0.7383796
http://www.alderidantas.com.br/2020/11/aprovacao-do-governo-bolsonaro-cai-em-7.html,0.73828804
http://contraperiodismomatrix.ning.com/profiles/profile/show?id=JuanSebastianMontoyaRengifo&xg_source=activity,0.7380456
http://2012profeciasmayasfindelmundo.wordpress.com/tag/lepra,0.7379327
http://www.tapparellista.eu/sostituzione-rullo-tapparella-forlanini-milano-2,0.7378889
http://infopresoterapia.com/masajeadores-liporeductores-en-la-rioja,0.73773134
http://www.museodelprado.es/coleccion/obra-de-arte/la-reina-ana-de-austria-cuarta-esposa-de-felipe-ii/5bc2e43e-9cc2-4948-91d7-9d9bfdd06e27,0.7375536
http://www.preventiviroma.com/pulizie-giulio-agricola,0.73735553
http://affrescodellalinguaitaliana.com/2019/07/01/michelangelo_merisi_detto-il-caravaggio,0.7372624
http://www.hullabaloo.be/industrie/cartiera-nolli,0.7370364
http://etspanolpdf.mypressonline.com/js/B07H4XCCJS-El-triunfo-democracia-Espana-Gonzalez-ebook,0.736837
http://depo.ba/clanak/204052/sda-ide-sredinom-i-mi-mirimo-nacionalno-i-gradansko-imamo-podrsku-tihe-vecine-tako-ce-biti-i-u-novembru,0.7363702
http://it.cathopedia.org/wiki/Diocesi_di_Vigevano,0.7355635
http://tudoparahomens.com.br/americano-cria-lista-de-motivos-pelos-quais-odiou-ter-morado-no-brasil?replytocom=19523,0.7352699
http://www.preventiviroma.com/edilizia-ladispoli,0.7352684
http://gis.19327.n8.nabble.com/Standardizzazione-toponimi-bilingui-della-Sardegna-ed-adattamento-al-modello-altoadesino-td5781816.html,0.73524404
http://mejor7.es/canasta-de-fieltro,0.735235
http://peritojudicialonline.com/perito-en-riesgos-diversos,0.73519754
http://www.rusadas.com/2012/03/monumento-pedro-i-el-grande-version.html?showComment=1582215094340,0.73514104
http://drpianale.wordpress.com/category/viaggi-e-luoghi,0.7351196
http://www.rosalio.it/2020/02/25/coronavirus-scuole-chiuse-fino-a-lunedi,0.7347274
http://www.condizionatoriprezzi.it/detrazione-climatizzatori-metro-lucio-sestio,0.7341
http://vistabellaarxiumunicipal.com/2018/03/08/8-de-marc-dones-de-carrasca,0.7339827
http://www.ambientebio.it/alimentazione-biologica/tutto-sul-mango-le-proprieta-tutte-le-varieta-e-il-made-in-italy,0.7339122
http://calidoscopivives.blogspot.com/2020/02,0.7337816
http://www.bendrost.nl/digitale-en-grafische-vaktermen-overzicht-k,0.73362815
http://www.mastoplasticaroma.it/mastoplastica-riduttiva-farnesina,0.73281854
http://www.yentelman.com/tag/vocabulario-vocabulary,0.7323898
http://carloscarreter.com/tag/cancion-de-hielo-y-fuego,0.73207426
http://marcoguoli.com/nuevo-calendario-argentina-2014,0.7318285
http://bottinellipropiedades.cl/property/4-dormitorios-san-alfonso-del-mar,0.7311915
http://www.fontanelle.org/galleria.aspx?idg=UTlnQmv5iw0xYz&idp=_4UjqDjVy74xYz,0.7311687
http://www.todoespacoonline.com/w/produto-etiqueta/camisetas-de-brasilidade?avia_extended_shop_select=yes&product_order=id&q=/w/produto-etiqueta/camisetas-de-brasilidade/,0.7310148
http://www.20minutes.fr/monde/syrie/1787375-20160215-guerre-syrie-turquie-joue-gros-bras,0.73098636
http://thesaurus.altervista.org/dict/it/attestare,0.73088473
http://blogs.20minutos.es/enguerra/tag/abu,0.7307794
http://blogs.20minutos.es/efemerides/tag/capilla-sixtina,0.7306589
http://www.mastoplasticaroma.it/mastoplastica-giardinetti,0.73035365
http://actualidadevangelica.es/index.php?Itemid=187&catid=33%3Ahumor&id=13094%3A2020-12-18-16-33-56&option=com_content&view=article,0.73022175
http://passione-roma.com/%E3%80%8E%E9%89%9B%E3%81%AE%E6%99%82%E4%BB%A3%E3%80%8F%E3%83%AD%E3%83%83%E3%82%B8%E3%83%A3p2-licio-gelli,0.729754
http://jalao.com/villa-en-juan-dolio-amueblada-con-220-m2,0.7295994
http://www.asunciondecantillana.es/component/jevents/week.listevents/2020/02/09/-,0.7295786
http://www.lamarihuana.com/agua-dura-agua-blanda-cultivo-cannabis,0.7293494
http://www.vesperadenada.org/2012/11/12/manuel-amigo-podem-decidir-usar-a-colonia-galega-para-a-producao-de-energia-sacrificando-terras-cultivaveis-e-comunitarias,0.72927487
http://lavaligiadellautore.com/tag/andrea-de-carlo,0.72925746
http://camyna.com/2011/11/07/foro-innovex-zaragoza-2011,0.72911763
http://reta-vortaro.de/revo/art/asturi.html,0.7284863
http://www.perumusica.org/2020/02/musicologia-amazonica.html,0.7282039
http://elrincondeafi.es/ingrediente/setas,0.7280003
http://lexicografia.blogspot.com/2012/09/diccionaris-no-verbals.html,0.727582
http://www.portalpanamericano.com.br/2015/08/blog-do-liberato-kiko-nogueira-o-ibope.html,0.72750807
http://etspanolpdf.mypressonline.com/js/8493704415-Valencians-contra-Filloxera-Joan-Martin,0.72740865
http://snowpiercer.it/convertibile,0.72736144
http://fatoagenda.com.br/tag/ugo-giorgetti,0.72734404
http://traces.uab.cat/record/77721?ln=ca,0.7267107
http://archive.biokontroll.hu/cms/events/month.calendar/2019/09/28/-,0.72651446
http://archive.biokontroll.hu/cms/en/events/day.listevents/2019/08/10/288,0.72651446
http://archive.biokontroll.hu/cms/en/events/day.listevents/2019/08/11/288,0.72651446
http://archive.biokontroll.hu/cms/en/events/day.listevents/2021/01/22/288,0.72651446
http://lunesoleil23.wordpress.com/2017/09/25,0.7262579
http://paulosena.wordpress.com/tag/sergio-rodrigues,0.7260301
http://nostalgiabajolaluna2.blogspot.com/2021_02_05_archive.html,0.7259419
http://data.cervantesvirtual.com/person/20407,0.72558075
http://www.bimbel-q.com/2018/04/08/guru-privat-datang-ke-rumah-di-bintaro,0.7250048
http://confrontationpills.altervista.org/confrontation-gioco-miniature,0.7247138
"http://sauwok.fecyt.es.roble.unizar.es/search~S1*spi?/c51 RES/c51 RES!c/-3,-1,0,E/frameset=&1,1,?save=b2002553&FF=c51+TUR%21c",0.72464997
http://www.credimarket.com/bancos/sucursales-bancarias/castellon-pr12/burriana-t10588,0.72431254
http://www.paradisola.it/spiagge-sardegna/nord/377-platamona-sorso,0.723776
http://icsbarano.edu.it/3355-2/archivio-cartelle/2011-2,0.723755
http://www.museodelprado.es/coleccion/obra-de-arte/diana-artemisa/47289e32-1ecc-4072-89d2-444feccd7923,0.7233995
http://beher.com/beher-apoya-la-emotiva-ii-gala-valores-del-deporte,0.7232555
http://blog.chadefita.com.br/melhores-filmes-de-comedia-brasileira,0.7232145
http://mosaicoslapasera.com/2012/09/18/mosaicos-artisticos-antonio-suarez,0.72302616
http://movieposterforever.com/produit/la-grande-paulette,0.7228888
http://www.1977magazine.com/the-weeknd-after-hours-recensione,0.7228147
http://discoclub.myblog.it/tag/nirvana,0.72267604
http://truncare.myblog.it/2014/06,0.72193867
http://serienytt.no/2021/02/sparkede-gina-carano-anklager-lucasfilm-for-a-vaere-del-av-en-totalitaer-mobb,0.721878
http://www.mastoplasticaroma.it/chirurgo-plastico-seno-torrenova,0.72179854
http://www.quarnamusica.it?lightbox=dataItem-js5wscbd2,0.7217169
http://outils.apocalx.com/date/2021-01-27,0.72149146
http://guiadecompra.digital/sandalia-de-cu%C3%B1a,0.7211645
http://iala.udc.es/2013/10/practica-06-humanismo.html,0.7209017
"http://www.nevasport.com/phorum/read.php?65,3646128,3665976=",0.7208972
http://ironia-scuole.blogspot.com/2011/05/2-bidelli-per-il-ministro-fioroni.html,0.72063863
http://www.assistenzacaldaieberetta.it/bollino-blu-caldaie-beretta-cinecitta-roma,0.72055125
http://eltalacomunicacionpopular.com/coronavirus-vergara-informo-cual-es-la-situacion-epidemiologica-de-la-rioja-sobre-covid-19,0.72014034
http://www.elencobrasileiro.com/2014/05/mussum.html,0.72006285
http://www.calivillalonga.com.ar/la-cigarra-en-una-5,0.7200378
"http://sauwok.fecyt.es.roble.unizar.es/search~S1*spi?/jA-T 4056/ja t 4056/-3,-1,0,B/frameset=&1,1,?save=b1526962&FF=ja+t+4056",0.7199042
http://thepalmamovie.com/lungometraggi/lequilibrista-con-la-stella,0.7195841
http://www.el-lobo-bobo.com/2010/10/girona-la-meva-ciutat-preferida-de.html,0.7194514
http://www.surfastur.es/amigos-de-surfastur/tom-carrol-by-surfastur,0.7193992
http://www.mihaelaanghel.com/2011/03/30/milarepa-eric-emmanuel-schmitt,0.71917605
http://www.amica.it/2019/11/24/emmanuelle-seigner-roman-polanski,0.71907115
http://www.ilgiornale.it/news/cronache/vandali-imbrattano-sede-fratelli-ditalia-ira-meloni-figli-1840814.html,0.718905
http://www.noseviuresenserock.com/2015/04/el-petit-princep.html,0.7187344
http://www.konkurs.ro/concursuri-terminate/983.html,0.71813
http://elaplata.com/la-actividad-economica-argentina-retrocede,0.7181183
http://www.formulanitro.com/interlagos-el-final-de-f1-se-acerca,0.718112
http://data.cervantesvirtual.com/person/30051,0.7180964
http://www.ilgiornale.it/news/bryan-adams-sbarca-mazda-palace.html,0.7180886
http://www.travel365.it/bari-quando-andare.htm,0.71799755
"http://www.nevasport.com/phorum/read.php?11,1763003,4233006=",0.717818
http://auto.cafetime.cz/2010/11,0.7177613
http://diariomaritimo.com/especiales/formacion?start=9,0.7171662
http://poesia.blog.rainews.it/tag/alan-friedman,0.71706605
http://jcgiraldo.com/2017/11/rafael-igual,0.7170253
http://www.saint-georges-sur-meuse.be/ma-commune/services-communaux/service-travaux,0.7163517
http://www.riparazionielettrodomesticimilano.com/riparazione-elettrodomestici-whirlpool-quartiere-torretta-milano,0.71632034
http://www.credimarket.com/bancos/sucursales-bancarias/castellon-pr12/onda-t1925,0.71605146
http://www.autonominfoservice.net/2019/10/29/libanon-folkeopr%C3%B8ret-bringer-regeringen-til-fald,0.7158977
http://comodeciaelbuenodejack.wordpress.com/tag/50-sombras-de-grey,0.71535456
http://elbiensentir.com/2013/03/18/se-como-tu-eres,0.7152822
http://www.en-ruta.es/especial-pinguinos-2014,0.7149124
http://www.badtaste.it/cinema/articoli/cinefex-chiude-dopo-40-anni-a-causa-della-pandemia-addio-alla-storica-rivista-dedicata-ai-vfx,0.71467066
http://aposta.com.br/jogo-responsavel-apostas-esportivas,0.71430254
http://www.elenciclopedista.com.ar/metodo-cientifico?xurl=https%3A//es.wikipedia.org/wiki/Medici%25C3%25B3n,0.7142829
http://www.olacefs.com/afiche-del-concurso-regional-sobre-buena-gobernanza/rhc-past-events/0,0.7140753
http://xromata.com?p=9415,0.7139361
http://www.itcattaneo.edu.it/Orario-lezioni-per-docenti.htm,0.7132798
http://www.sgomberi-genova.it/sgombero-case-via-bari-genova,0.712705
http://verbiclara.wordpress.com/tag/alvaro-sermeno,0.71260107
http://www.ansia.milano.it/ansia-brugherio,0.71235716
http://cacaoviz.com,0.7121041
http://cacaoviz.com?add_to_wishlist=41,0.7121041
"http://roble.unizar.es/search~S1*spi?/sMitos, ingenios y costumbres ;/smitos ingenios y costumbres/-3,-1,0,B/frameset=&1,1,=&FF=smneme+documenti+culture+storia+del+mediterraneo+e+delloriente+antico",0.7120668
"http://roble.unizar.es/search~S1*spi?/dPau -- Historia/dpau historia/-3,-1,0,B/frameset=&1,1,=&FF=dpaulejas+quintanilla+del+agua+burgos+restos+arqueologicos",0.7120668
"http://sauwok.fecyt.es.roble.unizar.es/search~S1*spi?/aGrimm, Alejandro, dir./agrimm alejandro dir/-3,-1,0,B/frameset=&3,,9=&FF=agrimmett+geoffrey",0.7120668
"http://roble.unizar.es/search~S1*spi?/aG{u00F3}mez Gonz{u00E1}lez, Mariano/agomez gonzalez mariano/-3,-1,0,B/frameset=&1,1,=&FF=agomez+gonzalez+maria+jose+coord",0.7120668
"http://roble.unizar.es/search~S1*spi?/aHoffman, Philip Seymour/ahoffman philip seymour/-3,-1,0,B/frameset=&1,1,=&FF=ahoffmann+elizalde+roberto",0.7120668
"http://sauwok.fecyt.es.roble.unizar.es/search~S1*spi?/aG{u00E1}lvez Morales, Nicanor/agalvez morales nicanor/-3,-1,0,B/frameset=&1,1,=&FF=agalvez+toledo+j",0.7120668
"http://roble.unizar.es/search~S1*spi?/aCebri{u00E1}n Herreros, Mariano/acebrian herreros mariano/-3,-1,0,B/frameset=&1,1,=&FF=acebrian+jose+ed+lit",0.7120668
"http://roble.unizar.es/search~S1*spi?/aMalumbres Logro{u00F1}o, Ricardo/amalumbres logron~ao ricardo/-3,-1,0,B/frameset=&1,1,=&FF=amaluquer+margalef+joan",0.7120668
http://www.bortugal.se/marknadsdag-i-cascais,0.7110407
http://terafis.es/que-es-la-dieta-cetonica-como-se-hace,0.7104242
http://m.actualitte.com/article/lecture-numerique/la-derniere-intelligence-artificielle-de-google-peut-comprendre-un-livre/98780,0.7103324
http://ecuador-decide.org/portfolio-item/infografia-educacion,0.7102288
http://enriquecervocabulario.wordpress.com/tag/adverbios-2,0.7096435
http://www.tudosobresintra.com/2013/05/amanha-portela-de-sintra-recebe.html,0.70960706
http://www.gspionierimarmilla.org/29-categoria-articoli/sport-atletica/2645-foto-gara-di-dolianova-cross-del-21-02-2021.html,0.7095534
http://navasparejo.wixsite.com/jnavasparejo/biografia,0.70935744
http://www.disinfezione.milano.it/igienizzazione-linate-milano,0.70932996
http://movimentfranjoli.blogspot.com/2014/01,0.7091993
http://tenisbrasil.uol.com.br/blogs/blogdotenis/index.php/2017/09/10/volta-por-cima?replytocom=144334,0.7091545
http://thesaurus.altervista.org/dict/es/aprieto,0.70869386
http://dictionnaire.sensagent.leparisien.fr/Nova_Scotia/tr-tr,0.70850384
http://www.olacefs.com/p13078,0.7084168
http://nuovocinemalocatelli.com/2010/12/24/film-stasera-tv-imperdibili-10-sabato-25-dicembre,0.7081063
http://nicoaandewandel.eu/143-2,0.7079179
http://www.mastoplasticaroma.it/mastoplastica-zone-adiacenti-metro-c,0.7075783
http://2012profeciasmayasfindelmundo.wordpress.com/tag/atlantida,0.70741254
http://snowpiercer.it/sottostrato-materasso,0.70739293
http://dictionnaire.sensagent.leparisien.fr/BROCCASSIMO/it-it,0.70739186
"http://roble.unizar.es/search~S1*spi?/jICMA 368/jicma  368/-3,-1,0,B/frameset=&1,1,=&FF=jicma++375",0.7071276
"http://roble.unizar.es/search~S1*spi?/jIM-Mm/Ecln 40/jim mm ecln   40/-3,-1,0,B/frameset=&1,1,=&FF=jim+mm+ed++++8+i",0.7071276
"http://sauwok.fecyt.es.roble.unizar.es/search~S1*spi?/jD16-1995/16/jd16 1995   16/-53,-1,0,E/frameset=&1,1,=&FF=jd16+1995++++7",0.7071276
"http://roble.unizar.es/search~S1*spi?/jPSI CAR Bio/jpsi car bio/-3,-1,0,B/frameset=&1,1,=&FF=jpsi+car+hac",0.7071276
"http://sauwok.fecyt.es.roble.unizar.es/search~S1*spi?/jDFIL 300/jdfil  300/-3,-1,0,B/frameset=&1,1,=&FF=jdfil++305",0.7071276
"http://roble.unizar.es/search~S1*spi?/aLebrero Mart{u00ED}nez, Enrique, pr./alebrero martinez enrique pr/-3,1,1,B/frameset=&1,1,?save=b1462447&FF=alebreton+claude",0.70673525
http://edclub24.com/tag/acquisto-viagra,0.70671535
http://www.giulianolenni.com/p/incarichi.html,0.706406
http://acacha.org/mediawiki/Exec,0.70619
http://www.ipernity.com/doc/pedroesperanto/5132990,0.7061322
"http://roble.unizar.es/search~S1*spi?/cLA 636 ZOO (2)zoo 2/cLA 636 ZOO !i(2)zoo 2!c/-3,-1,0,E/frameset=&1,1,=&FF=cLA+636%21e%3A33+INRA+ali%21o-3%21c",0.7059315
http://www.joseramonmartinez.com/2011/08/15,0.7059166
http://www.rottamazioneautoroma.com/autodemolizioni-tiburtino,0.7054476
http://www.bibliotecadisangavino.net/lo-scaffale/133-saggistica/3427-robot-fra-noi-le-creature-intelligenti-che-stiamo-per-costruire,0.70536184
"http://sauwok.fecyt.es.roble.unizar.es/search~S1*spi?/aWintz, Paul A./awintz paul a/-53,1,1,B/frameset=&1,1,=&FF=awinterthur",0.70495355
http://icsbarano.edu.it/tutti-a-bordo,0.70482326
http://www.caballerodentalclinic.com/odontologia-estetica/blanqueamiento,0.70475733
http://www.fototeca-gilardi.com/info,0.70459867
http://geconfidencial.blogspot.com/2021/01/el-fmi-apremia-guine-ecuatorial-que.html,0.7043811
http://www.demapasyrutas.com/brasil-/Acre/Brasileia,0.7043736
http://snowpiercer.it/pantaloni-da-pallavolo,0.70434964
http://enzocontini.blog/2012/11/25/frattura-biossea-tibia-e-perone-scomposta-della-gamba-istruzioni-per-luso?_wpnonce=0a1a1dd787&like_comment=20809,0.70396245
http://www.tahonajardines.com/category/sin-categoria,0.703129
http://odiariodeumet.wordpress.com/tag/mosquirix-package-insert,0.70281947
"http://sauwok.fecyt.es.roble.unizar.es/search~S3*spi?/aParada V{u00E1}zquez, Jos{u00E9} Ram{u00F3}n/aparada vazquez jose ramon/-3,-1,0,B/frameset=&1,1,=&FF=aparlamento+europeo+grupo+por+la+izquierda+unitaria+europea+ed",0.7027173
http://lesoufflecestmavie.unblog.fr/2012/11/27/le-professeur-maurice-tubiana-celui-qui-na-peur-de-rien-thierry-lamireau,0.70251846
http://ilmiogiocodelgolf.com/edizione-2015/mmagni1,0.70227385
http://es.fashion-for-future.com/post/moda-e-museus-o-palazzo-fortuny-em-veneza,0.7018769
http://www.adi-design.org/blog/il-design-parla-all-uomo.html,0.7018
http://ceccarvrancea.ro/ro/gdpr,0.70156574
http://www.gentedelpuerto.com/2018/08/15,0.70151556
http://chamanic.com/2018/01/10/cafe-para-todos-yuawi-en-el-infierno-de-dante,0.70147574
http://carmeespriu.com/products/rayon-marron-color-039,0.70123094
http://checklist.voyage/checklist-punta-cana-indispensables,0.70105356
http://jaenpedia.wikanda.es/wiki/Alonso_Suarez_de_la_Fuente_del_Sauce,0.70071566
http://www.soundsblog.it/post/3487/barry-louis-polisar-il-country-adolescenziale-per-juno,0.700714
http://linfotoutcourt.com/critique-peaky-blinders-saison-5,0.70025927
http://fiestacubana.net/2013/04/06/gozando-en-la-habana,0.7001592
http://noticias.canal1.com.co/noticias/patricia-linares-pide-a-senador-uribe-no-acudir-a-estrategias-de-desprestigio,0.7001429
http://catedrareyes.org/tag/25-de-junio-de-2014,0.70007706
http://mostbartl.wordpress.com/2019/06/09/unser-giro-ditalia,0.6998033
http://www.apidolomiti.com/sito/attivita/fiere/limana-paese-del-miele,0.69973624
http://mapio.net/wiki/Q999572-en,0.699423
"http://sauwok.fecyt.es.roble.unizar.es/search~S1*spi?/jMP 2-67 / B 2/jmp    2   67 b    2/-3,1,1,B/frameset=&1,1,=&FF=jmp++++2+++67+b+++53",0.69900465
"http://sauwok.fecyt.es.roble.unizar.es/search~S1*spi?/jDHUM 402/jdhum  402/-3,1,1,B/frameset=&1,1,=&FF=jdhum++397",0.69900465
http://www.teologiepentruazi.ro/2008/05/14/miro-downloader-ca-sa-downloadezi-continuu-filme-si-emisiuni-tv-din-sute-de-televiziuni-ale-lumii,0.6988214
http://www.infissiinlegnoroma.it/infissi-in-legno-litorale-romano,0.69846416
http://www.prototypia.gr/2020/06/blog-post_35.html,0.6984323
http://turbolangs.com/aprender-ingles-antiguo,0.69840026
http://oooh.events/evento/sergio-cammariere-roma-8-febbraio-2021-biglietti,0.6982744
http://www.fundacioncumlaude.com/en/empezar-2020-liberandonos,0.6981368
http://es-academic.com/dic.nsf/eswiki/1451266,0.69809353
"http://www.edizionidelbaldo.it/shop/pagina_principale/album-nascita/category_tree,214_219272",0.6980551
http://www.pollosky.it/tag/pasqua,0.6979717
http://www.spurghibergamo.info/sostituzione-pompe-sommerse-via-brigata-lupi-bergamo,0.69795823
http://www.fernandocoutinho.com,0.6977397
http://bienestarvalencia.com/las-algas,0.6976849
http://www.portaldoslivreiros.com.br/livro.asp?codigo=4491345&titulo=O+Missionario+-+Colecao+Grandes+Obras+volume+14,0.696786
http://chirimoyatoursperu.blog/2012/07/29/documenta-13-besucherrekord-zur-halbzeit-hr,0.6959988
http://wordpress.catholicapedia.net/chaos-jorge-realise-un-coup-fumant,0.69586265
http://pedalogica.blogspot.com/2010,0.6954519
http://etspanolpdf.mypressonline.com/js/B0036VN5S4-Esencial-CoMICO-hablado-Chaplin-Keaton-ebook,0.69539154
http://ruizhealytimes.com/enrique-rodriguez/el-uso-de-suelo-y-manifestacion-de-impacto-ambiental-se-cumplen,0.69528836
http://www.comicat.cat/2020/10/el-manga-barcelona-es-reformula-amb-una.html,0.6952115
http://www.puntocoma.org/2011/04,0.6945565
http://www.firstonline.info/pop-vicenza-e-veneto-banca-tutti-i-rischi-secondo-sp,0.69339955
http://www.inclusivas.com/2008/05/o-isolamento-do-local-adaptado-no.html,0.693121
http://www.marmorariaddi.com.br/zona-norte/marmoraria-em-parque-jabaquara-2,0.6928041
http://attivissimo.blogspot.com/2016/01/il-complotto-contro-le-auto-elettriche.html?showComment=1452204055763,0.6911717
http://attivissimo.blogspot.com/2016/01/il-complotto-contro-le-auto-elettriche.html?showComment=1452179525604,0.6911717
http://www.madrimasd.org/blogs/sostenibilidad_responsabilidad_social/2019/04,0.6904543
http://verbiclara.wordpress.com/tag/juana,0.6900363
http://todoincluidolarevista.com/mar-negro-el-sargazo-transforma-el-color-del-mar-caribe,0.6895713
http://www.biribascapoeira.com/capoeira,0.6893817
http://www.nevasport.com/perfil/Josetete/estaciones,0.68749636
http://www.connecticutnoticiastoday.com/iobeya-recauda-17-millones-de-dolares-en-su-revolucion-de-la-gestion-visual-empresarial-y-se-expande-a-ee-uu,0.68746924
http://www.zicar.it/site/kit-cars-3?lang=it,0.6874523
http://eugene.kaspersky.it/2013/02/26/mdm-un-po-di-disciplina-ai-tuoi-dispositivi-mobili,0.6870766
http://thesaurus.altervista.org/dict/it/contendente,0.6868824
http://www.florablog.it/tag/cardo-mariano,0.6857444
http://www.astrosavelli.it/2020/12/31/cielo-del-mese-gennaio-2021,0.685357
http://etspanolpdf.mypressonline.com/js/B003CIOLDO-Herodes-dinastia-real-tiempos-Jesus-ebook,0.6842632
http://www.jsfaro.net/2019/01/a-chantagem-da-general-motors.html,0.683828
http://www.lemachinclub.com/agrave-la-une/archives/10-2015,0.68336105
http://www.tarot.eu/novedades/compatibilidad-de-signos/geminis-tauro.php,0.6832196
http://www.florablog.it/2008/06,0.6831497
http://attac.es/comunicado-de-prensa-de-war-on-want,0.6823177
http://www.chilepromo.cl/camisas-y-blusas-132,0.68218625
http://tv.zam.it/101553-Het-verleden,0.6820373
http://www.forumdefesa.com/forum/index.php?topic=12409.45,0.6816983
http://antiquarium.ocnk.net/product/2747,0.681316
http://www.cinefilos.it/serietv/the-man-in-the-high-castle-3-promo-ufficiale-dal-sdcc-149069,0.680892
http://www.posthuman.it/teatro/alice-e-quel-che-trovo-nel-suo-mondo-fuor-di-sesto?print=1&tmpl=component,0.6807092
http://www.gazzettadaltacco.it/pure-orange-bptomoe/d7ce16-feltrinelli-modena-telefono,0.6803596
http://cmicef.org/el-salvador,0.68032575
http://verbiclara.wordpress.com/2016/01/10,0.6801979
http://www.disorder.cl/2010/03/02/desastre-en-chile?replytocom=502683,0.67990005
http://www.luciadeb.nl/depolitiek.html,0.67980087
http://ortografia4.appspot.com/wiki/Kategoria:W%C5%82oskie_filmy_z_1968_roku,0.6797775
http://www.cinemocion.es/2017,0.67941797
http://apartmentscasaconcha.com/historia?lang=ca,0.6794102
http://www.vidal.fr/actualites/14784-paro-le-robot-emotionnel-qui-aide-a-lutter-contre-l-anxiete-des-personnes-agees.html,0.6791281
http://musicoteca.es/autor.php?autor=1641&posicion=0,0.6777127
http://termene.ro/articole/vaccinul-hexavalent-va-fi-distribuit-de-unifarm-dupa-ce-ministerul-sanatatii-reziliat-contractul-cu-polisano,0.67716956
http://www.fontecedro.it/blog/archives/05-2013,0.6770539
http://www.naturadellecose.com/tag/monti-sibillini,0.6769376
http://www.segredodasorquideas.com/2015/09/making-gumpaste-dendrobium-orchid-by.html,0.67691016
http://etspanolpdf.mypressonline.com/js/8494650696-El-Dios-Dinero-Karl-Marx,0.6755179
http://dniwolne.eu/es-Europa-fiestas-Francia.html,0.6743641
http://www.routeyou.com/it-pt/location/view/50622002/battaglia-di-capo-san-vincenzo?toptext=5770877,0.67411506
http://www.calciobrasiliano.it/2012/12/17/cassio-riserva-psv-campione-corinthians,0.6731629
http://www.futebolnaveia.com.br/pelo-campeonato-baiano-2020-classico-ba-vi-ja-tem-data-marcada,0.6731068
http://tv.zam.it/260876-Le-novizie,0.6730181
http://www.firstonline.info/bitcoin-tesla-investe-15-miliardi-auto-pagabili-in-criptovalute,0.6724257
http://www.worldfootballscouting.com/scheda-giocatore/desire-doue-talento-francese-classe-2005,0.6722579
http://pilargarriga.com/acerca-de?_wpnonce=ec038d30ce&like_comment=29,0.6719833
http://monitordolarvzla.com/premio-lo-nuestro-2,0.6718887
http://serviciotecnico-zaragoza.com/servicio-tecnico-zanussi,0.6711295
http://www.amigosdecarboneras.com/2015/05/merienda-de-san-isidro.html,0.6705852
http://de.qaz.wiki/wiki/Guam,0.67042327
http://fredericarminot.com/phobie/phobie-dimpulsion,0.66994596
http://culturalizando.blog/2021/02/17/paul-signac-o-influenciador-de-artistas,0.6699295
http://www.timliveinternetfibra.com.br/disponibilidade/pe/paulista,0.6695273
http://www.peyres.fr/article254.html?lang=en,0.6689988
http://2012profeciasmayasfindelmundo.wordpress.com/tag/lago-turkana,0.6685591
http://parnassen.wordpress.com/2015/04/17,0.6682283
http://www.riparazione-elettrodomesticiroma.it/riparazione-asciugatrice-poli,0.66812456
http://www.aldeiaterapeutica.com.br/c%C3%B3pia-fonoaudiologia-1,0.66805935
http://www.alimmahdi.online/2007/01/hari-besar-nasional-maret.html,0.6674207
http://doctorpalmmar.com,0.66638625
http://romalive.biz/2012/03/04/roman-traditional-jazz-festival,0.66532147
http://myarchiviostoricofotografico.com/2019/06/granatieri-di-sardegna-1859-1871,0.665185
http://www.viadeigourmet.it/author/antonella-de-santis,0.6650173
http://forum.cifraclub.com.br/forum/3/142980,0.6642324
http://www.fabio.com.ar/4823,0.66369736
http://ilhagrande-codig.blogspot.com/2012/03,0.6632474
http://venezolanosenuruguay.com/2015/06/16/historia-crash-course-uruguay,0.663204
http://www.mochileandoporelmundo.com/15-cosas-que-ver-y-hacer-en-ragusa,0.6625381
http://www.jean-marc-gil-toutsurlabotanique.com/page/introduction-a-la-botanique/les-vegetaux/les-rosiers/nomenclature-des-rosiers/rosa-celile-brunner.html,0.6623497
http://italiaserbia.pro/uffici-in-affito-o-co-working-in-serbia/corridioio-coworking-bagno-jagodina,0.6619041
http://vosstanie.blogspot.com/2016/07,0.66181606
http://nostalgiabajolaluna2.blogspot.com/2019_09_21_archive.html,0.6615188
http://www.triesteanimalday.it/il-carnevale-degli-animali,0.6606958
http://www.rosybattaglia.it/tag/google,0.66026324
http://royisal.com/fr/services/unique-certifications,0.6598078
http://www.terra.com.mx/entretenimiento/2021/2/22/el-chavo-del-8-la-chilindrina-conto-los-problemas-de-salud-que-le-trajo-vendarse-los-senos-para-su-personaje-12215.html,0.6588027
http://consultastarot.online/tarot/arcanos-menores?amp=1,0.65860045
http://zoevaldes.net/tag/jean-harlow,0.6578206
http://www.valiporcisteanu.com/2018/09/06/ultima-reprezentatie-pe-macadam-pentru-dto-tellur-rally-team,0.6577401
http://www.verfotosde.org/argentina/imagenes-de-Juan-F-Ibarra-1245.html,0.6574565
http://ausbilderwelt.de/corona-versetzt-azubis-ins-home-office,0.6551399
http://ermannobartoli.com/musica-preferita,0.65468675
http://mall-center.shopping/2020/12/11/huawei-contre-les-musulmans-de-chine,0.65430635
http://newsvoice.se/2013/06/teorin-om-det-expanderande-jordklotet-del-1,0.65395886
http://eurasian-prize.ru/yury-vissarionov-interview,0.6532824
http://www.mdzol.com/politica/2021/2/22/tras-el-escandalo-en-salud-alberto-fernandez-se-fue-mexico-con-fabiola-yanez-140652.html,0.65236384
http://www.belagoria.com/2010/10/tatuajes-para-chicas-y-50-disenos.html,0.65174484
http://tirgumures.ro/index.php?Itemid=320&catid=39%3Aconcurs-de-proiecte&el_mcal_month=11&el_mcal_year=2020&id=1659%3Aconcurs-de-proiecte-sportive-pentru-semestrul-ii-2012&lang=en&option=com_content&view=article,0.6513636
http://2012profeciasmayasfindelmundo.wordpress.com/tag/konstantin-korotov,0.6500112
http://www.ionutpetcu.ro?f=181014-MIB-ritm-sprinten-3h45-maraton,0.64926845
http://tvprogramme.fr/marina-rollman-un-spectacle-drole,0.6484489
http://www.rinofillermilano.com/rinofiller-naso-bullona-milano,0.6483468
http://www.tarot.eu/zodiaco/cosas-que-necesita-cada-signo/cancer.php,0.64802873
http://victorianosaez.blogspot.com/2019/09/blog-post_89.html,0.6477016
http://www.tirgumures.ro/index.php?Itemid=313&catid=37%3Acomunicate-de-presa&id=7255%3Ateren-artificial-omologat-de-federaia-roman-de-fotbal-la-targu-mure&lang=en&option=com_content&view=article,0.64688253
http://armasparaguai.com/tag/pistola-taurus-hammer-th380-380acp,0.6442468
http://nachoautos.com/reviews/2016-chevrolet-camaro,0.64301515
http://epo.wikitrans.net/Intersection_(road),0.64144796
http://www.noseas.com/video-final-miss-universo-2007-riyo-mori,0.63988394
http://www.alltheunits.com/it/area/decimetri-quadrati/metri-quadrati,0.63971865
http://traductoresoficiales.es/es/new-technologies-in-the-world-of-translation,0.63942504
http://cdn1.ticbeat.com/entrevistas/ignacio-martil-de-la-plaza-la-decada-de-2020-esta-llamada-a-ser-la-de-la-energia-solar,0.6391982
http://rene.souty.free.fr/spip/ecrire/IMG/avi/dist/plugins/menu_babbibel/js/IMG/pdf/dist/dist/spip.php?article220=,0.63874996
http://www.tarot.eu/zodiaco/como-besa-cada-signo,0.6377928
http://www.my-personaltrainer.it/Articoli/Shampoo.html,0.63729286
http://rtvelectronis.ro/2015/03/17/arduino-ce-este-arduino,0.6368078
http://exame.com/brasil/pf-indicia-ex-ministro-gilberto-kassab-por-r-58-milhoes-recebidos-da-jf,0.6363004
http://dornaretina.blogspot.com/2008/06,0.6361259
http://galeriecastor.wordpress.com,0.634996
http://www.nomagz.com/2014/04/seminar-government-in-new-media-era-di.html,0.63476765
http://akihabarablues.com/turbo-el-nuevo-video-de-dirt-showdown,0.6346408
http://voirseries.tv/the-flash-saison-3,0.6344694
http://www.couteaujaponais.be/couteau-japonais-tojiro-chef-16-cm-flash-c2x8235345?PGFLngID=0,0.63351
http://enhancedwiki.territorioscuola.it?title=2009,0.63303894
http://vosstanie.blogspot.com/2019/07,0.6318253
http://eurasian-prize.ru/portfolio-item/new-rostov-embankment/345-9,0.6304095
http://www.quadratek.fr/projets,0.6303168
http://gramscipedia.org/index.php?diff=110&oldid=109&title=Le_%C2%AB_carteggio_%C2%BB_de_1926,0.62841856
http://mcciapune.com/mcciaadmin/visa-recommendation,0.62816095
http://www.famososquepartiram.com/2014/08/eduardo-campos.html,0.6276944
http://jcp.im/2015/12/14/enivsreport-crisis-management-e-reputation-online-ai-tempi-della-social-tv?_wpnonce=0753775ed1&like_comment=34,0.6261207
http://politikaakademisi.org/2014/04/11/turk-ozbek-iliskileri-ve-yeni-gelismeler,0.6254158
http://julip.co/2018/01/contrasena-censo,0.624931
http://faacbenelux.com/fr/produit/kit-d600-rbd,0.6229434
http://blogdoscaloiros.blogs.sapo.pt/58647.html,0.62272453
http://www.bikeexperience.tuscany.it/room-type/matrimoniale-1-persona/108-3,0.619914
http://www.motor-sport.fr/boitier-additionnel-audi-a3-sportback-rs3-quattro-367-2015+,0.61951864
http://www.cinoco.com/pages/grape-non-alcoholic,0.6192682
http://etspanolpdf.mypressonline.com/js/8491077952-superpoder-Rasi-Barco-Vapor-Blanca,0.6189927
http://www.altrimondi.org/e-morto-hal-prince,0.6176261
http://www.documentalium.com/2015/06/los-grandes-dinosaurios-menos-conocidos.html,0.6155472
http://pt.qaz.wiki/wiki/Madonna,0.61472845
http://www.quever.news/cine/2021/2/22/un-fan-reversiono-el-trailer-de-mortal-kombat-al-mejor-estilo-de-los-90-es-epico-4003.html,0.6147031
http://www.juliafoto.it/it/new-york-2001-fotografia-democratica,0.61213064
http://bestmaresme.com/_en/Cabrils/1179-casas-Cabrils-900,0.6118679
http://mapio.net/wiki/Q913249-tr,0.610643
http://apps.uc.pt/mypage/faculty/uc26592,0.6089318
http://itablogs4darfur.blogspot.com/2008/04/edizione-2008.html,0.60874856
http://libu.dk?attachment_id=133&replytocom=13123,0.60841453
http://www.yorokobu.es/harlemshake,0.6078329
http://tv.zam.it/336664-Almost-nothing-cern-la-scoperta-del---,0.6076713
http://www.plantasyjardines.es/lobelia-roja-lobelia-cardinalis,0.6066667
http://www.olacefs.com/p8959?lang=en,0.60633034
http://tv.zam.it/96520-Le-champion-du-regiment,0.60563016
http://www.famososquepartiram.com/2010/02/altair-lima.html,0.60177535
http://cy.broadcastbeat.com/mae-haearn-ysgafn-yn-ehangu-atebion-arloesol-ar-gyfer-cydweithredu-o-bell,0.5997573
http://staging.birdingecotours.com/tour/birding-tour-brazil-cerrado-pantanal-atlantic-forest,0.5978797
http://www.timeandwatches.com/2021/01/iwc-pilots-watch-timezoner-edition-le.html,0.5956098
http://www.andreisamoil.ro/2018/10,0.59400964
http://directedby.it/tag/paolo-villaggio,0.59207416
http://etspanolpdf.mypressonline.com/js/8417125647-black-holes-RESERVOIR-GRaFICA,0.59191984
http://unioneuropeenne.blogspot.com/2012/02,0.5895728
http://epo.wikitrans.net/Atari_ST,0.587185
http://www.altacit.com/es/resources/patent-reports/battery-electrodes,0.58693194
http://www.jancigovci.com/2018/09,0.58570313
http://pcnews.ro/confucius,0.58342606
http://ultramarathon.se/tag/ola-nordahl,0.5830499
http://wvwv.kykfilmserie.com/films1/barbie-presente-lilipucia,0.5759324
http://www.mtmedia.se/Martin/2000-tal/2006/juni2006/01juni2006.html,0.57352287
http://www.villascarpariellorelais.it/en/a-typical-day-in-ravello-on-the-amalfi-coast.html,0.5623012
http://www.1rede.com.br/jornal-do-rio-de-janeiro,0.560957
http://www.elheraldodelhenares.com/op/hemos-visto-lo-invisible,0.5573159
http://adolfoventas.es/galeria/displayimage.php?album=topn&cat=-46&pid=917,0.5564532
http://wikipedia.moesalih.com/Portas_do_Cerco,0.5494965
http://lauracosoi.ro/tag/carl-cox,0.5366388
http://abrancoalmeida.com/2018/01/11/antidoto-contra-la-pestilente-poesia-de-las-soledades-de-juan-de-jauregui,0.533674
http://ro.uncyclopedia.info/wiki/Dragostea_din_tei,0.5304082
http://forum.duolingo.com/comment/3428086,0.5295254
http://fichasmotor.com/adler/adler-m-250-s-1953,0.5244346
http://cityofmadridfilmoffice.com/en/spain-passion-filmed-in-madrid,0.51567227
http://www.rossinartstudio.com/artwork/contemporary-collection/sheikh-rashid-bin-saeed-al-maktoum.html,0.5081621
http://www.dofaq.co/us/prisencolinensinainciusol,0.478988
