url,centroid_sim
http://unlix.ru/tag/boot,0.7885428
http://linuxos.sk/forum/14385,0.7786771
http://clickhouse.tech/docs/zh/operations/system-tables,0.7663777
http://www.impresscms.org/modules/iforum/viewtopic.php?forum=12&topic_id=5907&type=&viewmode=flat,0.7621054
http://webtranslateit.com/es/projects/15940-Flashlight/locales/en-US..be/strings/14116362,0.76066405
http://sempreupdate.com.br/reactos-0-4-13-lancado-com-correcoes-para-armazenamento-usb,0.758945
http://es.dbpedia.org/page/Categor%C3%ADa:Compositores_jud%C3%ADos,0.7576579
http://zenway.ru/page/qzdl,0.7539829
http://dbpedia.org/class/yago/WikicatFantasyWriters,0.75372636
http://www.trucsweb.com/Webotheque?sujet=161&type=23,0.75132775
http://developer.android.com/reference/unity/namespace/Google/Android/AppBundle/Editor?authuser=0&hl=es,0.7506654
http://es.dbpedia.org/page/Offlanges,0.7503312
http://mamut.spseol.cz/nozka/python/moduly,0.74881756
http://www.kreitiv.de/kategorie/it-infrastruktur/page/2,0.7485111
http://packagist.org/packages/smuuf/primi,0.74830824
http://es.dbpedia.org/page/Categor%C3%ADa:Fallecidos_por_edema_pulmonar,0.74586093
http://es.dbpedia.org/page/Cayo_Furnio_(tribuno_de_la_plebe),0.74430966
http://ca.dbpedia.org/page/Estratificaci%C3%B3_social,0.74430954
http://de.dbpedia.org/page/From_Autumn_to_Ashes,0.7441398
http://es.dbpedia.org/page/Categor%C3%ADa:Palacios_legislativos,0.74394655
http://de.dbpedia.org/page/Eleftheros_Typos,0.742593
http://www.fr.net.br/2018/03/protocolos-o-que-e-quic-udp-443.html,0.7421724
http://es.dbpedia.org/page/Canutillos_de_Bilbao,0.73776007
http://wiki.info.univ-angers.fr/technique:pgina?do=recent,0.7352693
http://mihai.sucan.ro/mihai/blog/moodle-2-0-integration,0.7351313
http://www.airblog.org/abilitare-tls-1-2-per-outlook-su-windows-7,0.7338393
http://es.dbpedia.org/page/Wiener_Schnitzel,0.73369324
http://www.oehl.tv/tag/seh-myutn-50a-usb-device-server,0.733195
http://www.trucsweb.com/Forum/voirmessage.asp?forumid=8&messageid=12982&posparent=4,0.73140955
http://robots-argentina.com.ar/didactica/category/esp8266,0.7311864
http://es.dbpedia.org/page/Azuqueca_de_Henares,0.7287981
http://turbolab.it/android-28/condividi-facilmente-file-terminale-prompt-console-anypaste-linux-macos-windows-android-ios-3071,0.72852075
http://es.dbpedia.org/page/Zeit,0.728402
http://de.dbpedia.org/page/Trash_(Album),0.72674066
http://kijepark.com/%EA%B0%9C%EB%B0%9C%EC%9E%90-%EB%B0%95%EA%B8%B0%EC%A0%9C%EC%9D%98-%ED%8F%AC%ED%8A%B8%ED%8F%B4%EB%A6%AC%EC%98%A4.html,0.72659445
http://de.dbpedia.org/page/Posa,0.7263248
http://make.wordpress.org/community/2020/07/23/building-community-beyond-events,0.7261355
http://libraries.io/bower/bram,0.72613204
http://de.dbpedia.org/page/Nachtgeschrei,0.72581184
http://zenway.ru/page/piu-piu,0.72467405
http://pmortensen.eu/world/EditOverflow.php?LookUpTerm=cpu,0.7210974
http://www.excation.my.id/2012/04,0.720844
http://de.dbpedia.org/page/Leitstand,0.71766484
http://www.8linux.org/lbg/tags/costants,0.7167647
http://wiki.immerda.ch/index.php?direction=next&oldid=8690&title=immerda%3AZertifikate,0.71562517
http://packages.altlinux.org/ru/sisyphus/srpms/installer,0.71490073
http://mihai.sucan.ro/mihai/blog/opera-dragonfly-web-developer-tools,0.7148617
http://twiki.ace.fordham.edu/bin/view/TWiki/TWikiVariablesSearch?category=SystemInformationVariables&cover=print&search=&sortcol=0&table=20&up=0,0.71424437
http://confluence.jetbrains.com/pages/viewpage.action?pageId=113868960,0.71402454
http://www.ultimatepp.org/forums/index.php?goto=39126&t=msg&th=7335,0.7136289
http://www.ultimatepp.org/forums/index.php?goto=39125&t=msg&th=7335,0.7136289
http://es.dbpedia.org/page/Malcolm_Young,0.71291155
http://ip.openadmintools.com/en/217.160.223.109,0.71134984
http://m.mediawiki.org/wiki/Extension:Timeline,0.7107903
http://www.translatum.gr/forum/index.php?topic=817977.msg1070768,0.7100941
http://wiki.itw-berlin.net/index.php?title=Linux%3ABefehl%3Aawk,0.7087394
http://ca.dbpedia.org/page/.%E0%AE%87%E0%AE%A8%E0%AF%8D%E0%AE%A4%E0%AE%BF%E0%AE%AF%E0%AE%BE,0.708578
http://cursohacker.es/comment/1646,0.70837665
http://kinsta.com/nl/blog/php-8,0.7079979
http://de.dbpedia.org/page/%C3%96kumenisches_Hainich-Klinikum_M%C3%BChlhausen,0.7064981
http://es.dbpedia.org/page/Jos%C3%A9_Basualdo,0.7057463
http://comsharp.com/Login.aspx?ActivePageMenuName=feature/elementary/content-create&Culture=en-us&PageMode=UI&RedirectBack=/Login.aspx?Culture%3Dzh-CN%26ActivePageMenuName%3Dfeature%252Felementary%252Fcontent-create%26PageMode%3DUI%26RedirectBack%3D%252Fcms%252Fzh-cn%252Ffeature%252Felementary%252Fcontent-create.aspx,0.70531225
http://desenvolvimentoaberto.org/2014/03/02/objetos-metodos-pure-function-modifiers-fill-in-java-ce-c,0.70462036
http://www.pooeen.com/viewtopic.php?t=181,0.70416045
http://es.dbpedia.org/page/Makarena_Pinto,0.70334315
http://madanswer.com/6541/Data-warehouse-components,0.7029903
http://www.xavierdupre.fr/app/ensae_teaching_cs/helpsphinx/notebooks/2018-10-02_scraping_recuperer_images.html,0.7016566
http://comsharp.com/Login.aspx?ActivePageMenuName=feature/leading/multi-culture&Culture=en-us&PageMode=UI&RedirectBack=/Login.aspx?Culture%3Dzh-CN%26ActivePageMenuName%3Dfeature%252Fleading%252Fmulti-culture%26PageMode%3DUI%26RedirectBack%3D%252Fcms%252Fzh-cn%252Ffeature%252Fleading%252Fmulti-culture.aspx,0.7013351
http://packages.altlinux.org/ru/p9/srpms/chrooted/0.3.11-alt1,0.70133305
http://developer.mozilla.org/en-US/docs/Web/HTTP/Cookies,0.7002905
http://returntothepit.com/main.php/%C3%83%C6%92%C3%82%C6%92%C3%83%E2%80%9A%C3%82%C6%92%C3%83%C6%92%C3%82%E2%80%9A%C3%83%E2%80%9A%C3%82%C6%92%C3%83%C6%92%C3%82%C6%92%C3%83%E2%80%9A%C3%82%E2%80%9A%C3%83%C6%92%C3%82%E2%80%9A%C3%83%E2%80%9A%C3%82%C2%A2%C3%83%C6%92%C3%82%C6%92%C3%83%E2%80%9A%C3%82%C6%92%C3%83%C6%92%C3%82%E2%80%9A%C3%83%E2%80%9A%C3%82%E2%80%9A%C3%83%C6%92%C3%82%C6%92%C3%83%E2%80%9A%C3%82%E2%80%9A%C3%83%C6%92%C3%82%E2%80%9A%C3%83%E2%80%9A%C3%82%E2%82%AC%C3%83%C6%92%C3%82%C6%92%C3%83%E2%80%9A%C3%82%C6%92%C3%83%C6%92%C3%82%E2%80%9A%C3%83%E2%80%9A%C3%82%E2%80%9A%C3%83%C6%92%C3%82%C6%92%C3%83%E2%80%9A%C3%82%E2%80%9A%C3%83%C6%92%C3%82%E2%80%9A%C3%83%E2%80%9A%C3%82%E2%84%A2https:/facebook.com/view.phpformid=93617,0.7000585
http://jf.eti.br/ferramentas-para-desenvolvedor-web,0.69994974
http://minecraft-pt.gamepedia.com/P%C3%B3_de_pedra_luminosa?action=edit,0.69861543
http://forum.cdrinfo.pl/f106/ps2-ulaunchelf-smb-98389?s=83513ed95440d00e3506dbee96921b7c,0.697929
http://robologs.net/2013/12/03/algorythmics-algoritmos-de-busqueda-con-musica-hongaresa-tradicional,0.69708264
http://madanswer.com/31119/5g-mobile-network-explained,0.6964747
http://dbpedia.org/page/Changchun,0.6960393
http://www.dsfc.net/logiciel-libre/cdrtfe-seul-projet-open-source-actif-graver-windows,0.69551593
http://ja.dbpedia.org/page/%E6%96%B0%E8%A3%9C%E5%9C%B0%E9%A0%AD,0.6946152
http://www.opensuse-forum.de/thread/64235-opensuse-15-install-exe-f%C3%BCr-windows-gesucht?postID=285198,0.69344795
http://www.application-mobile-pour-les-nuls.fr/front-end/typescript-le-guide-complet,0.6932373
http://packages.altlinux.org/ru/c8/srpms/transmission,0.6921656
http://ja.dbpedia.org/page/%E8%BF%91%E8%A1%9B%E5%8B%9D%E5%AD%90,0.6916938
http://linuxos.sk/forum/18781,0.69141454
http://www.openwall.com/lists/oss-security/2013/04/03/6,0.6907011
http://guifi.net/node/36331,0.6903289
http://desenvolvimentoaberto.org/2014/02/01/hello-world-python-linux,0.68995553
http://nhanweb.com/how-to-tinh-khoang-cach-giua-2-diem-su-dung-kinh-do-vi-do-trong-php.html,0.6893193
http://www.zdnet.de/41530091/apple-stellt-am-donnerstag-iphone-os-4-0-vor,0.6892525
http://www.zdnet.de/41523877/sky-chef-mark-williams-wirft-das-handtuch,0.6892216
http://packages.altlinux.org/en/p9/srpms/libproxy,0.689005
http://therubyist.org/category/development,0.6866186
http://www.openwall.com/lists/lkrg-users/2019/11/23/1,0.6864202
http://www.openwall.com/lists/lkrg-users/2019/11/27/2,0.68642014
http://arl.ujep.cz/arl-ujep/cs/export?idx=ujep_us_cat-13%2A0285281,0.6837975
http://linuxos.sk/forum/23305,0.683598
http://de.dbpedia.org/page/Henry_Miers_Elliot,0.68340814
http://www.openwall.com/lists/oss-security/2014/12/04/17,0.6830245
http://es.dbpedia.org/page/N%C3%A9lida_Lobato,0.68286717
http://ja.dbpedia.org/page/%E3%83%95%E3%83%A9%E3%83%B3%E3%83%89%E3%83%AB_(%E6%9B%96%E6%98%A7%E3%81%95%E5%9B%9E%E9%81%BF),0.6828177
http://picomol.de/es-heist-opensuse,0.68260205
http://pandorafms.com/docs/index.php?direction=prev&oldid=51436&title=Pandora%3ADocumentation_es%3AAnexo_API_external,0.68204415
http://pypi.org/project/Loslassa/0.3.9,0.68192375
http://projectexceller.com,0.68099785
http://www.c2i-revision.fr/complement.php?id_con=93,0.68048143
http://www.polarhome.com/service/man?of=HP-UX&qf=endbwent&sf=&tf=2,0.6802602
http://pkymasehist.fi/phpBB2/viewtopic.php?p=100660,0.67929196
http://pandorafms.com/docs/index.php?direction=next&oldid=48944&title=Pandora%3ADocumentation_es%3AAnexo_API_external,0.6789303
http://twiki.cern.ch/twiki/bin/view/TWiki/FilterPlugin,0.6787144
http://wvw.constantvzw.org?cat=5&paged=2,0.6777501
http://shixxnote.wordpress.com/2015/10,0.6777196
http://madanswer.com/6578/Design-patterns,0.67651314
http://istio.io/latest/docs/setup/install/multicluster/multi-primary_multi-network,0.67525876
http://developer.android.com/studio/command-line/adb?hl=lt,0.6749922
http://cahdroid.com/download-windows-10-lite-full-version,0.6736784
http://www.openwall.com/lists/oss-security/2016/05/30/5,0.6724961
http://itanyar.com/186/kode-rahasia-handphone-android-wajib-anda-ketahui?replytocom=115703,0.6724577
http://www.3way.si/3d-softver?lang=sr,0.6707663
http://spaceinvaders.hu/2013/06/06/cafeteria,0.6700736
http://forum.blackmagicdesign.com/viewtopic.php?p=408028,0.6698451
http://ocfm.free.fr/flyspray/index.php?amp;do=index&amp;order=openedby&amp;order2=comments&amp;project=3&amp;sort=asc&amp;sort2=desc&amp;toggleadvanced=1&do=details&order=dateclosed&order2=category&pagenum=1&project=3&sort=asc&sort2=asc&task_id=27&toggleadvanced=1,0.6689838
http://wiki.gentoo.org/wiki/Handbook:HPPA/Installation/Disks/fr,0.6685183
http://ilmaistro.com/ejecuta-aplicaciones-de-windows-en-mac-con-winebottler,0.66837054
http://developer.mozilla.org/fr/docs/Glossary/Texel,0.66762173
http://danq.me/2004/12/09/gmail-atom,0.6670629
http://mattsbits.co.uk,0.666713
http://dev.freebox.fr/bugs/index/proj9?do=index&opened=25431&order=tasktype&pagenum=4&project=9&sort=asc&status[0]=,0.666681
http://dev.freebox.fr/bugs/index/proj9?do=index&opened=10759&order=status&order2=tasktype&project=9&sort=desc&sort2=asc&status[0]=,0.666681
http://www.avisi.nl/blog/typescript-for-javascript-developers,0.6660528
http://imechanica.org/comment/25374,0.66554683
http://www.bitbaru.com/site/mais-um-captulo-da-saga-whatsapp-e-novas-polticas-de-privacidade,0.6651305
http://es.dbpedia.org/page/Hugo_Leonardo_P%C3%A9rez,0.66491365
http://docs.apigee.com/how-to-guides/configuring-io-timeout-routers?hl=es,0.6646224
http://ja.confluence.atlassian.com/fisheye/fisheye-security-advisory-2010-06-16-960161732.html,0.6641618
http://thietkewebsitedulich.com/huong-dan-bao-mat-web-du-lich,0.6638379
http://de.dbpedia.org/page/Lauryn_Williams,0.6637571
http://ja.dbpedia.org/page/%E3%82%A8%E3%83%9F%E3%83%AA%E3%83%BB%E3%82%B4%E3%83%9F%E3%82%B9,0.66374475
http://smbjorklund.no/nb/comment/1534,0.6636616
http://hackage.haskell.org/package/certificate-0.4.0,0.6634387
http://www.translatum.gr/forum/index.php?topic=467817.msg713929,0.66236895
http://wikicfp.com/cfp/servlet/event.showcfp?copyownerid=25440&eventid=15560,0.6621315
http://wikicfp.com/cfp/servlet/event.showcfp?copyownerid=25787&eventid=14554,0.6621315
http://ourproject.org/softwaremap/trove_list.php?cat=c&discrim=5103%2C5002%2C236&form_cat=225,0.6610804
http://intronetworks.cs.luc.edu/current2/mobile/slidingwindows.html,0.65993017
http://loteks.de/apache-mit-vorkomprimierten-dateien,0.6596595
http://forum.team-mediaportal.com/threads/live-tv-is-not-possible-if-two-clients-are-showing-hd-channels-astra-hd.140244,0.65869206
http://es.dbpedia.org/page/Brillon,0.65864503
http://www.linux.org.ru/tag/retrocomputing,0.6584338
http://doc.edubuntu-fr.org/xfe,0.65804005
http://devstuffs.mustak.im/encoding/url-encoder-decoder,0.65729356
http://geany.org?ref=cybrhome,0.6572023
http://forums.pcsx2.net/Thread-PCSX2dis-v1-1-A-ps2dis-inspired-PCSX2-enabled-Game-Hacking-Tool-W-I-P-13-02-2015,0.6561653
http://ogrunho.wordpress.com/category/codefarmpt,0.65531063
http://docs.pgrouting.org/3.1/es/pgr_connectedComponents.html,0.6552062
http://ja.dbpedia.org/page/%E3%81%8F%E3%82%8A%E3%81%83%E3%82%80%E3%83%8A%E3%83%B3%E3%83%81%E3%83%A3%E3%83%A9,0.65483046
http://www.krengeltech.com/2017/10/a-ruby-and-rpg-conversation,0.653681
http://flowerdeliveryoakpark.com/manual/zh-cn/glossary.html,0.6535195
http://udm.adrianvintu.net,0.6533977
http://mac68k.info/forums/thread.jspa?messageID=2335,0.6532742
http://www.ubuntu-guia.com/2011/03/entorno-escritorio-gestor-ventanas.html?showComment=1301253303677,0.6530941
http://vdcomputers.com/product/wd-blue-sata-1000-gb-solid-state-drive-wds100t2b0a,0.65309066
http://forum.high-logic.com/viewtopic.php?p=30667,0.6529381
http://www.konzoly-prislusenstvo.sk/p/1260/servis-xbox-360-hdd-upgrade,0.6525729
http://easyelectronics.ru/proshivka-arm-cortex-m3-na-primere-stm32-i-lpc1300.html?replytocom=38214,0.6523833
http://info.berzsenyi.hu/halozatok/css-peldak,0.6520982
http://forums.mozillazine.org/viewtopic.php?f=38&t=2562155,0.6518034
http://cso.caltech.edu/wiki/cso/observing/ssh_vnc,0.65175176
http://helpx.adobe.com/nz/experience-manager/6-3/sites/developing/using/dialog-conversion.html,0.6517471
http://xosovietlott.net/tien-dien-tu-hom-nay-15-1,0.65134877
http://hr.aprs.fi/info/a/DL3FS-DP,0.6511064
http://pathofexile.gamepedia.com/Template:For,0.65085983
http://version.aalto.fi/gitlab/help/administration/pages/index.md,0.6492738
http://de.dbpedia.org/page/Bobby_Rondinelli,0.648879
http://qastack.it/networkengineering/3697/the-slash-after-an-ip-address-cidr-notation,0.64886045
http://forum.openoffice.org/fr/forum/viewtopic.php?p=999,0.64844245
http://crackingkeys.com/videopad-video-editor-crack,0.6480346
http://www.gamesmeter.nl/game/4226/info/0,0.64764786
http://blog.etiennebretteville.com/en/2016/02/03/puerto-de-la-cruz-tenerife-tnf-puerto-de-la-cruz-tenerife-island-3,0.64760387
http://schnurpsel.de/wordpress-plugins/123-image-resize,0.64758515
http://www.zamzar.com/es/convert/ppt-to-html,0.64735657
http://gamedowntown.com/daitoa-3ds-dx,0.6473234
http://ideasilo.wordpress.com/2006/08/09/localization-for-plugins-and-themes,0.64722455
http://brainout.net/frankforum/posting.php?f=44&mode=quote&p=2458,0.64617324
"http://wikimania2016.wikimedia.org/wiki/Critical_issues_presentations/Dynamic_SVG_for_Wikimedia_projects:_Exploring_applications,_techniques_and_best_practice_for_interactive_and_animated_vector_graphics",0.645731
http://astrofisica.altervista.org/doku.php?id=c05%3Azams&rev=1431962619,0.6457033
http://ca.dbpedia.org/page/Santa_Maria_de_Batet,0.645689
http://engineering.purdue.edu/~ee538,0.6425977
http://bahut.alma.ch/2007/08,0.6414933
http://ourproject.org/softwaremap/trove_list.php?cat=c&discrim=5002%2C1148%2C311%2C5103&form_cat=225,0.6413046
http://forum.ubuntu.ro/viewtopic.php?pid=162768,0.64039135
http://dserv01.home.blog/howtos/funksteckdose-fernsteuern-mit-arduino?_wpnonce=e6feacb88c&like_comment=10&replytocom=79,0.63997555
http://dserv01.home.blog/howtos/funksteckdose-fernsteuern-mit-arduino?_wpnonce=c37f1a55fc&like_comment=80,0.63997555
http://twiki.math.cornell.edu/do/view/TWiki/BackupRestorePlugin?rev=3,0.6393807
http://www.zdnet.de/41524918/bericht-china-verstaerkt-internetzensur,0.6380734
http://info.berzsenyi.hu/grafika/vektorgrafika,0.6377817
http://de.dbpedia.org/page/Hermann_Tunica,0.6374531
http://www.openwall.com/lists/musl/2020/04/16/12,0.6370464
http://www.openwall.com/lists/musl/2020/04/16/14,0.6370464
http://www.openwall.com/lists/musl/2020/04/16/11,0.63691366
http://www.boost.org/doc/libs/1_66_0/libs/numeric/odeint/doc/html/header/boost/numeric/odeint/integrate/check_adapter_hpp.html,0.6354853
http://blog.kornelondigital.com/2020/11/02/static-website-with-contentful-gatsbyjs-build-pipeline-and-hosting-on-google-cloud,0.6350987
http://howto.zw3b.fr/linux/reseaux/howto-scp-envoie-securise-de-fichiers,0.6350445
http://devwork.space?p=117,0.6349277
http://www.emcu.eu/dc-current-meter-voltmeter-w-ampere-shunt,0.63484985
http://wiromin.vgwebb.se/manual/es/getting-started.html,0.6339214
http://forum.dd-wrt.com/phpBB2/viewtopic.php?highlight=&p=1220666,0.63354003
http://forum.nationstates.net/viewtopic.php?f=15&p=27722686&t=367305,0.6333349
http://lugm.org/tag/article,0.6328859
http://qs321.pair.com/~monkads?node_id=700283,0.63205427
http://www.toyism.com/kixoz_puppet-small,0.6315804
http://sendy.videohero.com.br/manual/es/glossary.html,0.63149536
http://es.dbpedia.org/page/Dani_Aquino,0.6314578
http://www.videohelp.com/capturecards?CaptureCardReadnew=23&nextcomments=25&orderby=Price,0.6303738
http://hup.hu/comment/2058481,0.62999296
http://tyne.dl.ac.uk/twiki/bin/view/TWiki/IncludeTopicsAndWebPages?rev=13,0.62989545
http://dinsights.com/POTM/LINESANDBOXES,0.6297785
http://github.com/marianoguerra/rst2html5,0.6290296
http://sensorstechforum.com/de/remove-periox-ransomware-virus,0.6287529
http://undocumentedmatlab.com/articles/syntax-highlighted-labels-panels,0.6283261
http://www.asatru.com.pl/forum/viewtopic.php?p=4052,0.6272187
http://lore.kernel.org/linux-arm-kernel/b757047cc0151bee57749415a53989309a9fa590.camel@suse.de,0.6271758
http://www.freelamp.com/2009/08/upgrade-wordpress-%E5%88%B0-2-8-4,0.6271107
http://hackage.haskell.org/package/control-monad-exception-monadstf-0.8.0.2,0.6269778
http://notrees.com.au/about-no-trees-and-infin8solution/no-trees-team/aquila-wolf-wild,0.62677294
http://www.initcom.ch/support/joomla-updates-und-migrationen.html,0.6251277
http://www.snotr.com/video/1566,0.6250924
http://www.zdnet.de/88197426/auch-eu-kommission-unterstuetzt-microsoft-im-kampf-gegen-us-durchsuchungsbefehl,0.625
http://pub.dev/documentation/ternarytreap/latest,0.6248187
http://brockerhoff.net/blog/2007/09,0.62467474
http://www.qcad.org/bugtracker/index.php?amp;amp;do=index&amp;amp;order=id&amp;amp;order2=status&amp;amp;pagenum=2&amp;amp;project=1&amp;amp;sort=desc&amp;amp;sort2=desc&amp;order=tasktype&amp;pagenum=3&amp;project=1&amp;sort=asc&do=tasklist&order=severity&order2=summary&pagenum=1&project=1&sort=desc&sort2=desc,0.6242379
http://www.qcad.org/bugtracker/index.php?amp;amp;order=severity&amp;amp;order2=votes&amp;amp;pagenum=3&amp;amp;project=1&amp;amp;sort=asc&amp;amp;sort2=desc&amp;amp;string=&amp;amp;type[0]=2&amp;order=category&amp;project=1&amp;sort=asc&do=tasklist&order=category&order2=progress&pagenum=3&project=1&sort=asc&sort2=desc,0.6242379
http://www.qcad.org/bugtracker/index.php?amp;order=progress&amp;order2=id&amp;pagenum=15&amp;project=1&amp;sort=desc&amp;sort2=desc&amp;string=&amp;type[0]=2&do=tasklist&order=progress&order2=status&project=1&sort=desc&sort2=desc,0.6242379
http://qcad.org/bugtracker/index.php?amp;project=1&do=tasklist&order=status&order2=category&pagenum=3&project=1&sort=desc&sort2=asc,0.6242379
http://j0rg3.insomnia247.nl/weblog?-tags=sysctl%2COpenVPN%2Cipv6-test.com%2Csed%2Cadd-on,0.6241864
http://commons.wikimedia.org/wiki/File:PL_Schulz_-_Sanatorium_pod_klepsydr%C4%85.djvu,0.6241238
http://docs.influxdata.com/kapacitor/v1.5/about_the_project/releasenotes-changelog,0.6238502
http://manueltgomes.com/microsoft/powerapps-no-more-magic-numbers,0.623602
http://blog.mytinytodo.net/2011/03/21/p183?replytocom=940,0.623153
"http://forum.lazarus.freepascal.org/index.php/topic,46821.msg334341.html",0.6228753
http://pcsoftwares.net/driver-talent-pro-8-0-0-4-crack-with-keygen-updated,0.62212753
http://emojipedia.org/facebook/1.0/input-latin-uppercase,0.6220579
http://suraj.io/tags/seccomp,0.6219783
http://crackdownload.org/vidmore-screen-recorder-crack,0.621195
http://www.elhyani.net/table-d%E2%80%99equivalence-de-logiciels-windowslinux,0.62080944
http://technobeans.com/2012/06/12/contribution-on-lazy-evaluation-at-wikipedia,0.62012106
http://wiki.unify.com/wiki/OpenStage_SL4_professional,0.61912274
http://csillagtura.ro/tag/m48,0.6189451
http://clearlinux.org/blogs-news/dynamically-scaling-video-inference-edge,0.618921
http://spaceinvaders.hu/2011/09/12/pixel-pulp-fiction,0.61796343
http://yellowpipe.com/yis/tools/ASCII-HTML-Characters,0.6179292
http://ja.dbpedia.org/page/1529%E5%B9%B4,0.6170015
http://www.gadgetvictims.com/2008/08/foscam-fi8908w-firmware-history-page.html?showComment=1253961048081,0.6164029
http://taggedwiki.zubiaga.org/tag/reverse,0.61596835
http://blog.eyallupu.com/2012/04/csrf-defense-in-spring-mvc-31.html?showComment=1400661989076,0.6151558
http://packages.altlinux.org/en/t7/maintainers/real,0.6148149
http://translatewiki.net/w/i.php?lqt_method=edit&lqt_operand=49924&title=Translating_talk%3AMediaWiki,0.61473095
http://forum.openmw.org/viewtopic.php?p=59826,0.6140358
http://forum.bebac.at/forum_entry.php?id=19177&order=time,0.613994
http://exponentis.es/discretizacion-de-datos-en-python-manteniendo-el-nombre-de-las-columnas,0.6137979
http://piyushksingh.com/tag/rpc,0.61325943
http://zona.ro/stiri/ddr3,0.6131103
http://hackerzvoice.net/node/20,0.61193
http://github.com/blitzcode/term-gfx,0.6114292
http://www.realtek.cz/download-driver-nr-456-for-realtek-ALC267-and-Windows10-32bit.html,0.61124384
http://www.kreiseder.at/2010/09/page/2,0.61091673
http://twiki.math.cornell.edu/do/rdiff/TWiki/TWikiScripts?sortcol=1&table=41&up=0,0.6105913
http://galatruc.net/choisir-ordinateur-portable-tablette-smartphone,0.6096896
http://www.realtek.cz/download-ALC282-sound-driver-for-WindowsVista-32bit.html,0.6092405
http://www.envirolink.org/forum/viewtopic.php?f=8&t=19076&view=next,0.6088625
http://www.techgaun.com/search/label/steganography?max-results=8,0.6087319
http://mathsgee.com/blog/3/mathsgee-launches-free-online-interactive-python-course?qa-rewrite=qna/blog/3/mathsgee-launches-free-online-interactive-python-course,0.60867393
http://generatorzadach.1gb.ru,0.60848564
http://68kb.com,0.60844517
http://fly.ingsparks.de/2006-08-25/suche-delicious-links-automatisch-als-wordpress-post,0.60779333
http://baisikeliugunduzi.com?q=en/node/34,0.6077095
http://www.server.trading/en/help/general/vps/how-to-install-ispconfig,0.6069983
http://forums.mageia.org/en/viewtopic.php?f=15&p=65700&t=7821,0.60693735
http://wiki.teamfortress.com/wiki/Pyromancer's_Hood/cs,0.60676634
http://developers.google.com/web/tools/chrome-user-experience-report?hl=de,0.60615426
http://jimporell.com/tag/linux-for-z,0.60600805
http://www.monstermmorpg.com/Screenshots,0.6056498
http://clcohio.org/sip-testing-tool,0.605564
http://root101.net/Understanding-Linux-02-Everything-is-a-File,0.6054458
http://www.simonlong.co.uk/blog/2013/08/20/veeam-backup-replication-v7,0.60520494
http://de.vessoft.com/software/windows/download/googleearth,0.6050261
http://forum.bebac.at/forum_entry.php?id=20192,0.6048225
http://www.lesswrong.com/posts/FDyMThqqX2s47e6rG/open-thread-may-2010,0.6039119
http://ourproject.org/softwaremap/trove_list.php?cat=c&discrim=5100%2C5010%2C311&form_cat=5013,0.60369223
http://pt.dbpedia.org/resource/Predefini%C3%A7%C3%A3o:AC,0.60357356
http://forum.theotown.com/viewtopic.php?f=45&start=8140&t=1106,0.6034708
http://javabuilding.com/principles/nomenclatura.html,0.60324824
http://www.telerik.com/blogs/building-micro-frontends?ct=t%28UX_Collective%29,0.60298944
http://lasrubieras.medium.com/auto-numbering-and-glossing-linguistics-examples-in-r-markdown-f418ea338ffd?source=post_internal_links---------1----------------------------,0.60292053
http://mondotondo.com/2011/01,0.60240376
http://www.rocketryforum.com/threads/north-korean-nukes-fobs-and-emp-attack.140476,0.6023586
http://namepedia.org/ro/real_people/But_Euro,0.6018899
http://isoriver.com/passfab-ios-password-manager-download,0.6014512
http://peroty.com/blog/wrote-about/conversations-and-consequences,0.6005724
http://2keep.net/category/devices,0.6000718
http://www.hardware-aktuell.com/lexikon/Rechenleistung,0.5995583
http://ja.confluence.atlassian.com/doc/chart-macro-163415075.html,0.5990097
http://angg.twu.net,0.59847575
http://gamesdb.launchbox-app.com/games/details/40574,0.5974003
http://www.1977magazine.com/sitemap-pt-page-2019-02.html,0.5972973
http://data-flair.training/blogs/what-is-big-data,0.59719807
http://blog.sflow.com/2016/07,0.5971937
http://conceptnet5.media.mit.edu/c/eo/altecoj,0.59683406
http://blog.michelemattioni.me/2012/01/18/stopa,0.5967976
http://toni.cat/edicio-dimatges-on-line,0.596761
http://jogosemvirus.com/baixar-rogue-trooper-ps2-torrent-iso-portugues-pt-br-gratis,0.5967384
http://styran.com,0.5964012
http://goodgid.github.io/JS-char-vs-varchar,0.5961275
http://fedoramagazine.org/add-storage-to-your-fedora-system-with-lvm,0.59586835
http://calculla.com/exponents_derivative,0.59446526
http://docs2.0xdata.com/h2o/latest-stable/h2o-docs/data-science/glm.html,0.5934628
http://github.security.telekom.com/2017/11/honeypot-tpot-17.10-released.html,0.5933317
http://ortografia4.appspot.com/wiki/Extended_Industry_Standard_Architecture,0.59327626
http://www.inpact-hardware.com/article/1732/arm-fait-plein-nouveautes-cortex-a78-en-5-nm-cortex-x-gpu-mali-g78g68-et-ethos-n78,0.5920699
http://fileconverter.xyz/mp2-to-flac,0.59181494
http://www.twiki.faced.ufba.br/twiki/bin/rdiff/GetecEng/WebNotify?rev1=4&rev2=3,0.59136206
http://ja.dbpedia.org/page/%E3%82%A2%E3%83%8A%E3%83%AD%E3%82%B0%E8%A8%88%E7%AE%97%E6%A9%9F,0.5911202
http://carkix.com/japan-used-cars-with-price,0.59070814
http://ourproject.org/softwaremap/trove_list.php?cat=c&discrim=5010%2C5101%2C1926&form_cat=4,0.5902787
http://ja.dbpedia.org/page/1973%E5%B9%B4%E3%81%AE%E3%83%AF%E3%83%BC%E3%83%AB%E3%83%89%E3%82%B7%E3%83%AA%E3%83%BC%E3%82%BA,0.59000266
http://j0rg3.insomnia247.nl/weblog?-tags=free+shell%2CMAC%2CWordPress%0D%2CYubico%2Cshortcuts%2Cman%2CGoogle+Plus%2Cixquick,0.5895995
http://video-knowledge.com/prelude_injest,0.5895264
http://en.ecommercewiki.info/glossary/m/metadata,0.5886966
http://www.csauthors.net/francesc-auli-llinas,0.5886583
http://minecraft.fr/snapshot-12w08a,0.58864117
http://shipbucket.com/forums/viewtopic.php?f=19&start=490&t=7608,0.5883167
http://forums.parallax.com/discussion/comment/1438805,0.58714575
http://retosturisticos.umcc.cu/manual/pt-br/expr.html,0.5864463
http://goodkalpataruserenityfloorplans.magnoto.com/manual/ja/expr.html,0.5864463
http://vitalex.info/manual/de/expr.html,0.5864463
http://resources.whitesourcesoftware.com/security/3-major-challenges-in-big-data-security,0.5855012
http://blog.lazyhacker.com/2012,0.5851788
http://tme.miraheze.org/w/index.php?action=edit&redlink=1&title=User_talk%3ACindyMuntz6,0.5849406
http://denisrizov.com/2016/06,0.58441556
http://ja.dbpedia.org/page/%E3%82%B7%E3%83%A3%E3%83%BC%E3%83%97%E3%83%9A%E3%83%B3%E3%82%B7%E3%83%AB,0.5839031
http://www.tana.it/e-mail-crash-course.html,0.5835921
http://fruteroloco.es/tags/top-500,0.5834824
http://www.ixsoft.de/cgi-bin/web_store.cgi?cart_id=741069_12223&page=Products/de/IXKN0861DV-DE.html,0.5834631
http://palladiumbooks.com/forums/viewtopic.php?p=1863519,0.58335006
http://elifesciences.org/articles/48983/figures,0.5830958
http://id.dbpedia.org/page/Penyubliman,0.5826417
http://docs.microsoft.com/en-us/azure/peering-service/about,0.58260304
http://wiki.makilab.org/index.php/Inkscape,0.5823816
http://www.haroldstreet.org.uk/waypoints/download?/Castle Camps airfield=&hillnumber=18929,0.5817733
http://twiki.nevis.columbia.edu/twiki/bin/rdiff/Main/FAQ,0.58166915
http://www.petrockblock.com/2018/06/25/design-patterns-plantuml-factory-method-pattern,0.58142066
http://es.dbpedia.org/sparql?default-graph-uri=http%3A//es.dbpedia.org&format=text/html&query=DESCRIBE+%3Chttp%3A//es.dbpedia.org/resource/Categor%C3%ADa%3AMujeres_en_las_guerras_de_independencia_hispanoamericanas%3E,0.58080274
http://repat.de/tag/websites-2,0.5803765
http://ca.dbpedia.org/sparql?default-graph-uri=http%3A//ca.dbpedia.org&format=text/html&query=DESCRIBE+%3Chttp%3A//ca.dbpedia.org/resource/Categoria%3ACultura_de_L%C3%ADbia%3E,0.5799665
http://lore.kernel.org/linux-ide/1569470064-3977-3-git-send-email-schmitzmic@gmail.com,0.5798953
http://ja.dbpedia.org/sparql?default-graph-uri=http%3A//ja.dbpedia.org&output=text/html&query=DESCRIBE+%3Chttp%3A//ja.dbpedia.org/resource/%E6%B0%97%E6%AF%94%E6%9D%BE%E5%8E%9F%3E,0.57977486
http://forum.bebac.at/forum_entry.php?id=20833&order=time,0.57908064
http://realglitch.com/2013/04/spotify-on-xbmc-with-spotimc,0.5785972
http://srns.ru/mediawiki/index.php?title=%D0%A1%D0%BB%D1%83%D0%B6%D0%B5%D0%B1%D0%BD%D0%B0%D1%8F%3A%D0%97%D0%B0%D0%B3%D1%80%D1%83%D0%B7%D0%BA%D0%B0&wpDestFile=Red_Army_flag.svg,0.5778548
http://newgames.gg/online-games/l2dex-opening-12-july,0.5776239
http://nbviewer.jupyter.org/github/ovysotska/in_simple_english/blob/master/Kullback_Leibler.ipynb,0.5775047
http://legacy.imagemagick.org/discourse-server/viewtopic.php?p=155631,0.57735497
http://onlinehelp.unitedplanet.com/intrexx/9200/en/helpfiles/help.4.website-instead-of-virtual-directory.html,0.5768722
http://filestar.com/skills/txt/convert-txt-to-htmlz,0.5763914
http://crackmac.org/universal-keygen-generator,0.57634664
http://dogma.swiftspirit.co.za/eo/archives/category/computing/windows,0.576203
http://alexmarquardt.com/2019/12/05/emulating-transactional-functionality-in-elasticsearch-with-two-phase-commits,0.575804
http://hackage.haskell.org/package/zippers-0.2.1,0.57502127
http://www.edfrancis.co.uk/2008/05/setting-the-sql-server-campatibility-mode-to-90-on-all-databases,0.57494175
http://www.proceduraperrimuovereilvirus.com/modo-migliore-per-rimuovere-w32-gorgon-cnlgtr-da-windows-8,0.574386
http://icd.codes/icd10cm/R1319,0.57425356
http://www.sketchwarehelp.com/2018/08/a-flash-light-app-in-sketchware.html?showComment=1536913399181,0.574018
http://1stcybersecurity.com/index.php/2021/02/23/acer-conceptd-7-ezel-review-a-multi-mode-creator-laptop-with-impressive-gpu-performance,0.573794
http://hackerpublicradio.org/eps.php?id=2073,0.57367885
http://www.metaglossary.com/define/sql,0.5736371
http://www.turnkeylinux.org/comment/8427,0.5726079
http://www.leproductowner.com/fiches-metiers/backend-frontend-fullstack,0.5721136
http://biq.medium.com/linking-fbx-sdk-in-ue4-project-biq-99548b4b2ec8?source=post_page-----99548b4b2ec8--------------------------------,0.57124144
http://jonathanwaddingham.com/2011/10/29/grammar-as-a-platform-and-sentences-as-a-service-facebooks-new-open-graph,0.5711849
http://mjrobot.org/2017/07/26/a-linguagem-scratch-e-o-mundo-fisico,0.57101125
http://www.liquisearch.com/rhel,0.57061034
http://sumnerevans.com/posts/technology/browser-wars-chrome-vs-ie,0.57057977
http://www.isapp.it/en/forum/discussioni-generali-su-jifile/1125-does-jifile-work-with-smart-search.html,0.57028115
http://aws.mannem.me?author=1,0.5702791
http://www.windows10tips.com/2019/06/how-to-check-network-adapter-speed-in.html,0.56994724
http://shimmie.shishnet.org/post/view/3138,0.56983614
http://www.securitynewspaper.com/2015/09/08/whatsapp-maliciouscard-vulnerabilities-allowed-attackers-to-compromise-hundreds-of-millions-of-whatsapp-users,0.5688776
http://blog.nick.josevski.com/category/uncategorized,0.5687251
http://lore.kernel.org/dpdk-dev/20190719123309.24417-6-rnagadheeraj@marvell.com,0.5678967
http://www.petitmonte.com/imageprocessing/effect_hsvcolor_adjustment.html,0.567827
http://help.memsource.com/hc/en-us/articles/360014358619-Regexp,0.56774294
http://www.divye.in/2009/02,0.5674535
http://www.playframework.com/documentation/2.6.x/Migration24,0.56738365
http://blog.eamonnmr.com/2020/04/dont-remake-an-old-game,0.5671507
http://visualoop.com/br/17448/musica-em-escalas-cromaticas?replytocom=428935,0.56711805
http://www.playframework.com/documentation/ja/2.4.x/ScalaForms,0.56711173
http://tljh.jupyter.org/en/latest/troubleshooting/logs.html,0.5662713
http://www.its-all-design.com/an-agile-functional-specification?replytocom=168,0.56622696
http://dumpanalysis.org/articoding,0.5656537
http://blog.plagium.com/2015/05/plagium-wordpress-plugin-10-released.html?showComment=1577523448450,0.56541526
http://blogs.mulesoft.com/dev-guides/how-to-tutorials/mule-school-twitter?replytocom=9738,0.56538826
http://blog.darwin-it.nl/2012/12/generate-tradingpartners-for-oracle-b2b.html,0.56510127
http://www.wikidata.org/wiki/Q185037,0.564993
http://www.playpcesor.com/2010/11/flight-control-hd-pciphoneipadxd.html?showComment=1290830156529,0.5648222
http://visualoop.com/br/13930/making-of-a-bola-3d-com-as-estatisticas-dos-times-da-copa?replytocom=355922,0.5647806
http://dictionnaire.sensagent.leparisien.fr/Speculative%20multithreading/en-en,0.5647768
http://ftp.fau.de,0.564245
http://www.haroldstreet.org.uk/waypoints/download?hillnumber=17674,0.5641767
http://www.synergisticresearch.com/cables/galileo-sx/galileo-sx-ic,0.56413853
http://furryball.aaa-studio.eu/support/faq.html,0.56399715
http://www.mac52ipod.cn/post/apple-macpaint.php,0.56389517
http://search.auone.jp?link_u=&page=10&q=%EF%BF%BDw%EF%BF%BDO%EF%BF%BDQ%EF%BF%BDg%EF%BF%BDs+%EF%BF%BD%EF%BF%BD%EF%BF%BD%EF%BF%BD&qid=692848f3736b658989f718b20a053644&x=39&y=11,0.5630328
http://code.i-harness.com/es/q/56a43,0.5621313
http://casaoktavilla.com/hosting/ipsec.htm,0.56205356
http://freesvg.org/outstretched-hand-with-straight-lines,0.56191957
http://tyne.dl.ac.uk/twiki/bin/view/TWiki/TWikiScripts?rev=5&sortcol=1&table=23&up=0,0.5618088
http://www.tridimake.com/2014,0.5616636
http://padcom.aplaline.com/2016/01/web-platform-performance-comparison.html,0.5615845
http://kaatee.com/blog?page_id=2545,0.56136644
http://www.mytipshub.com/wp-engine-alternatives,0.56076497
http://fileconverter.xyz/convert-to-mp4,0.56068176
http://www.phpbb.com/community/viewtopic.php?start=30&t=2455356,0.5605975
http://blog.stevenlevithan.com/archives/fixing-javascript-regexp,0.5604911
http://jeremykun.com/2012/12/08/groups-a-primer?_wpnonce=7fc86f8119&like_comment=50702,0.5603647
http://errorfixer.co/check-update-size-windows-10,0.56015617
http://www.codestream.com?utm_medium=recognition_post&utm_source=devto,0.5600422
http://www.comindware.com/ru/blog-division-labor-lowers-productivity,0.5595514
http://videogamegeek.com/videogame/78116/spellforce-2-shadow-wars,0.5588033
http://files.error-dll.info/file/vapor_apidll,0.55863774
http://drivercentre.net/download-driver-hp-officejet-5610-all-in-one-printer-and-install.html,0.55817705
http://www.dumpanalysis.org/blog/index.php/2011/12/03/crash-dump-analysis-patterns-part-27c,0.5580949
http://it.imyfone.com/ios-data-recovery/is-imyfone-d-back-safe,0.5573449
http://lauriehatch.com/Image.asp?AKey=6Q457TBG&ImageID=1918507,0.55719745
http://www.ghacks.net/2008/12/08/choosing-the-right-distributio-will-ease-your-migration,0.5565213
http://mortimertheslugcomic.com/2016/04/16/dog-part-6-of-11,0.5559613
http://9evnts.com/events/learning_education/puzzles-logic-and-math-games-22-aug-2016-00-00,0.55581784
http://dbpedia.org/page/Category:Pan_American_Games_silver_medalists_for_Honduras,0.5557409
http://tatourian.blog/2012/11/27/website-security-clickjacking-defenses,0.55502635
http://macmanx.com/tag/mobile,0.5547104
http://www.794point8.com/blog/tag/broken-rules+multijoueurs+navigateur-web+ufuoma-ohwosoro+inclassable,0.5546346
http://www.icanmakestuff.com,0.5543413
http://www.eljijinews.com/tehnologie-2/gama-xperia-z-update-la-lollipop,0.5536275
http://mikecrowley.us/2016/03/02/enablingdisabling-aad-connects-automatic-upgrade-feature,0.5534045
http://rvincent.digital-nerv.net/2012/05,0.5532148
http://www.centinosystems.com/blog/category/hardware,0.55293804
http://www.wikidata.org/wiki/Q164651?uselang=ca,0.552865
http://syllogisms.wordpress.com,0.55187243
http://decko.org/RESTful_Web_API?view=expanded_bar,0.55135703
http://www.javadoc.io/static/org.scala-lang/scala-library/2.9.0-1/scala/collection/generic/ClassManifestTraversableFactory$GenericCanBuildFrom.html,0.5507276
http://www.zdnet.com/pictures/1968-2018-50-years-of-technology-breakthroughs/14,0.5501966
http://licensedfull.com/express-vpn-crack,0.5500243
http://www.haroldstreet.org.uk/waypoints/download?hillnumber=17175,0.54998994
http://barricklab.org/twiki/bin/view/TWiki/TWikiScripts?rev=17&sortcol=1&table=9&up=0,0.54998934
http://barricklab.org/twiki/bin/view/TWiki/TWikiScripts?rev=17&sortcol=0&table=14&up=0,0.54998934
http://www.javadoc.io/static/org.scala-lang/scala-library/2.10.6/scala/collection/GenIterableViewLike$EmptyView.html,0.5493722
"http://forum.lazarus.freepascal.org/index.php/topic,50920.msg372987.html",0.54933274
"http://forum.lazarus.freepascal.org/index.php/topic,50920.msg373002.html",0.54933274
http://reference.codeproject.com/Book/dom/biquadfilternode,0.5491123
http://jeremykun.com/2015/05/18/boosting-census?_wpnonce=d70efddcbb&like_comment=83436,0.5485876
http://www.retrocomp.si/cms/2020/12/21/test-drive,0.54758793
http://natuurfotoalbum.eu/picture.php?/21306/category/26=,0.54606736
http://ja.dbpedia.org/page/%E3%83%9B%E3%83%B3%E3%83%80%E3%83%BBRA300,0.5460094
http://forum.freegamedev.net/viewtopic.php?f=3&start=25&t=3468,0.54588115
http://hackage.haskell.org/package/ghci-ng-7.6.3.5,0.54572856
http://softkeybox.com/sparkocam-crack,0.54521847
http://www.fosspatents.com/2011/01?m=0,0.5452069
http://bbc-blog.net/author/sempervirentz/page/6,0.5447384
http://ja.aprs.fi?c=raw&call=LB0SG-B,0.5446994
http://presscustomizr.com/customizr-v3-1-5-is-live-new-options-and-more-extensible-than-ever?replytocom=24549,0.54420686
http://www.meetcortex.com/blog/artificial-intelligence/applications-artificial-intelligence-marketing-data-analysis,0.5437834
http://photo-monster.ru/books/read/chto-snimat-ili-kak-truditsya-nad-ideey-1.html,0.54373485
http://www.wiliam.com.au/wiliam-blog/web-design-sydney-saucey-nunit-front-end-unit-testing,0.54293275
http://lfkdsk.github.io/learn-sicp-6,0.54286724
http://directory.askbee.net/user_groups/blogs/blog_hosting,0.5419214
http://wiki.caida.org/twiki/bin/rdiff/TWiki/TWikiScripts?sortcol=2&table=213&type=history&up=0,0.54183364
http://namepedia.org/ro/real_people/Carlo_Costantini,0.5414884
http://briansuk.medium.com,0.54096276
http://durak.org/photos/jsf/30492539742/Backyard-buddy-its-a-big-something-Name-that-fence-sitting-bug-sandiego-bug-backyard,0.54094243
http://www.journeyintocode.com/search/label/ViewModel,0.5405016
http://www.egocube.pe.kr/Translation/Content/asp-net-mvc/201305210001,0.5402397
http://pythondigest.ru/view/54455,0.5401312
http://twiki.npl.illinois.edu/bin/view/TWiki/TWikiScripts?cover=print%3Bcover%3Dprint%253bcover%253dprint%25253bcover%25253dprint%2525253bcover%2525253dprint%252525253bcover%252525253dprint%25252525253brev%25252525253d12%25252525253bsortcol%25252525253d2%25252525253btable%25252525253d22%25252525253bup%25252525253d0%252525253brev%252525253d12%252525253bsortcol%252525253d1%252525253btable%252525253d9%252525253bup%252525253d0%2525253brev%2525253d12%2525253bsortcol%2525253d0%2525253btable%2525253d9%2525253bup%2525253d0%25253brev%25253d12%25253bsortcol%25253d0%25253btable%25253d17%25253bup%25253d0%253brev%253d12%3Brev%3D12%3Bsortcol%3D2%3Btable%3D10%3Bup%3D0&rev=12&sortcol=2&table=12&up=0,0.53952646
http://twiki.npl.illinois.edu/bin/view/TWiki/TWikiScripts?cover=print%3Bcover%3Dprint%253bcover%253dprint%25253bcover%25253dprint%2525253bcover%2525253dprint%252525253brev%252525253d12%252525253bsortcol%252525253d2%252525253btable%252525253d22%252525253bup%252525253d0%2525253brev%2525253d12%2525253bsortcol%2525253d1%2525253btable%2525253d9%2525253bup%2525253d0%25253brev%25253d12%25253bsortcol%25253d0%25253btable%25253d17%25253bup%25253d1%253brev%253d12%253bsortcol%253d2%253btable%253d16%253bup%253d0%3Brev%3D12%3Bsortcol%3D0%3Btable%3D23%3Bup%3D0&rev=12&sortcol=0&table=16&up=0,0.53952646
http://www.nextinpact.com/article/10574/85454-freebsd-10-0-disponible-en-version-finale,0.53950894
http://blog.malwaremustdie.org/2014/05/a-journey-to-ftp-abused-sites-story-of.html,0.5393852
http://minecraft-ko.gamepedia.com/Java_Edition_%EB%A0%88%EB%B2%A8_%ED%8F%AC%EB%A7%B7?veaction=edit,0.5390253
http://esr.ibiblio.org?p=280&replytocom=35948,0.5385845
http://alexyork.net,0.53832805
"http://reprap.org/forum/read.php?13,16148,16627=",0.5382585
http://twiki.npl.illinois.edu/bin/view/TWiki/TWikiScripts?cover=print%3Bcover%3Dprint%253bcover%253dprint%25253bcover%25253dprint%2525253bcover%2525253dprint%252525253bcover%252525253dprint%25252525253bcover%25252525253dprint%2525252525253brev%2525252525253d11%25252525253brev%25252525253d11%25252525253bsortcol%25252525253d0%25252525253btable%25252525253d23%25252525253bup%25252525253d0%252525253brev%252525253d11%252525253bsortcol%252525253d0%252525253btable%252525253d8%252525253bup%252525253d0%2525253brev%2525253d11%2525253bsortcol%2525253d1%2525253btable%2525253d11%2525253bup%2525253d0%25253brev%25253d11%25253bsortcol%25253d0%25253btable%25253d24%25253bup%25253d0%253brev%253d11%3Brev%3D11&rev=11&sortcol=0&table=11&up=0,0.53612673
http://android.serverbox.ch?p=549&replytocom=27567,0.53567564
http://www.semanticjuice.com/medicaid/hrsa.gov,0.535173
http://toidicodedao.com/2017/12/05/ngay-xua-lap-trinh-la-chuyen-cua-dan-ba?_wpnonce=1377820eab&like_comment=8940,0.53474605
http://mfikri.com/en/blog/codeigniter4-restful-api,0.53424466
http://wiki.inf.ed.ac.uk/TWiki/TWikiVariables?cover=print%3Bsortcol%3D2%3Btable%3D13%3Bup%3D&sortcol=0&table=21&up=0,0.53227216
http://wiki.inf.ed.ac.uk/TWiki/TWikiVariables?cover=print%3Bcover%3Dprint%253bcover%253dprint%25253bcover%25253dprint%2525253bcover%2525253dprint%252525253bcover%252525253dprint%25252525253bsortcol%25252525253d2%25252525253btable%25252525253d13%25252525253bup%25252525253d%252525253bsortcol%252525253d%252525253btable%252525253d21%252525253bup%252525253d%2525253bsortcol%2525253d1%2525253btable%2525253d13%2525253bup%2525253d%25253bsortcol%25253d1%25253btable%25253d13%25253bup%25253d%253bsortcol%253d1%253btable%253d21%253bup%253d%3Bsortcol%3D1%3Btable%3D13%3Bup%3D&sortcol=2&table=1&up=0,0.53227216
http://wiki.inf.ed.ac.uk/TWiki/TWikiVariables?cover=print%3Bcover%3Dprint%253bname%253dSamantha%253bage%253d24%253beyes%253dblue%253bsortcol%253d1%253btable%253d3%253bup%253d%3Bsortcol%3D1%3Btable%3D4%3Bup%3D&sortcol=0&table=23&up=0,0.53227216
http://wiki.inf.ed.ac.uk/TWiki/TWikiVariables?cover=print%3Bcover%3Dprint%253bcover%253dprint%25253bcover%25253dprint%2525253bcover%2525253dprint%252525253bsortcol%252525253d2%252525253btable%252525253d13%252525253bup%252525253d%2525253bsortcol%2525253d2%2525253btable%2525253d20%2525253bup%2525253d%25253bsortcol%25253d1%25253btable%25253d23%25253bup%25253d%3Bsortcol%3D%3Btable%3D19%3Bup%3D1&sortcol=1&table=8&up=0,0.53227216
http://wiki.inf.ed.ac.uk/TWiki/TWikiVariables?cover=print%3Bcover%3Dprint%253bcover%253dprint%25253bcover%25253dprint%2525253bcover%2525253dprint%252525253bcover%252525253dprint%25252525253bsortcol%25252525253d2%25252525253btable%25252525253d13%25252525253bup%25252525253d%252525253bsortcol%252525253d2%252525253btable%252525253d20%252525253bup%252525253d%2525253bsortcol%2525253d%2525253btable%2525253d19%2525253bup%2525253d%25253bsortcol%25253d2%25253btable%25253d11%25253bup%25253d%253bsortcol%253d2%253btable%253d11%253bup%253d%3Bsortcol%3D%3Btable%3D16%3Bup%3D&sortcol=2&table=3&up=0,0.53227216
http://wiki.inf.ed.ac.uk/TWiki/TWikiVariables?cover=print%3Bname%3DSamantha%3Bage%3D24%3Beyes%3Dblue%3Bsortcol%3D1%3Btable%3D4%3Bup%3D&sortcol=0&table=14&up=0,0.5322721
http://chemteam.info/Nomenclature/Nomenclature.html,0.5311717
http://esr.ibiblio.org?p=4335&replytocom=380597,0.53071624
http://classify.oclc.org/classify2/ClassifyDemo?wi=962415281,0.53023684
http://classify.oclc.org/classify2/ClassifyDemo?ident=1217626,0.53023684
http://classify.oclc.org/classify2/ClassifyDemo?wi=18047904,0.53023684
http://www.toontricks.com/2019/06/tutorial-whats-best-way-to-avoid-lots.html,0.5298934
http://www.icydiablog.com/cydia-ipod-download-install-cydia-ipod-touch,0.52951765
http://cracksoft.club/microsoft-office-2016-free-download-full-version-for-windows-10,0.5285401
http://downloadprojecttopics.com/blog/2016/09/24/naira-devaluation-project-topics,0.5278634
http://gitter.im/FreeCodeCamp/HelpFrontEnd/archives/2016/07/05?at=577b4d9069ed53d81430a55a,0.52779067
http://tutes.in/quick-tips-on-american-sales-tax-for-developers-who-are-setting-up-an-ecommerce-store-for-usa-based-organization,0.52735305
http://ajaxray.com/blog/multiple-sites-with-apache-server-on-different-ports-or-domains?replytocom=68970,0.52722543
http://piggydb.net/2012/06/20/the-piggydb-way-1-tag-as-concept-over-tag-as-index?replytocom=16731,0.5268145
http://pt.dbpedia.org/resource/Categoria:Singles_de_R&B,0.525566
http://legacy.imal.org/en/activity/projection-forms-and-spaces,0.5251994
http://www.righto.com/2019/11/tros-how-ibm-mainframes-stored.html,0.52474284
http://hackage.haskell.org/package/network-2.7.0.1,0.52466583
http://www.flowstopper.org/2013/10/intellij-idea-stopped-working-after.html,0.52439725
http://yalelawtech.org/2009/11/09/we-are-anonymous-we-are-legion?replytocom=488,0.52428913
http://yalelawtech.org/2009/11/09/we-are-anonymous-we-are-legion?_wpnonce=80626a9796&like_comment=490,0.52428913
http://yalelawtech.org/2009/11/09/we-are-anonymous-we-are-legion?replytocom=486,0.52428913
http://lifehacker.com/how-to-master-microsoft-office-word-1767504409,0.5235782
http://www.h264info.com/links.html,0.52266276
http://www.omega34.dyndns.org/twiki/bin/view/TWiki/TWikiScripts?cover=print&rev=5&sortcol=2&table=13&up=1,0.5226623
http://coolbutuseless.github.io/2020/11/05/a-chess-engine-in-rstats-proof-of-concept-using-stockfish,0.5224929
http://decayoflogos.gamepedia.com/Template:Citation_needed/doc,0.5224788
http://twiki.nevis.columbia.edu/twiki/bin/view/Main/ListOfMachines?cover=print&rev=23&sortcol=2&table=4&up=0,0.520668
http://sbt-test.azurewebsites.net/ru/articles/e/%D0%B2-%D1%82%D1%80%D0%B0%D0%B4%D0%B8%D1%86%D0%B8%D0%BE%D0%BD%D0%BD%D0%BE%D0%BC-%D1%80%D0%B0%D1%81%D0%BA%D0%B0%D0%B4%D1%80%D0%BE%D0%B2%D0%BA%D0%B0,0.52003336
http://lore.kernel.org/linux-arm-kernel/20190919150634.GE1013538@lophozonia,0.52001286
http://twiki.npl.illinois.edu/bin/view/TWiki/TWikiVariables?cover=print%3Bcover%3Dprint%253bcover%253dprint%25253bcover%25253dprint%2525253bcover%2525253dprint%252525253brev%252525253d85%252525253bsortcol%252525253d0%252525253btable%252525253d41%252525253bup%252525253d1%2525253brev%2525253d85%2525253bsortcol%2525253d0%2525253btable%2525253d16%2525253bup%2525253d0%25253brev%25253d85%25253bsortcol%25253d0%25253btable%25253d34%25253bup%25253d0%253brev%253d85%253bsortcol%253d2%253btable%253d24%253bup%253d0%3Brev%3D85%3Bsortcol%3D1%3Btable%3D8%3Bup%3D0&rev=85&sortcol=1&table=24&up=0,0.5199782
http://www.base64encode.net/share/Gdpe,0.51996446
http://brian-candler.medium.com/linstor-networked-storage-without-the-complexity-c3178960ce6b,0.51932627
http://www.findip-address.com/192.168.18.10,0.51927274
"http://id.dbpedia.org/page/Tucson,_Arizona",0.5184691
http://tuhrig.de/3-ways-of-installing-oracle-xe-11g-on-ubuntu?replytocom=256,0.51842016
http://developer.entur.org/pages-real-time-intro,0.5177024
http://www.bigdatavietnam.org/2014/01,0.5175663
http://emojipedia.org/apple/ios-13.2/monkey,0.5152755
http://www.instintoprogramador.com.mx/2020/11/como-escribir-codigo-limpio.html,0.5151562
http://phosphatases.com/2019/02,0.5150158
http://www.technologizer.com/2008/11/06/please-pc-makers-dont-screw-up-windows-7,0.5147332
http://db-ip.com/62.71.215.200,0.51460344
http://1494.kz?query=whatsup+for+samsung+java+mobile,0.5137734
http://blog.advantageevangelist.com/2008,0.5136187
http://www.primidi.com/mev,0.51300126
http://www.biostack.org?bddfa/aksvxqjHwc.shtml=,0.51297337
"http://taciusgoldinghigh.com/ee4zo/83837a-how-far-is-umatilla,-florida-from-here",0.5118333
http://rjlipton.wordpress.com/2010/01/17/a-limit-of-first-order-logic,0.5117688
http://0x0fff.com/spark-architecture?replytocom=1904,0.51124007
http://m.free-hack-tool.com/bingo-blitz-hack,0.5106199
http://db-ip.com/102.248.32.0,0.5099644
http://wiki.godvillegame.com/Bulletproof_Pest,0.5097662
http://downloadgamesnow.org/angry-birds-rio,0.5095265
http://bafybeicgmdpvw4duutrmdxl4a7gc52sxyuk7nz5gby77afwdteh3jc5bqa.ipfs.dweb.link/wiki/POSIX.html,0.50883764
http://www.unseen64.net/2019/11/09/stuntpigs-gamecube-cancelled,0.50875545
http://sonnym.github.io/2015/01/21/using-defined-properties-for-better-angularjs-directives,0.5078964
http://korniichuk.medium.com,0.507859
http://coverjunction.com/solve-preparing-automatic-repair,0.50725186
http://video.math.cnrs.fr/magie-en-base-deux,0.50645673
http://www.openfile.me/96,0.50601757
http://dragon-quest.org/wiki/Dragon_Quest_XI,0.50586605
http://docs.freebsd.org/en/books/fdp-primer,0.505248
http://pcugmi.wordpress.com/2012/01,0.5042351
http://dbpedia.org/describe?url=http%3A//dbpedia.org/resource/England,0.5021392
http://vladcazan.com/blog/wii-remote-hacking,0.5020804
http://ropengov.github.io/geofi/articles/geofi_making_maps.html,0.5011989
http://woodstockminorhockey.com/Teams/2787/TryoutList,0.5011872
http://www.projectcest.be/wiki/MAM,0.5007428
http://stein-doktor-leipzig.de/2019/11/23/terrasse-reinigen-mit-hochdruckreiniger-in-leipzig-naturstein-tipps-und-informationen-stein-doktor,0.5002296
http://dot.kde.org/comment/28173,0.49945715
http://ronald-tan.com/tag/fresh-garden-salad,0.4983712
http://www.halfbakery.com/idea/SuperConductor_20Balloon,0.49733073
http://improve.dk/simple-as3-stack-implementation,0.49721408
http://blog.alutam.com/2012/04/01/optimizing-macos-x-lion-for-ssd/comment-page-1?replytocom=1412,0.49681097
http://www.z80.eu/blog/index.php?m=04&y=18,0.49672276
http://blog.jthink.net/2019/01/hint-and-tipshow-to-install-songkong.html,0.49564487
http://5argon.blogspot.com/2013/12/agile-spotify-part-1.html,0.49560928
http://infra-site.ru/armavir/dictionary/metateg,0.4955325
http://hackaday.com/2014/05/16/augmented-reality-with-an-fpga?replytocom=1472906,0.49533013
http://elifesciences.org/articles/63035,0.4949079
http://lore.kernel.org/lkml/20190129113132.793681839@linuxfoundation.org,0.4947459
http://inbox.dpdk.org/stable/20210108094149.215384-3-maxime.coquelin@redhat.com,0.49463364
http://lists.freepascal.org/pipermail/fpc-devel/2014-July/034078.html,0.4940217
http://www.solidsmack.com/design/the-amazingly-intricate-process-of-letterpress,0.49369004
http://gurney.co.education/2008/12/09/200812open-source-image-programming-html,0.49283797
http://lkml.org/lkml/2009/6/22/167,0.4922828
http://www.waymarking.com/waymarks/WM120RY_Stained_Glass_Windows_Holy_Trinity_Blacktoft_East_Riding_of_Yorkshire,0.49144727
http://lifehacker.com/not-being-a-troll-isnt-enough-a-handbook-to-being-a-mo-5885282,0.4905622
http://www.lexvo.org/page/term/eng/runaway,0.48983994
http://wiki.archiveteam.org/index.php/Vaporwave.me,0.48949462
http://people.maths.bris.ac.uk/~matyd/GroupNames/320/C2%5E4.14D10.html,0.4892768
http://desibeautyblog.com/tag/hormones,0.48844448
http://basecamppro.com/blogorama/page/30,0.48773533
http://volitudesports.com/huntington-beach,0.4876876
http://mojnumerip.pl,0.48765427
http://wiki.teamfortress.com/wiki/Sjin's_Generous_Guise,0.48695654
http://upverter.com/design/felipellrocha/0000000000003485/untitled-design,0.4869138
http://java2novice.com/spring-boot/springbootapplication-annotation,0.4866378
http://zims-en.kiwix.campusafrica.gos.orange.com/wikipedia_en_all_nopic/A/Read_(system_call),0.48608375
http://blog.appstudio.dev/2012/09/ajax-made-simple-part-9-cross-origin-resource-sharing,0.48573077
http://people.maths.bris.ac.uk/~matyd/GroupNames/480/C2%5E3.28D30.html,0.48466435
http://www.narrowgate-rmartin.com/dyson-d15,0.48379946
http://davidpapkin.net/create-azure-data-factory-from-cloudshell-by-david-papkin,0.48354155
http://doubledeej.blogspot.com/2009/05,0.4819321
http://www.redshiftmantra.com/author/secure_admin,0.48052353
http://gitter.im/FreeCodeCamp/HelpFrontEnd/archives/2016/12/27?at=5862c3a97a3f79ef5da93bcf,0.47976726
http://gitter.im/FreeCodeCamp/HelpFrontEnd/archives/2016/12/27?at=5862a6cae7bdfe4e29a366d6,0.47976723
http://docs.pgrouting.org/2.0/en/src/apsp_johnson/doc/index.html,0.4789269
http://computerrepairshop.co.uk/malware,0.47868845
http://neizod.dev/2012/12/14/9-div-3-mul-group-2-plus-1.html,0.47866577
http://includestdio.com/7657.html,0.4776144
http://commons.wikimedia.org/wiki/Template:PD-USGov/17_U.S._Code_%C2%A7_105,0.47635034
http://foldoc.org/jump,0.47622257
http://ottopress.com/2012/internationalization-youre-probably-doing-it-wrong?replytocom=13626,0.472951
http://unitstep.net/blog/tag/programming,0.47278512
http://wiki.ruk.ca/wiki/Ruby,0.47269154
http://dict.cn/tipping%20tube,0.47234827
http://blog.scssoft.com/2017/02,0.472331
http://glue-labs.com/articoli/mdm-mobile-device-managemente-cosa-e-impresa-tecnologia,0.47217622
http://glbalend.medium.com?source=post_internal_links---------1----------------------------,0.471923
http://jeremykun.com/2014/03/13/programming-with-finite-fields?_wpnonce=0750d5dc11&like_comment=59293,0.47189793
http://java2novice.com/java_interview_questions/destroy_session,0.4708472
http://www.badorrad.com/category/nintendo/nintendods,0.46697253
http://theuniversalmatrix.com/pt-br/artigos?tag=homosexualismo,0.46691313
http://www.cosonok.com/2010,0.46414998
http://www.kennynet.co.uk/2008/12,0.4627612
http://ffglitch.org/what,0.4618689
http://ennyman.medium.com/a-medley-of-snippets-from-around-the-web-elon-musk-frank-zappa-the-beatles-dave-barry-and-more-b7eac0a3bdcf?readmore=1&source=---------8----------------------------,0.46172374
http://afni.nimh.nih.gov/pub/dist/doc/program_help/3dNwarpCalc.html,0.46122867
http://lists.boost.org/Archives/boost/2013/04/202936.php,0.46052036
http://archiv.ub.uni-heidelberg.de/volltextserver/26160,0.4604867
http://www.pimpingthepenguin.com,0.45968285
http://saudibeautyblog.com/tag/ways,0.45938262
http://fossil-scm.org/home/draft1/doc/trunk/www/rebaseharm.md,0.45723152
http://db-ip.com/135.137.19.194,0.45682156
http://www.cloudhq.net/synchronize/fastmail_mail/google_calendar,0.45635504
http://www.mksecrets.net/index.php?contentID=5389&lang=eng&section=emulation,0.45475197
http://msiafterburner.online,0.4543935
http://webmail.joomla-tips.net/developer-tools/how-to-detect-joomla-version-withouth-having-access-to-admin.html,0.4527338
http://thedeesanction.com/playtesting-at-dragonmeet-the-table,0.45073074
http://soziales-dorf.eu/module-news-display-sid-486.html,0.4505378
http://www.magicalnumber.com/2013/07/myth-or-magic-five-to-nine-as-guideline.html,0.4470896
http://parrot.github.io/parrot-docs5/5.9.0/html/docs/tests.pod.html,0.4400686
http://ossguy.com?p=841&replytocom=511,0.4381534
http://blog.medio.cz/duckduckgo-instant-answers,0.43710965
http://ne.en.cx/HowTo.aspx?about=ClassicCombatDescription,0.4359491
http://sourceandresource.com/2013/03/15,0.43398193
http://news.ycombinator.com/item?id=19018185,0.43349046
http://mcluhangalaxy.wordpress.com/2017/08/16/the-first-polish-translation-of-the-gutenberg-galaxy-just-published,0.4334244
http://sha1.gromweb.com?string=az123456,0.43184552
http://wellgames.com/free_online/just-words,0.42940506
http://checkout.freemius.com/mode/dialog/plugin/6869/plan/11189/licenses/unlimited,0.4251066
http://eyeland.in/diagram/h-andbook-of-thermodynamic-diagrams-yaws-carl-l,0.42244262
http://gitter.im/FreeCodeCamp/HelpFrontEnd/archives/2016/04/11?at=570af8a11ee04bd23b770fee,0.4197949
http://routinepanic.com/questions/why-are-python-lambdas-useful,0.4125818
http://blade.nagaokaut.ac.jp/cgi-bin/scat.rb/ruby/ruby-talk/349110,0.41108978
http://giteinbrittany.blogspot.com/2009/12,0.40666726
http://sha1.gromweb.com?hash=384f0f1281ecfc0f47d5a7eae77e2739e0bc20db,0.40250447
http://gitter.im/BSData/wh40k/archives/2019/02/28?at=5c77ff9ac1cab53d6f52a493,0.3779046
http://blog.gilbertconsulting.com/2009/12/photoshop-cs4-and-photocd.html,0.34964773
http://maanumberaday.blogspot.com/2012/11,0.3353002
