url,centroid_sim
http://sharifpajuh.ir/post/%D8%B3%D9%81%D8%A7%D8%B1%D8%B4-%D8%A7%D9%86%D8%AC%D8%A7%D9%85-%D9%BE%D8%B1%D9%88%DA%98%D9%87-%D8%AA%D8%B4%D8%AE%DB%8C%D8%B5-%D8%A7%D8%B3%D9%BE%D9%85-%D8%A8%D8%A7-%D8%AA%D9%84%D9%81%DB%8C%D9%82-%D8%B1%D9%88%D8%B4-%D9%87%D8%A7%DB%8C-%D8%AF%D8%B1%D8%AE%D8%AA-%D8%AA%D8%B5%D9%85%DB%8C%D9%85-%D9%88-%D8%A7%D9%84%DA%AF%D9%88%D8%B1%DB%8C%D8%AA%D9%85-%D8%B1%D9%82%D8%A7%D8%A8%D8%AA-%D8%A7%D8%B3%D8%AA%D8%B9%D9%85%D8%A7%D8%B1%DB%8C,0.9851326
http://wikiarab.com/%D8%AF%D9%88%D9%84%D8%A9-%D8%A7%D9%84%D8%AE%D9%84%D8%A7%D9%81%D8%A9-%D8%A7%D9%84%D8%B1%D8%A7%D8%B4%D8%AF%D8%A9,0.9844973
http://debook.ir/product/swallow-the-frog-book,0.9838427
http://text-translator.com/translation_psychology,0.98355603
http://stereo-ve-mono.com/15141,0.98332226
http://mashrqnews.com/post/59828/%D8%A7%D9%84%D9%85%D8%B4%D8%B1%D9%82-%D9%86%D9%8A%D9%88%D8%B2-%D8%AA%D9%83%D8%B4%D9%81-%D8%A7%D9%84%D9%85%D8%AF%D8%B1%D8%A8-%D8%B9%D8%B2%D9%85%D9%8A-%D9%86%D8%B5%D8%A7%D8%B1-%D9%85%D8%A7%D8%AA-%D9%85%D8%B3%D9%84%D9%85%D8%A7,0.98301375
http://www.moonmasr.com/chat-sa/chat-diriyah-saudi,0.98293173
http://karfah.ir/%D8%A7%D8%B3%D8%AA%D8%A7%D9%86-%DA%A9%D9%87%DA%A9%DB%8C%D9%84%D9%88%DB%8C%D9%87-%D9%88-%D8%A8%D9%88%DB%8C%D8%B1%D8%A7%D8%AD%D9%85%D8%AF,0.9829183
http://www.moubarat.com/2020/08/%D9%83%D8%B1%D9%8A%D8%B3%D8%AA%D9%8A%D8%A7%D9%86%D9%88-%D8%B1%D9%88%D9%86%D8%A7%D9%84%D8%AF%D9%88-%D8%B4%D8%B1%D9%8A%D9%83-%D9%87%D8%AC%D9%88%D9%85-%D9%8A%D9%88%D9%81%D9%86%D8%AA%D9%88%D8%B3.html,0.9814747
http://jeninalhadath.com/%D8%AA%D8%B4%D9%8A%D9%84%D8%B3%D9%8A-%D9%8A%D8%AA%D8%B9%D8%A7%D8%AF%D9%84-%D9%85%D8%B9-%D8%B3%D8%A7%D9%88%D8%AB%D8%A7%D9%85%D8%A8%D8%AA%D9%88%D9%86-%D9%81%D9%8A-%D9%85%D8%A8%D8%A7%D8%B1%D8%A7%D8%A9,0.9812474
http://vindad.com/blog/%D9%82%D8%B1%D8%A7%D8%B1%D8%AF%D8%A7%D8%AF-%D8%AE%D8%B1%DB%8C%D8%AF-%D9%88-%D9%81%D8%B1%D9%88%D8%B4-%D9%85%D8%A7%D8%B4%DB%8C%D9%86-%D8%A2%D9%84%D8%A7%D8%AA-%D9%88-%D9%82%D8%B7%D8%B9%D8%A7%D8%AA,0.98108685
http://milog.co.il/%D7%97%D7%A8%D7%99%D7%95%D7%9F,0.980507
http://tinynews.vip/biography/baran-kosari,0.98048425
http://www.saqya.com/%D8%B1%D8%B3%D8%A7%D8%A6%D9%84-%D8%A3%D9%88%D8%B3%D8%AA%D8%B1-%D9%88%D9%83%D9%88%D8%AA%D8%B2%D9%8A-%D8%B9%D9%86-%D8%A7%D9%84%D8%B5%D8%AF%D8%A7%D9%82%D8%A9,0.9798845
http://fatemiyehshiraz.ac.ir/fa/all-announcements/515-%D8%A7%D8%B7%D9%84%D8%A7%D8%B9%DB%8C%D9%87-%DA%86%D8%A7%D8%B1%D8%AA-%D8%AA%D8%AD%D8%B5%DB%8C%D9%84%DB%8C,0.9795856
http://ar.irakipedia.org/wiki/145/%D9%82%D8%B5%D8%B1-%D8%A7%D9%84%D9%85%D8%A4%D8%AA%D9%85%D8%B1%D8%A7%D8%AA,0.9794396
http://fussilat.org/2015/07/15/%D9%88%D8%A7%D9%84%D9%86%D8%AC%D9%85-%D8%A5%D8%B0%D8%A7-%D9%87%D9%88%D9%89%D8%8C-%D8%A7%D9%84%D8%A7%D8%B9%D8%AC%D8%A7%D8%B2-%D8%A7%D9%84%D8%B9%D9%84%D9%85%D9%8A-%D9%81%D9%8A-%D8%A7%D9%84%D9%82%D8%B1?_wpnonce=4d7dcde30d&like_comment=1544,0.97789085
http://mer30download.com/%D8%AA%DB%8C%D8%AA%D8%B1%D8%A7%DA%98-%D8%B3%D8%B1%DB%8C%D8%A7%D9%84-%D9%85%D8%AE%D8%AA%D8%A7%D8%B1%D9%86%D8%A7%D9%85%D9%87-%D8%A8%D8%B1%D8%AE%DB%8C%D8%B2-%DA%A9%D9%87-%D8%B4%D9%88%D8%B1-%D9%85%D8%AD,0.97773975
http://koocmusic.com/%D8%A8%D8%A7%D8%B2%DA%AF%D8%B4%D8%AA-%D8%A8%D9%86%DB%8C%D8%A7%D9%85%DB%8C%D9%86-%D8%A8%D8%B9%D8%AF-%D8%A7%D8%B2-%D8%B3%D9%87-%D8%B3%D8%A7%D9%84,0.9771607
http://fussilat.org/2013/05/15/%D9%88%D8%A7%D9%84%D9%89-%D8%A7%D9%84%D8%A7%D8%B1%D8%B6-%D9%83%D9%8A%D9%81-%D8%B3%D8%B7%D8%AD%D8%AA?_wpnonce=71de7bc1d1&like_comment=334,0.97692394
http://fussilat.org/2013/05/15/%D9%88%D8%A7%D9%84%D9%89-%D8%A7%D9%84%D8%A7%D8%B1%D8%B6-%D9%83%D9%8A%D9%81-%D8%B3%D8%B7%D8%AD%D8%AA?_wpnonce=59223900bd&like_comment=1657,0.97692394
http://www.kasetsomboon.org/oldweb/th/-9/2011-03-12-04-50-38.html,0.9767817
http://pars-hesab.ir/%D8%AB%D8%A8%D8%AA-%D8%A8%D8%B1%D9%86%D8%AF-%D8%B3%DB%8C%D9%85%DB%8C%D9%86-%D8%AF%D8%B4%D8%AA,0.97627884
http://mardebarani.ir/post/%D9%85%D8%B9%D8%B1%D9%81%DB%8C-%DA%A9%D8%AA%D8%A7%D8%A8-%D8%B5%D8%AF%D8%A7%D9%87%D8%A7%DB%8C%DB%8C-%D8%A7%D8%B2-%DA%86%D8%B1%D9%86%D9%88%D8%A8%DB%8C%D9%84,0.9761014
http://hamichlol.org.il/%D7%99%22%D7%96_%D7%91%D7%97%D7%A9%D7%95%D7%95%D7%9F,0.9751901
http://ta6.ir/%D8%AA%D8%A7%D8%AB%DB%8C%D8%B1-%DA%A9%D8%AA%D8%A7%D8%A8%E2%80%8C%D9%87%D8%A7%DB%8C-%D9%85%D8%B5%D9%88%D8%B1-%D8%A8%D8%B1%DA%A9%D8%AA%D8%A7%D8%A8%D8%AE%D9%88%D8%A7%D9%86-%D8%B4%D8%AF%D9%86-%DA%A9%D9%88,0.9745631
http://milog.co.il/%D7%A9%D7%A0%D7%AA_%D7%91%D7%A7%D7%A8/e_60621/%D7%93%D7%A7%D7%93%D7%95%D7%A7,0.97327936
http://www.arabexpert.co.il/2016/11/blog-post_6.html,0.9732296
http://www.omaniyat.net/vb/showthread.php?p=534523&s=80fc9f2c95ff1f7669826d36732e116e,0.9721203
http://gsabz.com/%D8%B1%D9%88%D8%B4-%D9%85%D8%B7%D8%A7%D9%84%D8%B9%D9%87-%D9%86%D9%81%D8%B1%D8%A7%D8%AA-%D8%A8%D8%B1%D8%AA%D8%B1,0.9717582
http://treasureteen.com/2018/09/10/%D7%A2%D7%9C-%D7%9E%D7%A2%D7%A8%D7%9B%D7%AA-%D7%94%D7%97%D7%99%D7%A0%D7%95%D7%9A-%D7%94%D7%97%D7%A8%D7%93%D7%99%D7%AA-%D7%95%D7%94%D7%90%D7%9D-%D7%94%D7%A6%D7%99%D7%91%D7%95%D7%A8-%D7%A6%D7%A8%D7%99?_wpnonce=8f281a2dd5&like_comment=488,0.97157717
http://cleaningmadina.com/%D8%B4%D8%B1%D9%83%D8%A9-%D8%AA%D9%86%D8%B8%D9%8A%D9%81-%D9%85%D9%88%D9%83%D9%8A%D8%AA-%D8%A8%D8%A7%D9%84%D8%A8%D8%AE%D8%A7%D8%B1-%D8%A8%D8%A7%D9%84%D8%B1%D9%8A%D8%A7%D8%B6,0.9712361
http://gamefa.com/721154/%D8%B3%DB%8C%D9%86%D9%85%D8%A7-%D9%81%D8%A7%D8%B1%D8%B3-%D9%85%D8%B3%DB%8C%D8%B1%DB%8C-%D8%AF%D8%B1%D8%AE%D8%B4%D8%A7%D9%86%D8%8C-%D9%85%D9%82%D8%B5%D8%AF%DB%8C-%D8%B4%D8%B1%DB%8C%D9%81%D8%9B-%D9%86,0.9700479
http://www.7tv.info/2020/10/917120.html,0.96944296
http://directfa.com/add-new-host,0.96896946
http://arab-deutschland.com/%D8%A7%D9%86%D8%AE%D9%81%D8%A7%D8%B6-%D9%85%D8%B9%D8%AF%D9%84-%D8%A7%D9%84%D9%87%D8%AC%D9%88%D9%85-%D8%B9%D9%84%D9%89-%D9%85%D8%B3%D8%A7%D9%83%D9%86-%D8%A7%D9%84%D9%84%D8%A7%D8%AC%D8%A6%D9%8A%D9%86,0.9682118
http://soodmand.com/agahi/%D8%A8%D8%AF%D9%86-%D9%BE%D8%B3-%D8%A7%D8%B2-%D8%AE%D9%88%D8%B1%D8%AF%D9%86-%D8%B3%DB%8C%D8%A8-%D8%B2%D9%85%DB%8C%D9%86%DB%8C-%D8%B3%D8%B1%D8%AE-%D8%B4%D8%AF%D9%87,0.96745163
http://hallesoall.ir/%D8%AF%D9%88%DA%A9%DB%8C-%D8%A8%D9%88%D8%AF%D9%86-%D8%A8%D8%AF%D9%86-%D9%85%D8%A7%D9%87%DB%8C-%D9%84%D8%BA%D8%B2%D9%86%D8%AF%D9%87-%D8%A8%D9%88%D8%AF%D9%86-%D8%B3%D8%B7%D8%AD-%D8%A8%D8%AF%D9%86,0.9664979
http://deltapayam.com/223337/%D8%AF%D9%86%D8%AF%D8%A7%D9%86-%D9%82%D8%B1%D9%88%DA%86%D9%87,0.96636444
http://www.mitaiman.com/%D7%A4%D7%A1%D7%97-%D7%A2%D7%92.html,0.9663135
http://www.1pezeshk.com/archives/2015/04/web-crawler-5.html,0.9657937
http://technoarabi.com/remove-static-electricity-from-pc,0.9645411
http://www.miteiman.com/%D7%90%D7%9C%D7%91%D7%95%D7%9D-%D7%A2%D7%9D-%D7%99%D7%91%D7%95%D7%90.html,0.9627652
http://www.roknnagd.com/%D9%85%D9%83%D8%A7%D9%81%D8%AD%D8%A9-%D8%AD%D8%B4%D8%B1%D8%A7%D8%AA-%D8%A8%D8%A7%D9%84%D9%82%D8%B5%D9%8A%D9%85,0.9626316
http://tomerpersico.com/2008/06/27/is-there-finally-an-israeli-suicidal-sect?_wpnonce=4702077c3b&like_comment=1985,0.9615466
http://tomerpersico.com/2008/06/27/is-there-finally-an-israeli-suicidal-sect?_wpnonce=c40dbf3a17&like_comment=9948,0.9615466
http://hamtamovie.cc/tag/%D8%AF%D8%A7%D9%86%D9%84%D9%88%D8%AF-%D8%AF%D9%88%D8%A8%D9%84%D9%87-%D9%81%D8%A7%D8%B1%D8%B3%DB%8C-%D9%81%D8%B5%D9%84-%D8%AF%D9%88%D9%85-%D8%B3%D8%B1%DB%8C%D8%A7%D9%84-the-protector,0.9613668
http://www.abtinchem.com/product/menthol,0.96059656
http://sahafatak.com/w/yemaniat,0.95943815
http://aya-cleaning-services.com/%D8%B4%D8%B1%D9%83%D8%A9-%D9%85%D9%83%D8%A7%D9%81%D8%AD%D8%A9-%D8%A7%D9%84%D8%B1%D9%85%D8%A9-%D9%81%D9%8A-%D8%A7%D9%84%D9%81%D8%AC%D9%8A%D8%B1%D8%A9,0.9585794
http://www.technologyh0use.com/download-minecraft,0.9582714
http://film2irani.ir/%D8%AF%D8%A7%D9%86%D9%84%D9%88%D8%AF-%D9%82%D8%B3%D9%85%D8%AA-%D8%B4%D8%B4%D9%85-6-%D8%B3%D8%B1%DB%8C%D8%A7%D9%84-%DA%A9%D8%B1%DA%AF%D8%AF%D9%86-%DA%A9%D8%A7%D9%85%D9%84,0.958135
http://mashhad.leasing-installment.com/tag/%E2%80%A2-%D8%AE%D9%88%D8%AF%D8%B1%D9%88%D8%B3%D8%A7%D8%B2%DB%8C-%DA%A9%DB%8C%D8%A7-%D8%AF%D8%B1-%D9%85%D8%B4%D9%87%D8%AF,0.9575521
http://www.akhbarboom.com/archives/128611,0.956792
http://mbmvs.com/%D8%AF%D8%A7%D9%86%D9%84%D9%88%D8%AF-%D8%B3%D8%B1%DB%8C%D8%A7%D9%84-%D8%AA%D8%B1%DA%A9%DB%8C-menajerimi-ara-%D8%A8%D8%A7-%D9%85%D8%AF%DB%8C%D8%B1-%D8%A8%D8%B1%D9%86%D8%A7%D9%85%D9%87-%D9%87%D8%A7,0.9565222
http://www.qatar-click.com/21-%D8%A3%D9%8A-%D8%B4%D9%8A%D8%A1-%D8%A2%D8%AE%D8%B1/20200-%D8%AD%D8%A7%D9%85%D9%84-%D8%A7%D9%84%D8%B6%D9%8A%D8%A7%D9%81%D8%A9-%D9%88-%D8%A7%D9%84%D9%85%D9%83%D8%B3%D8%B1%D8%A7%D8%AA.html,0.9558705
http://jichengxin.com/gsrw/listGsrwPage.do?gsrwid=gsrw-4-899879,0.9551655
http://www.karkan.ir/post-tag/%D8%B1%D9%88%D8%B3%D8%AA%D8%A7%DB%8C-%D8%A8%D8%B1%D9%87-%D8%B3%D8%B1-%D8%B1%D9%88%D8%AF%D8%A8%D8%A7%D8%B1,0.9526249
http://bitagallery.com/product/%D9%BE%D8%AA%D9%87-%D8%A8%DB%8C%D8%B6%DB%8C-2,0.95252085
http://blog.ravmilim.co.il/2015/12/24/%D7%93%D7%A8-%D7%A8%D7%95%D7%91%D7%99%D7%A7-%D7%A8%D7%95%D7%96%D7%A0%D7%98%D7%9C-%D7%94%D7%97%D7%AA%D7%95%D7%9C-%D7%94%D7%A1%D7%A7%D7%A8%D7%A0%D7%95%D7%AA-%D7%94%D7%A9%D7%9E%D7%A0%D7%AA-%D7%95?_wpnonce=48ece704e1&like_comment=5704,0.95247793
http://www.2all.co.il/web/Sites/amitnadav/PAGE25.asp,0.95217836
http://enfejar.vip/pishbini-football/tractor-sazi,0.9516496
http://www.herbal-export.com/fa/eye-treatment-medicinal-herbs,0.9509543
http://www.etnachta.co.il/tanach.php?book=%D7%99%D7%A9%D7%A2%D7%99%D7%94%D7%95&fromPasuk=15&fromPerek=11,0.9505719
http://www.etnachta.co.il/tanach.php?book=%D7%A9%D7%95%D7%A4%D7%98%D7%99%D7%9D&fromPasuk=21&fromPerek=8,0.9492488
http://www.yaserabuhilalah.com/%D8%A5%D9%86%D8%AC%D8%A7%D8%B2-%D9%84%D9%8A%D8%A8%D8%B1%D8%A7%D9%84%D9%8A-%D9%81%D9%8A-%D9%84%D9%8A%D8%A8%D9%8A%D8%A7,0.94845384
http://www.palcurr.com?qa=2173/,0.94781244
http://www.pdshinde.in/2017/07/blog-post_4.html,0.94666857
http://newsarabs24.com/16414,0.9416357
http://aburabe3.com/%D8%A3%D9%87%D9%84%D8%A7-%D8%A8%D8%A7%D9%84%D8%B9%D8%A7%D9%84%D9%85,0.94138986
http://www.saqya.com/tag/%D8%A8%D8%AF%D8%B1-%D8%B4%D8%A7%D9%83%D8%B1-%D8%A7%D9%84%D8%B3%D9%8A%D8%A7%D8%A8,0.9406816
http://www.nostylelike.com/%D9%85%D8%A7-%D9%87%D9%88-%D8%A7%D9%84%D9%87%D8%B1%D8%A8%D8%B3-%D8%A7%D9%84%D9%81%D9%85%D9%88%D9%8A-%D9%88%D9%85%D8%A7-%D8%A3%D8%B3%D8%A8%D8%A7%D8%A8%D9%87,0.94060576
http://3rdya.com/%D9%85%D8%A8%D8%A7%D8%B1%D8%A7%D8%A9-%D8%AA%D8%B3%D8%A8%D8%A8%D8%AA-%D9%81%D9%8A-%D9%88%D9%81%D8%A7%D8%A9-41-%D9%85%D8%B4%D8%AC%D8%B9%D9%8B%D8%A7,0.93901795
http://series-dl.ir/emtehan-nahaee,0.9389429
http://zemer.nli.org.il/artist/Bait_Lazemer900196586,0.9370636
http://tohidcarpet.ir/%D9%82%D8%A7%D9%84%DB%8C%D8%B4%D9%88%DB%8C%DB%8C-%D9%BE%D8%A7%D8%B3%D8%AF%D8%A7%D8%B1%D8%A7%D9%86,0.9353836
http://return2origins.com/--68,0.93533766
http://www.karkan.ir/post-5512,0.9340153
http://www.arrabita.ma/blog/%D9%81%D8%A7%D9%8A%D9%86%D8%A7%D9%86%D8%B4%D8%A7%D9%84-%D8%AA%D8%A7%D9%8A%D9%85%D8%B2-%D8%A7%D9%84%D9%85%D8%BA%D8%B1%D8%A8-%D9%8A%D9%86%D8%B9%D9%85-%D8%A8%D8%A7%D8%B3%D8%AA%D9%82%D8%B1%D8%A7%D8%B1,0.93272567
http://www.arageek.com/ibda3world/tourism-nature-in-indonesia,0.93210196
http://www.elnasim.com/%D8%B4%D8%B1%D9%83%D8%A9-%D9%85%D9%83%D8%A7%D9%81%D8%AD%D8%A9-%D8%A7%D9%84%D9%81%D8%A6%D8%B1%D8%A7%D9%86-%D8%A8%D8%B9%D8%B3%D9%81%D8%A7%D9%86,0.930084
http://www.karkan.ir/post-tag/orkide,0.92957544
http://www.katfal.com/2019/03/blog-post_66.html,0.92710286
http://www.7iber.com/technology/%D8%A7%D9%84%D8%A3%D8%AC%D9%87%D8%B2%D8%A9-%D9%88%D8%A7%D9%84%D8%B3%D9%84%D8%B7%D8%A9-%D9%88%D8%A7%D9%84%D9%88%D8%B9%D9%8A-%D8%A7%D9%84%D8%B3%D9%8A%D8%A7%D8%B3%D9%8A?utm_campaign=related&utm_medium=post&utm_source=yarpp,0.9242911
http://phetchaburi.go.th/phet2/CODE/content/read/127_%E0%B8%82%E0%B9%89%E0%B8%AD%E0%B8%A1%E0%B8%B9%E0%B8%A5%E0%B8%94%E0%B9%89%E0%B8%B2%E0%B8%99%E0%B8%81%E0%B8%B2%E0%B8%A3%E0%B8%97%E0%B9%88%E0%B8%AD%E0%B8%87%E0%B8%97%E0%B8%B5%E0%B9%88%E0%B8%A2%E0%B8%A7%E0%B8%88%E0%B8%B2%E0%B8%81%E0%B8%81%E0%B8%A3%E0%B8%B0%E0%B8%97%E0%B8%A3%E0%B8%A7%E0%B8%87%E0%B8%97%E0%B9%88%E0%B8%AD%E0%B8%87%E0%B9%80%E0%B8%97%E0%B8%B5%E0%B9%88%E0%B8%A2%E0%B8%A7%E0%B9%81%E0%B8%A5%E0%B8%B0%E0%B8%81%E0%B8%B5%E0%B8%AC%E0%B8%B2,0.9239659
http://topolchi.ir/%D8%B9%DA%A9%D8%B3-%D9%87%D8%A7%DB%8C-%D8%AC%D9%86%D8%AC%D8%A7%D9%84%DB%8C-%D8%B1%DB%8C%D8%AD%D8%A7%D9%86%D9%87-%D9%BE%D8%A7%D8%B1%D8%B3%D8%A7,0.92336965
http://shahrefarang.com/tag/building,0.91952336
http://alijah.work/%D8%AA%D9%81%D8%A7%D9%88%D8%AA-%D8%AA%D8%AD%D9%82%DB%8C%D9%82%D8%A7%D8%AA-%D8%A8%D8%A7%D8%B2%D8%A7%D8%B1-%D9%88-%D8%AA%D8%AD%D9%82%DB%8C%D9%82%D8%A7%D8%AA-%D8%A8%D8%A7%D8%B2%D8%A7%D8%B1%DB%8C%D8%A7,0.91844606
http://ar.irakipedia.org/wiki/3782/%D8%A7%D9%84%D8%AA%D8%AD%D8%A7%D9%84%D9%81-%D8%A7%D9%84%D9%85%D8%AF%D9%86%D9%8A-%D8%A7%D9%84%D8%AF%D9%8A%D9%85%D9%82%D8%B1%D8%A7%D8%B7%D9%8A,0.9182613
http://tieob.com/%D9%84%D9%8A%D8%A8%D9%8A%D8%A7-%D9%88%D8%A7%D9%84%D8%A7%D9%85%D9%85-%D8%A7%D9%84%D9%85%D8%AA%D8%AD%D8%AF%D8%A9,0.9165857
http://varesh-sport.com/%D8%B4%D9%87%D8%B1%D8%AF%D8%A7%D8%B1%DB%8C-%D8%B1%D8%B4%D8%AA-%D8%A8%D8%B1%D8%A7%DB%8C-%D9%85%D8%A7%D9%84%DA%A9%DB%8C%D8%AA-%D8%B3%D9%BE%DB%8C%D8%AF%D8%B1%D9%88%D8%AF-%D8%A8%D8%A7%DB%8C%D8%AF-1-5,0.91263616
http://www.tora.us.fm/tnk1/ktuv/thlim/th-38-14.html,0.9115956
http://shekli.com/product-tag/got?products-per-page=48,0.9107242
http://al-hadth.com?p=308676,0.9106227
http://www.ogurano.net/JpAr/member.php?s=b88a0ed73eba9be11b0c2c56518542ad&u=1276,0.90860164
http://career.najah.edu/node/1920,0.9036917
http://blog.ravmilim.co.il/2014/11/20/%D7%A8%D7%95%D7%91%D7%99%D7%A7-%D7%A8%D7%95%D7%96%D7%A0%D7%98%D7%9C-%D7%94%D7%92%D7%99%D7%A0%D7%92%D7%99-%D7%A0%D7%AA%D7%9F-%D7%A4%D7%A0%D7%93%D7%9C-%D7%91%D7%A4%D7%95%D7%A7%D7%A1?replytocom=4961,0.9036649
http://www.blshfa.com/drugs/cardiovascular-drugs/betacor-80mg,0.90365314
http://varesh-sport.com/%D9%86%D8%B4%D8%B3%D8%AA-%D9%85%D8%B4%D8%AA%D8%B1%DA%A9-%D8%A7%D9%85%DB%8C%D8%B1-%D8%B9%D8%A7%D8%A8%D8%AF%DB%8C%D9%86%DB%8C-%D9%88-%D9%87%DB%8C%DB%8C%D8%AA-%D9%85%D8%AF%DB%8C%D8%B1%D9%87-%DA%A9%D8%A7,0.90068567
http://www.marefa.org/Asaruludu,0.8993004
http://blog.ravmilim.co.il/2012/12/25/animals?_wpnonce=4262663d54&like_comment=2818,0.8961762
http://kharidrooz.ir/product/%D8%AA%D9%84%D9%88%DB%8C%D8%B2%DB%8C%D9%88%D9%86-65-%D8%A7%DB%8C%D9%86%DA%86-%D8%B3%D8%A7%D9%85%D8%B3%D9%88%D9%86%DA%AF-%D9%85%D8%AF%D9%84-65tu7000,0.8957889
http://led.q8tech.net/%D8%AA%D8%A3%D8%AC%D9%8A%D8%B1-%D8%B4%D8%A7%D8%B4%D8%A7%D8%AA-%D8%B9%D8%B1%D8%B6-%D9%81%D9%89-%D8%A7%D9%84%D9%83%D9%88%D9%8A%D8%AA,0.8949419
http://www.m-yehuda.org.il/%D7%9E%D7%95%D7%A7%D7%93-%D7%A4%D7%A0%D7%99%D7%95%D7%AA,0.89486206
http://www.m-yehuda.org.il/%D7%A4%D7%A2%D7%99%D7%9C%D7%95%D7%AA-%D7%94%D7%99%D7%97%D7%99%D7%93%D7%94-%D7%91%D7%A9%D7%A0%D7%AA-%D7%94%D7%A2%D7%91%D7%95%D7%93%D7%94-2019,0.8859162
http://tafsiralahlam.info/%D8%A7%D9%84%D9%8A%D8%A7%D8%B3%D9%85%D9%8A%D9%86-%D9%81%D9%8A-%D8%A7%D9%84%D9%85%D9%86%D8%A7%D9%85,0.8821105
http://www.lifestories2.info/2020/01/20/%D7%A1%D7%90%D7%A0%D7%93%D7%A8%D7%94-%D7%91%D7%A8%D7%90%D7%A0%D7%93-%D7%91%D7%99%D7%9F-%D7%A9%D7%AA%D7%99-%D7%A2%D7%95%D7%9C%D7%9E%D7%95%D7%AA,0.8806107
http://www.zinaclub.com/post/2362,0.8789668
http://chainat.nso.go.th/index.php?Itemid=435&limitstart=384&option=com_content&view=featured,0.87345445
http://www.fifa55gold.com/%E0%B8%82%E0%B9%88%E0%B8%B2%E0%B8%A7%E0%B8%81%E0%B8%B5%E0%B8%AC%E0%B8%B2%E0%B8%9F%E0%B8%B8%E0%B8%95%E0%B8%9A%E0%B8%AD%E0%B8%A5%E0%B8%A7%E0%B8%B1%E0%B8%99%E0%B8%99%E0%B8%B5%E0%B9%89-%E0%B8%87-13,0.87047696
http://wordsofllove.com/tag/%D7%A7%D7%95%D7%A0%D7%A8%D7%93-%D7%9C%D7%95%D7%A8%D7%A0%D7%A5,0.86283624
http://thamilislam.blogspot.com/2009/06/blog-post_1640.html,0.86276823
http://shafaq-book.ir/2020/08/20/hello-world-5,0.86139035
http://www.katfal.com/2019/08,0.8598153
http://tabukclean.com/%D8%AA%D9%86%D8%B8%D9%8A%D9%81-%D9%81%D9%84%D9%84-%D8%A8%D8%AA%D8%A8%D9%88%D9%83,0.8593545
http://jewiki.org.il/w/%D7%99%D7%94%D7%95%D7%93%D7%94_%D7%94%D7%A8%D7%A6%D7%9C_%D7%94%D7%A0%D7%A7%D7%99%D7%9F,0.8485732
http://www.parsiskharid.com/product/%D8%B3%D9%88%D8%AA%DB%8C%D9%86-%D8%AF%DA%A9%D9%84%D8%AA%D9%87-%D9%BE%D8%A7%DB%8C%D9%87-%D8%A8%D8%A7%D8%B1%DB%8C%DA%A9-%D8%B3%D8%A7%D8%AF%D9%87-%D8%B9%D8%B4%D9%88%D9%87,0.8448693
http://www.hendiya.ir/tag/%D8%AF%D8%A7%D9%86%D9%84%D9%88%D8%AF-%D8%B3%D8%B1%DB%8C%D8%A7%D9%84-%D9%87%D9%86%D8%AF%DB%8C-%D8%A7%D8%B2-%D8%AF%D9%84-%D8%AA%D8%A7-%D8%AF%D9%84-%D9%82%D8%B3%D9%85%D8%AA-14%E2%80%8C3-%D8%A8%D8%A7-%D8%B2%DB%8C%D8%B1%D9%86%D9%88%DB%8C%D8%B3-%D9%81%D8%A7%D8%B1%D8%B3%DB%8C,0.81365526
http://www.minbar.su/jour/search/search?query=%D0%B8%D1%81%D0%BB%D0%B0%D0%BC%D1%81%D0%BA+%D0%BE%D0%B1%D1%80%D0%B0%D0%B7%D0%BE%D0%B2%D0%B0%D0%BD+islamic+principle+foundation,0.81088
http://i-tem.co.il/%D7%9B%D7%AA%D7%91%D7%95%D7%AA,0.8071478
http://stadelahly.net/2021/02/23/%D8%A7%D9%84%D8%AD%D8%B0%D8%A7%D8%A1-%D8%A7%D9%84%D8%B0%D9%87%D8%A8%D9%8A-3,0.7526978
http://sibwall.ir/gaming-4,0.7233781
