url,centroid_sim
http://clodaghphelan.com/tag/bangers,0.7828094
http://marianallen.com/2012/06/a-bible-bound-to-please,0.7799673
http://joystory.blogspot.com/2012/07/heatwave-broke-getting-busy.html,0.7769542
http://joystory.blogspot.com/2007/12/sunday-serenity-37.html,0.7707238
http://taka-sumi.cocolog-nifty.com/taki_blog/2009/01/post-f01b.html,0.76770365
http://www.markmeynell.net/q-combinations-redon-eyes-hafiz-friend,0.7642704
http://www.citaj.to/index.php/recenzie/dobrodruzne/item/1280-bohovia-olympu-%E2%80%93-proroctvo,0.7591851
http://lovelybookshelf.com/2014/10/girl-scouts-founders-day-books-for-mom,0.7586524
http://czytajpl.pl/2019/05/14/14-maja-poranny-przeglad-ksiazkoholicznego-internetu,0.75856745
http://fantasybookcritic.blogspot.com/2011/11/house-of-silk-sherlock-holmes-novel-by.html,0.7574424
http://hookofabook.wordpress.com,0.7543305
http://benebellwen.com/2013/06/10/the-lenormand-nutshell-summary-of-the-petite-lenormand-from-history-to-practice?replytocom=19651,0.7523627
http://ontheroadbookclub.com/2014/01/29/january-1795?_wpnonce=58c8d592fc&like_comment=881,0.75042146
http://www.markmeynell.net/reviews,0.74647117
http://fantasybookcritic.blogspot.com/2009/02/accord-by-keith-brooke-reviewed-by.html?showComment=1235250840000,0.7399627
http://philslattery.org/2019/12/12/update-december-12-2019-1111-p-m-house-and-the-golden-bowl,0.73850715
http://booksplease.org/2008/07/18/chocolat-by-joanne-harris?_wpnonce=ace4543c84&like_comment=24613,0.73552173
http://michelinewalker.com/2019/09/12/a-reading-of-molieres-psyche-part-two?_wpnonce=11cd8229dc&like_comment=561039,0.7347826
http://taka-sumi.cocolog-nifty.com/taki_blog/2016/08/-4-e629.html,0.7333962
http://www.darkmatterzine.com/kikis-delivery-service-a-review,0.73226875
http://fashionhistorian.net/blog/tag/hawaii,0.7321854
http://didactylos.cz/0807archiv.html,0.7319109
http://galeribukujakarta.com/salah-pilih-puisi-dan-anak,0.7245688
http://sharp-thinking.com/about?_wpnonce=1d79e0ccdd&like_comment=44640,0.7244986
http://authors.coskrey-biz.com/2020/11/11/quaran-tunes-2-the-songs-we-love/comment-page-1,0.72330123
http://www.oxmag.co.uk/articles/page-turner,0.72269475
http://poemshape.wordpress.com/category/frost-poems-discussed/birches-frost-poems-discussed,0.72070664
http://veganfeministnetwork.com/50-shades-of-chicken?fbclid=IwAR3yoOJrTocfoJhjP7oI_IajxKcM1q0coGEZqod4TKOK0FuutifOzDo72pM,0.7183169
http://cherrypotts.co.uk/category/writing/writing-projects,0.7177019
http://livyarrow.org,0.71681523
http://thinkchristian.net/oldest-known-bible-now-online,0.71641713
http://kmabarrett.wordpress.com/tag/sons-of-anarchy,0.7158952
http://thelyonreview.com/tag/paris,0.71175706
http://kmabarrett.wordpress.com/tag/messenger-7013,0.71128273
http://blog.colinashe.net/2010/01/19,0.71052736
http://us.macmillan.com/books/9781250758101,0.70828414
http://leeduigon.com/2020/06/25/the-stupidest-idea-ever,0.70595133
http://poemshape.wordpress.com/category/figures-of-rhetoric/antimetabole,0.705407
http://thepostgradchronicles.org/november,0.70422816
http://armedwithcoffee.com/2020/03/24/quarantined-and-bored-answering-random-questions-and-comments?_wpnonce=7ee3387e29&like_comment=30663,0.7037877
http://accordingtoquinn.blogspot.com/2012/12/book-review-warm-bodies-no-spoilers.html,0.70029104
http://lornasmithers.wordpress.com/category/photography,0.699986
http://kmabarrett.wordpress.com/tag/sebastian-shaw,0.6994277
http://ilsemunro.com/2019/01/29/my-many-names,0.69891965
http://knygublogas.wordpress.com/category/feminizmas,0.6983645
http://cootsreviews.com/category/scotland,0.6959297
http://kmabarrett.wordpress.com/2020/12/05/seeking-wisdom,0.69577014
http://us.macmillan.com/author/cenkuygur,0.6947652
http://www.goodreads.com/book/show/25964734-l-infini-un,0.69430745
http://ferrebeekeeper.wordpress.com/tag/poultry,0.6929301
http://bookriot.com/feminist-bookstores-small-acts-of-resistance,0.69229627
http://shakemyheadhollow.wordpress.com/tag/luddites,0.69048333
http://wordsandleaves.com/5-things-i-learned-writing-publishing-seinfeld?replytocom=204,0.6897184
http://wordsandleaves.com/5-things-i-learned-writing-publishing-seinfeld?replytocom=205,0.6897184
http://writingwolf.co.uk/tag/france,0.6895259
http://www.pod-cast.no/tag/glukose,0.68904376
http://creativenovels.com/80/volume-5-chapter-16-the-spoiled-xianbing,0.6884374
http://shirleyslaughter.com/2018/01/11/congratulations-rrbcspotlightauthor-vashtiqv-rrbc?replytocom=11947,0.68815947
http://shirleyslaughter.com/2018/01/11/congratulations-rrbcspotlightauthor-vashtiqv-rrbc?replytocom=11945,0.68815947
http://garyglynn.com/wordpress/2008/10,0.68769073
http://gjstevens.com/2018/09/19/my-publishing-journey-the-seven-ps,0.68655884
http://www.phoster.com/cognitive-literary-studies/sociocognitive-hermeneutics,0.6864433
http://joroderick.com/fiction/scandari-saga/ss1-aeonosphere,0.6860051
http://michellecooper-writer.com/blog/montmaray-q-a?replytocom=22881,0.6849813
http://rebelbreeze.com/category/uncategorized/creative-writing,0.684845
http://elfwriter.com/category/other-authors,0.6847652
http://bel.azbuki.bg/en/bulgarian/bel2016/6-lviii-2016,0.68458533
http://therynfleming.com/category/memes,0.6844882
http://theblogimnotwriting.com/tag/elizabeth-colbert-busch,0.68446934
http://worldcat.org/identities/lccn-n79-81582,0.68412757
http://www.bookwormbanquet.com/2013/03/bb-9-lost-choice-review.html,0.6829832
http://ouroboros.mangadex.com/dekoboko-majo?replytocom=19481,0.68229985
http://bottledworder.com/2013/09/27/the-art-of-the-gibberish?_wpnonce=2ad35c1073&like_comment=135440,0.6818666
http://atamanisutto.livedoor.biz/archives/51521168.html,0.68160504
http://us.macmillan.com/books/9780765394408,0.68158436
http://www.ahoneyofananklet.com/2021/02/19/off-curse,0.6814209
http://all-things-andy-gavin.com/tag/xiao-long-bao,0.6809654
http://queerographies.com/2017/11/22/poesie-scelte-2,0.67989826
http://eachpage.org/tag/manga,0.6798473
http://warlockasyluminternationalnews.com/2014/07/15/omohi-kane-no-kami-omoikane-%E6%80%9D%E5%85%BC-the-power-of-the-subconscious-mind,0.6782551
http://worldcat.org/identities/lccn-n79-84304,0.67823106
http://www.eriktjohnson.net/writer-erik-t-johnsons-blog/chiral-mad-2-out-now,0.6780615
http://www.976sc.com/2012/12/best-of-2012-tipm-12-points-to-consider-when-looking-for-a-good-author-solutions-provider.html,0.678026
http://www.davidsonpublishing.org/isobel-kuhn1.html,0.678022
http://all-things-andy-gavin.com/2012/05/28/game-of-thrones-episode-19,0.6779188
http://rachaelcmarek.com/tag/rejection,0.6777437
http://mylespower.co.uk/2016/05/16/the-most-horrific-children-book-ever-conceived?replytocom=226802,0.6772611
http://themonkkey.com/tag/veda,0.67677546
http://truthbook.com/urantia-book/paper-120-the-bestowal-of-michael-on-urantia,0.6766065
http://www.bookloverbookreviews.com/2017/08/the-talented-ribkins-by-ladee-hubbard-book-review.html,0.67632186
http://www.rgblog.net/portfolio/the-fireside-book-of-childrens-songs,0.67595035
http://www.atheistgeeknews.com/tag/fantasy,0.67555046
http://areyouanempath.com/2013/05/16/paranormal-experiences-series-the-original-version-of-wuthering-heights-or-what-the?msg=fail&shared=email,0.67541736
http://4writersandreaders.com/about?_wpnonce=0caff4c26a&like_comment=20098,0.67536426
http://www.hoajonline.com/modules/articleciteby/citedby.php?articleid=4&journalid=8&volume=3,0.6751423
http://blogsmosis.fr/2018/video-spellforce,0.6750243
http://bel.azbuki.bg/en/2017,0.67443824
http://irisgraville.com/2015/06/30/afterthought-41-this-idea-of-grace,0.67406726
http://all-things-andy-gavin.com/2015/08,0.6733382
http://www.pagingserenity.com/investigated-formulas-and-the-lack-of-originality-in-ya,0.67279637
http://www.booktryst.com/2011/12/thereby-hangs-quote-and-new-must-read.html,0.6727228
http://us.macmillan.com/books/9781429900591,0.67265356
http://www.die-besten-aller-zeiten.de/buecher/jahreszeiten-feiertage/sommerbuecher.html,0.67265075
http://biblia.webd.pl/viewtopic.php?p=477309,0.67199326
http://michelleclementsjames.com/about?_wpnonce=06134ed718&like_comment=2475,0.6710198
http://jemsbooks.blog/2019/10/29/taking-a-break-from-everything?replytocom=12448,0.6709159
http://solveigwerner.com/2015/09/17/of-happy-pigs-old-trains-and-cabbages?replytocom=1299,0.67050064
http://janeaustenrunsmylife.wordpress.com/tag/narnia,0.6703086
http://www.goodreads.com/book/show/38912970-toxic-desire,0.67022395
http://japaneselit.net/tag/harry-potter,0.6697889
http://terranova.blogs.com/terra_nova/2008/05/virtual-general.html?cid=116776742,0.66930693
http://akafkaesquelife.wordpress.com/tag/hermes-paprika-brasil-perfume-review,0.66819775
http://quotes.riox.eu/2013/07/14/233,0.66795826
http://mail.curi.us/2189-open-discussion-2019/quote/13460,0.66569203
http://mail.curi.us/2189-open-discussion-2019/reply/12977,0.665692
http://rinnreads.wordpress.com/tag/audrey-niffenegger,0.6651494
http://ajankohtainen.wordpress.com/tag/parantava-energia,0.66514856
http://jvbirch.com/tag/jennifer-liston,0.66473955
http://www.sistersnoire.com/blog/tag/his-dark-materials,0.6639627
http://www.bizzarrobazar.com/en/tag/maschere,0.6631162
http://readthespirit.com/bookstore/books/ian-flemings-seven-deadlier-sins/resources/james-bond-bible-study-resources,0.6631049
http://www.fathead-movie.com/index.php/2015/01/22/the-rider-and-the-elephant-and-the-biggest-losers?replytocom=3075502,0.6625184
http://writingisfun-damental.com/tag/sega-genesis,0.6623409
http://karlschonborn.com/crime-extremist-mass-murder-tutorial-proud-boys-other-groups,0.66181207
http://tdaait.wordpress.com/tag/labor-camp,0.6600571
http://floweryprose.com/2012/05/27/sunday-spotlight-saskatoon?replytocom=415,0.6598525
http://wcinbooks.whittakerchambers.org/2009/08/andrew-meier-lost-spy,0.65972835
http://www.candlelightstories.com/2011/10/05/nova-express-epic-online-film-adaptation-of-the-william-s-burroughs-novel-by-andre-perkowski,0.658633
http://www.tanqeed.org/2015/03/punjab-curriculum-and-heroes,0.65823936
http://interpreterfoundation.org/blog-animals-in-the-book-of-mormon-challenges-and-perspectives?replytocom=317268,0.6578723
http://www.bizzarrobazar.com/en/2013/10/10/luminaris,0.65772307
http://www.dinajames.com/tag/dina-rants,0.6557239
http://kmalexander.com/tag/the-island-of-dr-moreau,0.6556215
http://janinedonoho.com/tag/portugal,0.6554154
http://li55-172.members.linode.com/2197-politics-discussion/quote/14053,0.65526783
http://boston.metblogs.com/2007/03/15/know-your-local-press-black-widow-press,0.654217
http://astrofella.wordpress.com/tag/proctors,0.6541624
http://mail.curi.us/2150-rothbards-bad-scholarship-on-godwin-and-popper/quote/17193,0.6531847
http://wifeafterdeath.com/2013/08/13/a-macabre-head-banging-delusional-freak?replytocom=397,0.65299916
http://thisisyouth.org/2017/03/05/book-review-the-stranger-albert-camus?msg=fail&shared=email,0.6527922
http://www.smbc-comics.com/smbcforum/viewtopic.php?p=152219,0.6523298
http://prodigalthought.net/2010/09/17/a-very-practical-non-spiritual-question,0.65210557
http://blog.stabenow.com/ghost-map,0.6515678
http://gracedobush.com/2007/12/07/richard-a-posner-the-little-book-of-plagiarism,0.6511276
http://www.barder.com/a-postscript-to-my-last-word-on-av,0.65054727
http://etspanolpdf.mypressonline.com/js/B07HVB8DTH-Fortnite-Descarga-Android-Windows-Desbloqueado-ebook,0.65042186
http://basbroekhuizen.nl/tag/books,0.6503242
http://www.yamagiwa2000.com/blog?m=201209,0.6501109
http://rebelbreeze.com/category/cultural-comment,0.6499516
http://vironevaeh.com/tag/giant-sheep,0.64972615
http://alchetron.com/The-Love-Bug,0.6494946
http://asenseofplace.com/2017/10/07/liverpools-magdalene-laundry,0.6490758
http://feld.com/archives/category/things-i-like,0.64882314
http://covenlife.co/2020/01/29/the-cosmic-witch-part-9,0.647845
http://rebeccasive.com/category/issues,0.6476575
http://monaaeysha.com/2014/09/02/self-esteem-paradox,0.6473841
http://ellenbrown.com/2012/05/23/cooperative-banking-in-the-aquarian-age,0.6465439
http://search.overdrive.com/media/2011077/the-bane-chronicles,0.6464631
http://rclr.ca/2019/05/21/book-report-12-2,0.6463532
http://image.absoluteastronomy.com/topics/In_Search_of_Lost_Time,0.64622486
http://mariannecurley7.com/the-avena-series-hidden-broken-and-fearless?_wpnonce=2a5acaceb2&like_comment=1323,0.6460985
http://wisdomofourgrandmothers.com/tag/orbit-of-venus,0.64605653
http://joykumardas.com/tag/noisy,0.6459918
http://www.figur8.net/2009/01/24/dengue-chikungunya-and-toddlers-with-viral-infections,0.6458984
http://blog.rentvillas.com/tag/torre-alfina,0.6456295
http://karenwhitelaw.com/2014/03/06/the-land-friday-fictioneers?replytocom=1113,0.64470166
http://dghaskell.com/author/davidhaskell,0.6444472
http://johnpauljaramillo.com/2013/08/21/the-man-with-the-golden-arm,0.6442387
http://www.susanspann.com/thinking-outside-the-bin,0.6434107
http://hotelsaintgeorges.gp/en/your-opinions-on-the-web,0.64295965
http://logosconcarne.com/2019/09/28/scalzi-redshirts,0.64146936
http://thebibliodiva.com/tag/hulk-smash,0.64075994
http://apilgriminnarnia.com/2019/01/24/girls-boys-and-maps-in-their-heads?_wpnonce=add00e58cb&like_comment=72406,0.64054143
http://michelinewalker.com/2012/04/05/and-life-sprouts-up-from-root-to-branch?_wpnonce=21111c730e&like_comment=22192,0.63974094
http://leesbirdbb4kids.com/2018/10/24/waterman-bird-collection-part-ii,0.638999
http://blackshellmedia.com/2016/07/30/reading-lines-passive-storytelling-teaches-us-part-1-submerged?share=pinterest,0.63897634
http://forums.davidweber.net/viewtopic.php?f=10&p=3703,0.6388514
http://toobworld.blogspot.com/2008/10/sharp-focus.html?showComment=1223765040000,0.63748825
http://www.rosecitysisters.com/killer-bees-by-paula-johnson?full-site=true&replytocom=6625,0.63725924
http://longboxgraveyard.com/2011/11/30/24-capes-cowls?_wpnonce=1a92906956&like_comment=90606,0.6370471
http://www.papergreat.com/2018/07/book-cover-and-alarming-endpapers-all.html,0.63661504
http://sindromedeasperger.blog/2017/10/02/lista-de-tracos-em-mulheres-com-a-sindrome-de-asperger-por-samantha-craft?replytocom=477,0.63629216
http://hitmansystem.com/blog/jkt48-wota-dan-cinta-2785.htm?replytocom=1238102,0.6358046
http://doki.co/2014/01/02/touhou-the-memories-of-phantasm-bd?replytocom=78441,0.6352962
http://eq4u.co.uk/poems.html,0.63450253
http://tvaraj.com/2013/02/27,0.6336494
http://rabbiee.com?replytocom=101639,0.6334519
http://sabethville.wordpress.com/tag/cab,0.6333349
http://sententiaeantiquae.com/2016/04/06/stuff-the-suda-says-medeas-oil,0.6327527
http://blog.stabenow.com/iditarodshaktoolik,0.63228536
http://legendsoflocalization.com/final-fantasy-vi/part-13?replytocom=673770,0.6319826
http://nbaxter.com/tag/tradition,0.6312299
http://logosconcarne.com/tag/logic,0.63102096
http://hrexach.wordpress.com/tag/version,0.63095963
http://shannonselin.com/2016/04/palace-of-the-king-of-rome,0.63085717
http://marjoriekayesbookblog.com/tag/american-gods,0.63064444
http://tysonadams.com/2018/05/11/what-genre-is-the-2008-book-outliers-in-what-are-some-similar-books-in-that-genre,0.6297541
http://longboxgraveyard.com/2012/09/05/62-guide-to-comics-bargains-on-ebay?_wpnonce=e59ef76020&like_comment=138449,0.62953496
http://blog.elleryq.idv.tw/2009/12/200912320091212.html,0.62886786
http://colettefreedman.com/the-connection-between-all-hallows-eve-and-the-thirteen-hallows,0.62867224
http://roaringout.wordpress.com/tag/fiction-2,0.62847143
http://ayearofreadingtheworld.com/thelist?replytocom=20338,0.62845653
http://ayearofreadingtheworld.com/thelist?replytocom=22314,0.62845653
http://ropto.blogspot.com/2014/11/anonim-illustracio-portada-el-honor-de.html,0.6284143
http://www.bizzarrobazar.com/en/tag/misogyny,0.6272111
http://adamtritt.com/tag/roles,0.62710387
http://www.somewhereville.com/2013/12/20/experimental-and-theoretical-studies-of-tetramethoxy-p-benzoquinone-infrared-spectra-structural-and-lithium-insertion-properties,0.6267515
http://librosfera.blogspot.com/2011/07,0.62669265
http://queerographies.com/2018/02/16/rifrazioni,0.62657416
http://nanmykel.com/page/2,0.626559
http://swiftcoffee.blog/2019/01/11/womens-fiction-does-it-deserve-to-be-an-individual-genre-a-discussion-post?_wpnonce=190351bd79&like_comment=1578,0.6260524
http://accordingtoquinn.blogspot.com/2013/07/a-recipe-to-save-gop-part-one.html,0.62595224
http://rosario.blogspot.com/2014/06,0.6254742
http://leofrank.info/negro-watchman-wrote-note-found-beside-dead-girl-experts-declare-after-seeing-franks-handwriting,0.62521625
http://sabethville.wordpress.com/tag/suppress,0.62457454
http://orbala.net/books-on-islamic-feminism?_wpnonce=8b001465b7&like_comment=1109,0.6244836
http://hannes-jaehnert.de/wordpress/2016/02/25/blick-ins-buch-nudge-wie-man-kluge-entscheidungen-anstost,0.6242505
http://wortharead.pub/tag/andre-gide,0.6234808
http://achim-spengler.com/2014/03/16/konvolute-des-trostes-1?replytocom=2132,0.6228453
http://www.bookthing.co.uk/tag/near-future,0.6227733
http://www.theoccidentalobserver.net/2016/04/27/the-testament-of-a-european-patriot-a-review-of-dominique-venners-breviary-of-the-unvanquished-part-2,0.622694
http://writer.fitzhome.com/music/music-review-gaby-moreno-illustrated-songs,0.62254155
http://howsyourfamily.com/contempt-spells-catastrophe-for-relationships,0.62214184
http://lovenotfound.com/comic/ch19-p25,0.6207832
http://worldcat.org/identities/lccn-n83134274,0.61950225
http://leofrank.info/here-are-affidavits-submitted-by-col-felder,0.6193075
http://linnetmoss.com/2013/11/11/the-statement-2004,0.61929345
http://lincolnshirefriend.com/st-boltophs-church-and-the-radical-preacher-john-cotton,0.618985
http://tim.blog/2016/01/03/new-years-resolutions?replytocom=121916,0.61858195
http://thegirdedmind.org/2012/03/16/cursing-the-land,0.61850375
http://jenniferkellandperry.com/about?_wpnonce=37f1923a36&like_comment=4100,0.6182194
http://jenniferkellandperry.com/about?_wpnonce=0b66c80d9b&like_comment=10825,0.6182194
http://fr.qwert.wiki/wiki/Fasana-e-Azad,0.6181989
http://matthewkomatsu.com/2013/01/25/gear-reviews-that-dont-suck-arcteryx-eon-slw,0.6179507
http://www.splendoroftruth.com/curtjester/2006/07/coptic-nerve,0.6177407
http://cardinalguzman.wordpress.com/tag/north-of-norway,0.6169813
http://tokonomamagazine.com/2018/10/19/lepoque-de-kamakura-affirmation-de-la-voie-du-guerrier,0.6164806
http://www.markmeynell.net/2010/02/01/q-marks-the-spot-treasure-map-17-february-2010,0.61621255
http://www.caftanwoman.com/2018/03/the-free-for-all-blogathon-hangover.html,0.61600715
http://www.sixteensmallstones.org/an-lds-lexicon-sacrament?share=email,0.6159293
http://gnashingblog.com/2020/02/18/one-of-those-grab-bag-blogs-filled-with-mad-miscellany,0.61592746
http://jeffpeachey.com/category/book-conservation,0.61471295
http://getaudiobooks.net/crown-of-blood-blood-descendants-universe,0.6139529
http://stephenfearing.ca/the-secret-of-climbing-epk,0.6132719
http://thesaker.is/pulp-fiction-the-mueller-report-empty-generation-x-politics?replytocom=631476,0.6132324
http://plmcmillan.com/2019/10/06/in-the-tall-grass-review,0.6130055
http://inspiral.info?tag=online-advertising,0.6128793
http://search.overdrive.com/media/857966/symbolism,0.6128109
http://terrytao.wordpress.com/2021/02/12/246b-notes-4-the-riemann-zeta-function-and-the-prime-number-theorem,0.6120518
http://ethicsstupid.com/personalities/the-ethical-take-two-updates-and-a-bombshell,0.61164093
http://conservapedia.com/Bible,0.6115358
http://www.backofthecerealbox.com/2008/05,0.6113989
http://bltnotjustasandwich.com/2012/05/25/new-roland-barthes-books,0.61125904
http://www.english-bangla.com/bntobn/index/%E0%A6%85%E0%A6%95%E0%A7%8D%E0%A6%B0%E0%A6%BF%E0%A7%9F,0.6090013
http://freerepublic.com/focus/f-religion/3924315/posts,0.6084136
http://www.brendonwilson.com/blog/page/5,0.6079562
http://awordplease.org/2014/11/09/honor-thy-narcissistic-mother-the-4th-commandment-and-going-no-contact?replytocom=1949,0.6078669
http://awordplease.org/2014/11/09/honor-thy-narcissistic-mother-the-4th-commandment-and-going-no-contact?_wpnonce=d4326b00fd&like_comment=1109,0.6078669
http://valerieeliotsmith.com/2015/03/02/the-secret-files-unwrapped-part-2-control-not-collaboration?_wpnonce=7253868384&like_comment=470&replytocom=473,0.6078103
http://www.homebrewersassociation.org/forum/index.php?topic=5821.msg69721,0.6076995
http://lichfieldlore.co.uk/2012/12/03/halfpenny-for-your-thoughts?_wpnonce=d388f4e04c&like_comment=956,0.60760397
http://www.colourlivingblog.co.uk/makers-house-burberry-new-craftsmen,0.60717356
http://kairos.technorhetoric.net/15.2/interviews?page_id=438&replytocom=571610,0.60689986
http://sharoncummings.wordpress.com/tag/sanskrit,0.60650784
http://www.dejanstojanovic.info/blog/1953769,0.60601735
http://www.experimentaltvcenter.org/evening-chris-burden,0.6058946
http://wist.info/topic/contention,0.6047726
http://lynnadavidson.com/tag/depression,0.60469127
http://www.tau.ac.il/~dassaf/index.html,0.6043377
http://thestackspodcast.com/tag/crime,0.6040074
http://www.puckcomics.com?page_id=321,0.60358703
http://www.projectionboothpodcast.com/2011/04/episode-seven-stripteaser-1995.html?showComment=1303512251000,0.60347605
http://orthodoxbridge.com/tag/calvin,0.6033972
http://www.movies.wiki/people/26497296-hikaru-midorikawa,0.60325944
http://blog.stabenow.com/silk2,0.6031708
http://bleachmx.fr/tag/iwasaki-yuji,0.6022599
http://yeoldecybershoppe.com/malahide/category/the-one-game,0.60216546
http://longboxgraveyard.com/2012/11/28/76-superhero-greenlight-doctor-strange?_wpnonce=7bddd31af8&like_comment=7202,0.6020872
http://shortbyzantinehistory.com/chapter-8,0.6018819
http://the-kings-square.com/2020/12/08/childhood-wonder-and-terror-a-review-of-the-ocean-at-the-end-of-the-lane-by-neil-gaiman,0.60184705
http://tim.blog/2016/03/11/the-interview-master-cal-fussman-and-the-power-of-listening?replytocom=123474,0.6014507
http://adventuresofryantakahashi.com/tag/cratolagnia,0.60126853
http://www.squidco.com/miva/merchant.mv?Product_Code=29910&Screen=PROD&Store_Code=S,0.6012192
http://www.maftuh.in/2007/01/global-asia-homework.html,0.60114515
http://www.khwiki.com/Beyond_the_Door_(chapter),0.6011187
http://thedisplacednation.com/tag/cyprus,0.60036945
http://blog.stabenow.com/william-morris,0.6000922
http://www.overdrive.com/media/2575736/the-vengeance-of-women,0.5998592
http://kalymnosdiving.gr/echinoderms-crinoids-starfish-brittle-stars-sea-urchins-sea-cucumbers,0.5995813
http://hudleyflipside.com/2013/09/05/znard-on-the-road-with-the-grim-ripper,0.598881
http://www.scottishpoetrylibrary.org.uk/2016/11/thursday-post-goodbye-jennifer,0.59884393
http://www.dananussio.com/category/zebra-romance,0.5987303
http://louellanelson.com/2012/07/09/no-fleas-silver-aces-out-flea-meds-finally?_wpnonce=41b1bc25cc&like_comment=260,0.5985379
http://www.sermon-online.de/search.pl?author=0&biblevers=&category=0&id=26137&lang=de&language=0&play=0&searchstring=&title=&tm=2,0.59851134
http://www.waltermason.com/2015/02?action=toggle&dir=open&toggle=MONTHLY-1251727200000&toggleopen=MONTHLY-1422709200000&widgetId=BlogArchive2&widgetType=BlogArchive,0.59826565
http://alexlancia.com/2015/01/25/50-shades-of-humid-a-bali-family-trip,0.59697473
http://colincarman.net/tag/mansfield-park,0.5969038
http://thelablib.org/2012/05/03/review-173-still-life-with-woodpecker,0.5968592
http://kmabarrett.wordpress.com/2017/10/09/whos-turn-is-it-now,0.5965029
http://www.eucalyptus.com.br/newspt_abril09.html,0.59649205
http://www.illustratorsillustrated.com/martha-by-atak,0.5964064
http://mikatan.goodsmile.info/en/2016/03/04/kahotan-post-office-spring-edition,0.5945059
http://simonmayers.com/2015/07/28/cecil-chesterton-and-the-jews,0.5942859
http://das-blaettchen.de/forum.html?replytocom=30001,0.5941205
http://das-blaettchen.de/forum.html?replytocom=26270,0.5941205
http://janeaustenrunsmylife.wordpress.com/tag/lemony-snicket,0.5940838
http://funcrunch.org/blog/category/religion,0.59400594
http://craftygreenpoet.blogspot.com/2014/06,0.5936289
http://valuesofthewise.com/positivity-optimism-enthusiasm,0.59359705
http://diversityreadinglist.org/2017/11/27/performing-disidentifications,0.59351254
http://blog.livingrootless.com/2010/10/home-for-more-of-my-books.html,0.5932518
http://miskatonic.org/2019/06/10/delacroix-and-marcus,0.592865
http://www.markmeynell.net/game-ticket-to-ride-box,0.5924804
http://www.glennamaynard.com/2014/08,0.59160876
http://chicagoboyz.net/archives/22372.html,0.5908704
http://theautumnsociety.blogspot.com,0.589874
http://chickflickingreviews.com/tag/tom-hiddleston,0.5897553
http://www.aboutpsyche.com/greek_words,0.5895691
http://scienceblogs.com/principles/2014/10/14/relativity-and-baseball,0.5895205
http://thesebonesofmine.wordpress.com/category/evolution,0.5893501
http://kinnareads.com/2012/01/18/africa-reading-challenge?_wpnonce=63cd5958f9&like_comment=12372,0.5887705
http://www.shoandtellblog.com/2013/05/bookish-bauble.html?showComment=1369760011074,0.58865213
http://divinecosmos.com/davids-blog/1023-financial-tyranny?replytocom=62457,0.5883575
http://craigmcdonaldbooks.blogspot.com/2011_03_06_archive.html,0.588261
http://www.mattselznick.com/what-it-took-to-write-my-third-novel-light-of-the-outsider,0.5879546
http://betzking.com/blog/children-of-deaf-adults-codas,0.58785105
http://coppermind.net/wiki/The_Hero_of_Ages,0.5876392
http://www.alphabetsalad.com/an-artists-date-with-the-art-cart,0.5875402
http://quotestoenjoy.com/home/authors/authors-m/malcolm-forbes,0.58748275
http://americanloons.blogspot.com/2019/04,0.58745766
http://vironevaeh.com/category/science-fiction,0.58741665
http://www.andrewwhitehead.net/blog/category/walter-crane,0.5873936
http://ipfs.io/ipfs/QmR1gzPYUwxEUWHbeRggZzfYy5Fxsd8Qc7hXUUnJQwxrZq/wiki/Ivan_Illich.html,0.58694935
http://moifightclub.com/2010/02,0.5867261
http://www.badorrad.com/2013/10,0.5863811
http://natechenpublications.com/2014/10/03/writing-men-daniel-ocean,0.58624166
http://etspanolpdf.mypressonline.com/js/1790784212-Sloth-Gratitude-Journal-Kids-Happiness,0.585846
http://teaattrianon.blogspot.com/2016/02,0.5855893
http://tomremington.com/2014/02/25/open-thread-tuesday-february-25-2014,0.58545756
http://www.holyeverything.com/2017/05/back-to-books.html,0.58545655
http://psychopathresistance.wordpress.com/tag/ignore,0.58474493
http://chickflickingreviews.com/category/streaming-media,0.5844839
http://barefootfool.com/the-empress-tarot-of-the-absurd,0.5844089
http://www.comicsineducation.com/home/comics-in-education-hits-a-milestone-thanks-to-you,0.58429253
http://martinseke.blogspot.com/2011/02,0.5842184
http://www.papergreat.com/2011/08/requiem-for-129-year-old-encyclopedia.html?showComment=1371885801404,0.58339846
http://markarmstrongillustration.com/2011/03/16/ring-around-the-rosary-we-all-stand-together,0.5818508
http://morris.cloud/human-rights-reading-nussbaum-sunstein-morsink-beitz,0.5811707
http://thecreativeptsdgal.blog/2018/04/25/lenores-energy,0.5809194
http://worldcat.org/identities/lccn-n85-241722,0.57976323
http://www.muzikman.net/2014/09/legendary-narada-michael-walden.html,0.57929534
http://tim.blog/2007/11/26/a-beginners-guide-how-to-rent-your-ideas-to-fortune-500-companies-plus-video?replytocom=16044,0.5789972
http://scuppernongspringsnaturetrail.com/2014/02/08/i-am-the-buckthorn-man,0.578726
http://nomoregrumpybookseller.blogspot.com/2012,0.578648
http://vridar.org/tag/mithras,0.57828236
http://www.fantasist.net/scroll/index.php/category/modern-fantasy,0.5781747
http://barbararachko.art/en/about-barbara2-main/word-bridge/category/1-bustle/1-bustle,0.57816494
http://aletmanski.com/series/lessons/spirit-of-the-west-keeping-up-with-the-jones,0.5781238
http://www.clementenecoates.co.uk/blog/4584233286/tags/Prime%20Minister,0.57776266
http://poetjanstie.com/2012/05/04/past-masters-a-clarian-sonnet?_wpnonce=d16cdb6312&like_comment=485,0.57705647
http://thelifeofsuz.blogspot.com/2012/07/bens-fingernails-are-falling-off.html?showComment=1343426029143,0.5757972
http://dedivahdeals.wordpress.com/tag/midatlantic,0.5744839
http://tuweiming.net/2008/01/25/2008%E5%B9%B41%E6%9C%8825%E6%97%A5%EF%BC%8C%E6%B5%99%E6%B1%9F%E5%A4%A7%E5%AD%A6%EF%BC%8C%E5%AD%A6%E4%B9%A0%E7%A4%BE%E4%BC%9A%E4%B8%8E%E5%AF%B9%E8%AF%9D%E6%96%87%E6%98%8E%EF%BC%8C,0.57442737
http://www.thulasidas.com/a-parker-pen-from-singapore?lang=ms,0.5739053
http://www.ordinaryservant.com?tag=f-scott-fitzgerald,0.5736792
http://acoup.blog/2019/09/27/collections-this-isnt-sparta-part-vii-spartan-ends?replytocom=1335,0.5736324
http://www.divorcemag.com/directory/mary-l-heinrichs,0.57325566
http://etspanolpdf.mypressonline.com/js/3882262621-Classical-Revival-Islamic-Architecture-Terry,0.5732157
http://www.experimentaltvcenter.org/email-interview-harun-farocky,0.57307065
http://chickflickingreviews.com/2014/11/07/tv-review-ncis-new-orleans?msg=fail&shared=email,0.57291746
http://suedreamwalker.wordpress.com/tag/holidays,0.5726744
http://creativepotager.com/2013/08/03/deep-into-the-painting-process-of-west-coast-blues-rolling-waves-oyster-bay,0.57267153
http://www.penchantforpenning.com/2020/06,0.5717179
http://www.bexdeep.com/2008/12/on-war.html,0.57170033
http://un-denial.com?s=Steve+Keen%3A,0.57167506
http://www.freebooknotes.com/summaries-analysis/the-communist-manifesto,0.57153976
http://hablandodejaneausten.com/2016/06/13/jane-austen-academica-sanditon-medicine-and-the-science-of-the-novel,0.57103455
http://robpickering.com/2017-what-ive-read,0.57076037
http://blog.saganexplorations.net?p=8940002,0.5705877
http://teaattrianon.blogspot.com/2014/02,0.56994563
http://evangelicaltextualcriticism.blogspot.com/2014/01/the-gospel-of-thomas-quick-guide.html,0.56871474
http://useum.org/artist/Henri-Edmond-Cross?ut[page]=1,0.5682262
http://www.debito.org?m=201204,0.56794196
http://vossnetblog.org/page/3,0.5677687
http://janeweisslcsw.com/2015/11/02/paradigms-are-made-for-shifting,0.56770855
http://dove.cccbr.org.uk?page=1&pagesize=50&text=TF377437,0.5674726
http://dove.cccbr.org.uk?page=1&pagesize=50&text=SP681827,0.5674726
http://www.comicmix.com/tag/jorge-jimenez,0.56705654
http://jadespark.com/mindset-culture,0.56663394
http://www.ccd.nyc/2012/05/beastie-world-of-richard-scarry-by.html,0.56658024
http://bato.to/series/77319,0.56597996
http://theheavensdeclare.net/daily-devotional-year-2-october-22-end-time-exodus-part-6-questions-questions-questions,0.56467295
http://www.davysims.com/2019/07/charles-cumming-the-man-between,0.5637242
http://andrewgallix.com/2013/12,0.5635983
http://plumafronteriza.blogspot.com/2010/07/j-michael-martinez-interview-chicano.html,0.5634029
http://forest-of-lebanon.com/who-was-osiris,0.5629424
http://putanumonit.com/2018/01/07/scientist-fiction?_wpnonce=bde6b66a73&like_comment=2903,0.5626477
http://acoup.blog/2020/09/11/miscellanea-my-thoughts-on-crusader-kings-iii?_wpnonce=69ec299c59&like_comment=9638,0.56256956
http://revolutionaryduchess.exeter.ac.uk,0.5620655
http://www.the-movies.net/movie-recommendations/Little%20Black%20Book,0.56181145
http://blackcablondon.net/2013/01/22/cabbies-curios-the-waterloo-siren?replytocom=28762,0.56167305
http://rjlipton.wordpress.com/2014/11/19/two-versus-three,0.56131077
http://www.annecummingsecoartist.com/blank-1,0.56071025
http://thehiddenlaw.com/tag/the-model,0.56062245
http://worldlywinds.com/2013/11/30,0.5603792
http://teachersarethebest.com/best-books-for-science-teachers,0.5602332
http://thesoundofonehandtyping.com/2021/02/18/writers-workshop-the-previn-scene,0.55977315
http://rabbitroom.com/2019/11/i-would-do-it-all-again-a-review-of-for-what-its-worth-by-j-lind,0.5590187
http://lootthebody.org/2015/11/06/unearthed-arcana-review-light-dark-underdark,0.55875754
http://brewinreview.com/share_pinterest-12,0.5578821
http://letsgolescophotos.com/2013/10/23/real-life,0.5576438
http://www.timboucher.ca/2020/04/mystic-society-carnival-mobile-mardi-gras,0.5576087
http://www.dorareads.co.uk/2016/10/friday-fics-fix-one-for-all.html,0.5575014
http://chicagoboyz.net/archives/17978.html,0.55710816
http://faith-dream.com/2010/12/11/gifts-of-the-season,0.5559472
http://whistlinginthewind.org/2014/03/14/atlas-shrugged-is-a-ridiculous-book?replytocom=49528,0.55580604
http://gladiuspoeticus.com/2014/09,0.5554708
http://www.mydogsname.com/dog-names-literature,0.55499995
http://www.thegalaxyexpress.net/2009/02/futuristic-romance-retrospective-part_05.html?m=0,0.554204
http://sourcetext.com/john-lylys-endimion,0.5535947
http://jewishstudies.washington.edu/sephardic-studies/ladino-newspapers-are-the-new-wave-in-uncharted-waters-of-digital-history,0.5535141
http://annaraccoon.com/2015/05/25/a-licence-to-kill-for?replytocom=112996,0.5533366
http://jennywhitescorner.wordpress.com/category/black-history,0.55290604
http://jake.news/category/books,0.5519603
http://myonlinetvseries.com/people/2432167-christopher-brown,0.55178016
http://wiki.godvillegame.com/Rhubarbarian,0.5504494
http://dearkitty1.wordpress.com/2013/08/21/birds-of-vlieland-island-the-netherlands,0.5503913
http://www.divorcemag.com/directory/todd-a-kelm,0.5503392
http://miwsr.com/2021-013.aspx,0.5497901
http://tim.blog/2014/06/18/sam-harris?replytocom=102820,0.5497005
http://occultofpersonality.net/podcast-42-the-life-and-work-of-dr-paul-foster-case,0.5495322
http://tabletopia.com/games/paradiselost,0.54715335
http://rolandclarke.com/2018/04/24,0.5459461
http://johnknifton.com/tag/feudal-system,0.54584014
http://islamicbankers.me/2014/03,0.54569364
http://timgombis.com/2011/07/28/barbarism-begins-at-home?replytocom=365,0.545244
http://gbrettmiller.blog/2009/07/28/knowledge-in-translation,0.5450871
http://strangegly.ph/de/posts/of-worms-birds-and-other-secrets,0.544742
http://www.michaeljohngrist.com/2009/07/namegawa-island-haikyo-chiba?replytocom=8841,0.5442381
http://ripplesofinsight.net/tag/walking-in-someones-shoes,0.5441717
http://www.livingontherealworld.org/tipping-points-for-moths-and-men,0.5438717
http://www.cjroots.com/52-ancestors-jean-alice-harless-ditches-nursing-school-graduation-to-get-hitched,0.5434491
http://themtdc.com/massage-therapists-and-imposter-syndrome,0.5429877
http://chicagoboyz.net/archives/51735.html,0.54226804
http://kittycalash.com,0.5419514
http://www.bookyards.com/en/author/page/1493/George-Andrew-Reisner,0.54194164
http://astrofella.wordpress.com/tag/viet-cong,0.54083407
http://manuelgarciajr.com/tag/zen,0.5408291
http://alastaircampbell.org/2011/08/a-rare-venture-into-poetry-and-yet-another-outlet-for-my-madness?replytocom=22905,0.5405998
http://www.reducedshakespeare.com/tag/matt-croke,0.5401454
http://www.growingscholar.org/journal/index.php/index/index,0.5389882
http://www.theoraclemachine.in?lightbox=dataItem-ka3n6td8,0.53858536
http://atlanta.metblogs.com/2004/08/05/imax-forces-of-nature,0.5378481
http://www.parkablogs.com/node/9660,0.5378033
http://occultpriestess.wordpress.com,0.537563
http://markcnewton.com/tag/belisarius,0.53651327
http://gabixlerreviews-bookreadersheaven.blogspot.com/2015/03/whats-happening-at-book-readers-heaven.html,0.5361229
http://hilbertsmazes.com/hand-drawn-camping-tents-maze-free-printable-pdf,0.53500104
http://www.harvardclassics365.com/2014/10/it-greatly-encouraged-intrigue.html,0.5346208
http://carpediem101.com/2015/07,0.53450096
http://illustrationconcentration.com/2014/05/18/pretty-in-ink-trina-robbins-schools-me-on-women-in-comics?replytocom=7216,0.533929
http://mindfulprayerdaily.com/sacred-places,0.5337909
http://eshaykh.com/tag/hesitant,0.5336975
http://maryww.com/2009/04/14/the-talent-killers-how-literary-agents-are-destroying-literature-and-what-publishers-can-do-to-stop-them?replytocom=16,0.53253216
http://burg.com/2010/01/how-ya-doin-not?replytocom=1528,0.5323745
http://i-class.live/timeline_slider_post/the-hunger-games-film-series,0.53183204
http://midsouthblack.wordpress.com/category/hannity-colmes,0.5316462
http://wata300.hatenadiary.org,0.5315374
http://robertlynnelson.com/product/candle-in-the-wind,0.5314364
http://johnpistelli.com/2017/11/19/vladimir-nabokov-lolita,0.5312128
http://www.winewriting.com/2012/04,0.5300911
http://anunnakiray.com/2016/03/18/eight-names-for-the-same-thing-penis-phallus-clitoris-phaloclitoris-micropenis-microphalus-clitoramegaly-and-pseudo-penis?_wpnonce=c66af36a53&like_comment=20824,0.5300722
http://mikemorrell.org/2017/10/an-open-letter-to-my-brothers-in-light-of-metoo?replytocom=192351,0.5286513
http://traiestecreativ.ro/10-proiecte-neconventionale-care-promoveaza-lectura,0.5278616
http://thekword.com/2013/08/20/sooo-yall-still-want-to-freekate,0.5274408
http://blog.pshares.org/gatekeepers-part-four-point-one-on-why-the-red-pen-is-mightier-than-the-sword-and-other-politically-used-cliches,0.5272428
http://zoehinis.com/2017/02/14/vygotsky-and-the-sempai,0.52716213
http://bymusic.org/blog/categories/index.php?Itemid=1&cat=16&option=com_mojo,0.52683234
http://davidjbauman.com/2012/09/04/look-its-working-its-magic-dad-and-another-one-of-his-stupid-puns?_wpnonce=587909f26a&like_comment=2301,0.5234645
http://stephenbax.net?page_id=51&replytocom=981,0.52268654
http://stephenbax.net?page_id=51&replytocom=386,0.52268654
http://edwardfeser.blogspot.com/2015/01/feynmans-painter-and-eliminative.html?showComment=1421724622120,0.5223208
http://wiki.godvillegame.com/Santa_Claws,0.52171123
http://zakkan.org/blog-date-200907.html,0.5212579
http://quotestoenjoy.com/home/authors/authors-r/ray-charles,0.52101743
http://mangafast.net/read/genius-cool-treasure-presidents-wife-is-too-powerful,0.5201954
http://www.quotetab.com/quotes/by-ernie-harwell,0.51859677
http://worldhistoryproject.org/1929/1/29/all-quiet-on-the-western-front-is-released,0.5176344
http://sophieneville.net/2012/01/26/it-must-be-niagra-dixons-farm-and-going-to-the-charcoal-burners,0.5175117
http://leftbrainrightbrain.co.uk/2014/08/13/and-yet-another-vaccinatedunvaccinated-comparison-study-this-time-funded-by-safeminds?replytocom=116011,0.51714516
http://mangafast.net/read/heart-of-a-dragon,0.51697814
http://writer.fitzhome.com/movies/movie-review-underworld-rise-of-the-lycans/comment-page-1,0.51638186
http://graceofourlord.com/tag/elijah,0.51480913
http://co.cometan.org/discover/10-Maple-Drive,0.5140888
http://destroyedforcomfort.com/tag/gender-dysphoria,0.51337534
http://thesecondawakening.com/2009/08/04/and-the-lightbulb-goes-on,0.50897634
http://bradburymedia.blogspot.com,0.50877833
http://krispicks.com/guitar-picks-2/alcohol-ink-colored-guitar-picks,0.5081198
http://ollerman.blogspot.com/2010/05,0.50488937
http://www.stacyrcollins.com/rollercoaster-ride?replytocom=686,0.50350475
http://www.samueltilden.net,0.5020629
http://robertlynnelson.com/product/fall-hand,0.50080633
http://www.stacyrcollins.com/rollercoaster-ride?replytocom=619,0.4996394
http://lutheranliar.com/stars-in-stripes?msg=fail&shared=email,0.4936357
http://bendegrow.com/2008/wrangling-colorado-center-right-blogs,0.49331993
http://southerncomfortstudios.com/5686561.html,0.491249
http://writings.stephenwolfram.com/2020/04/finally-we-may-have-a-path-to-the-fundamental-theory-of-physics-and-its-beautiful/comment-page-4?replytocom=1767270,0.49109584
http://fortheloveofwisdom.com/2019/08/09/shunryu-suzuki-on-the-beginners-mind,0.48872417
http://wiki.whentheycry.org/wiki/Higurashi_no_Naku_Koro_ni_Jan_(manga),0.48844358
http://neilkeenan.com/sample-page?replytocom=226339,0.48842353
http://byi.show/in-service-to-the-story-with-j-blake-fichera-byi04,0.48782134
http://marissamullins.com/tag/mother,0.48572126
http://edwardfeser.blogspot.com/2013/02/craig-versus-rosenberg.html?m=1&showComment=1360083366635,0.47966167
http://edwardfeser.blogspot.com/2013/02/craig-versus-rosenberg.html?m=1&showComment=1360186975266,0.47966167
http://sprocket-trials.blogspot.com/2011/01/dr-murrays-death-drip-explained-part-2.html?showComment=1295993622360,0.4745204
http://brendaknowles.com/peak-experiences-or-flow-states-and-how-to-get-more-of-them,0.4737094
http://artandpopularculture.com/Chinese_poetry,0.4686711
http://drownedinsound.com/news/8807-win-becks-rabbit,0.45436954
http://janeaustenrunsmylife.wordpress.com/2013/02/08/were-buying-this-dress-runaway-bride-1999,0.45352364
http://dict.cn/read+to,0.45272756
http://themelaninman.net/category/melanated-science,0.45084655
http://traumfahrrad.com/2011/06/25/wearing-team-kit-on-the-bike,0.45068106
http://peterhbrownpsych.com/2010/09/10/dont-say-dont-panic-how-to-help-someone-with-a-panic-disorder,0.44198132
http://www.thought-balloons.org/2013/01/enemy-ace-ronin-dan-hill.html,0.43637836
