url,centroid_sim
http://www.rb-hessennord.de/firmenkunden/zahlungsverkehr-auslandsgeschaeft/firmenkarten.html,0.88003314
http://www.vb-rb-riedlingen.de/privatkunden/kredit-baufinanzierung/baufinanzierung/notarkosten-grundbuchkosten.html,0.8702996
http://www.rb-ehingen-hochstraess.de/privatkunden/beratung/ziele-und-wuensche/eigenheim/sparen-fuer-immobilie.html,0.8655377
http://www.eckernfoerder-bank.de/privatkunden/girokonto-kreditkarten/girokonto/girokonto-vergleich.html,0.8621439
http://www.vb-rb-riedlingen.de/privatkunden/altersvorsorge/service/altersvorsorge-rechner.html,0.8614067
http://www.volksbank-filder.de/wir-fuer-sie/filialen-ansprechpartner/terminvereinbarung-online/terminvereinbarung-online---einstieg.html?contactRes=/konfiguration/footer/jcr%3Acontent/spalte1/kontakt/kontakt,0.8602482
http://www.rb-thannhausen.de/firmenkunden/expertenwissen/wachstum/wachstumsfinanzierung.html,0.8556372
http://www.levo-bank.de/privatkunden/vermoegensbetreuung/nachhaltige-geldanlagen.html,0.8549829
http://wehrfritz.com/de_AT/c/moebel-raumgestaltung/schraenke/mehrzweckschraenke--01010100,0.85434186
http://www.rb-ehingen-hochstraess.de/firmenkunden/beratung/genossenschaftliche-beratungsphilosophie/absicherung.html,0.8513177
http://www.volksbanking.de/privatkunden/unsere-produkte-und-leistungen/konten-und-karten/bankkarten/bankkarte-maestro.html,0.8495265
http://www.vb-aw.de/firmenkunden/zahlungsverkehr/cash-management/liquiditaetssteuerung.html,0.8490014
http://www.clavio.de/threads/keyboard-stage-piano-kaufen-hilfe-bitte.20684,0.84866273
http://www.clavio.de/threads/daempferdedern-fetten.7070,0.8464069
http://www.rb-geiselhoering.de/privatkunden/girokonto-kreditkarten/girokonto/basiskonto.html,0.84507334
http://www.rbkalbe-bismark.de/privatkunden/immobilien/vermieten/steuern-sparen.html,0.8448064
http://www.rb-thannhausen.de/privatkunden/girokonto-kreditkarten/girokonto/mobiles-bezahlen.html,0.8444231
http://www.vbsila.de/firmenkunden/vorsorge-versicherung/haftpflichtversicherungen/berufshaftpflichtversicherung.html,0.84441406
http://www.rb-arge.de/Firmenkunden/vorsorge-versicherung/versicherung/rechtsschutzversicherung.html,0.842594
http://www.vrb-meinebank.de/firmenkunden/expertenwissen/mitarbeiter-binden/positive-mitarbeiterkultur.html,0.8414495
http://www.volksbank-filder.de/BankingundService/sicherheit/phishing-warnungen/phishingmethode-foto-freischaltcode.html,0.84080136
http://www.voba-heuchelheim.de/homepage/beratung.html,0.84003174
http://www.vespaonline.de/forum/221941-polini-membran,0.8364676
http://www.volksbank-trossingen.de/banking-service/sicherheit/phishing-warnungen/phishing-rechnung.html,0.83565366
http://www.bunte-tk.de/blog/wordpress-neue-version-41/3213,0.834967
http://www.vrmeinebank.de/privatkunden/beratung/ziele-und-wuensche/familie-finanziell-absichern/vollmachten.html,0.8340194
http://www.rbscharrel.de/privatkunden/girokonto-kreditkarten/sicherheit/karte-sperren.html,0.8328912
http://www.rbkalbe-bismark.de/onlinegeschaeftsstelle/online-produktabschluss/private-haftpflichtversicherung-ruv.html,0.83083904
http://silvermoon.pl/produkt/bransoletka-srebrna-v47,0.8307507
http://www.rb-sobland.de/banking-service/sicherheit/phishing-warnungen/phishing-warnung-mastercard-service.html,0.8302784
http://www.vr-bankverein.de/privatkunden/versicherung/einkommen-familie/lebensversicherung.html,0.82960325
http://www.fehntjer-voba.de/kampagnen/ruv/kfz-versicherung-der-ruv.html,0.8293561
http://www.fehntjer-voba.de/kampagnen/ruv/kfz-versicherung-der-ruv.html,0.8293561
http://www.vr-plus.de/service/formular-center-allgemein/formular-e-mail-kontakt-marginalspalte.html?contactRes=/bausteine/kontakte/leiter-haus-und-gartenmaerkte/jcr%3Acontent/parsys/kontaktbaustein/kontakt,0.8287973
http://www.volksbank-ueberlingen.de/privatkunden/sparen-geldanlage/anlage-assistent/anlage-assistent.html,0.82604295
http://www.vbinswf.de/privatkunden/sparen-geldanlage/depot-brokerage/brokerage-vrprofibroker.html,0.82594657
http://www.frankfurter-volksbank.de/kontakt/in-kontakt-bleiben.html,0.8259345
http://www.volksbank-breisgau-markgraeflerland.de/privatkunden/kredit-baufinanzierung/baufinanzierung/neufinanzierung/baufinanzierung-antrag.html,0.825065
http://www.rb-eggenthal.de/wir-fuer-sie/aktuelles-regionales/privatkunden/aenderungen-elterngeld.html,0.8248573
http://www.vrbankfulda.de/privatkunde/versicherung/tierversicherung/hundehalterhaftpflicht.html,0.8226919
http://www.vrbank-obb-so.de/wir-fuer-sie/aktuelles-regionales/aktuelles-aus-der-bank-2019/09-08-2019---vr-primax-ausflug.html,0.8224584
http://www.volksbank-rottweil.de/privatkunden/sparen-geldanlage/geldanlage/nachhaltig-anlegen.html,0.8223651
http://www.vb-rb.de/privatkunden/versicherung/einkommen-familie/unfallversicherung.html,0.8221886
"http://reliwiki.nl/index.php/Uithuizermeeden,_Torenstraat_26_-_Mariakerk",0.8221321
http://www.punto-informatico.it/firewire-oltre-i-record-usb-sempre-pi-indietro,0.821866
http://www.asphalt-wegedecken.de/kaltasphalt?add-to-cart=193,0.8195087
http://www.rb-idt.de/online-center/apps-modellrechner-erklaerfilme/erklaerfilme/erklaerfilm-immobilien.html,0.81922567
http://infosemarang.co.id/jobs/admin-kantor-di-cv-tanjung-harapan-oktober-2020,0.8189935
http://foorum.rindeleht.ee/viewtopic.php?p=118271,0.818978
http://www.rb-frankenhardt-stimpfach.de/firmenkunden/gruendung-nachfolge/service/nachfolge-planen.html,0.8183663
http://www.medikamente-per-klick.de/compressana-calypso-70den-kniestr-gr-3-softb-n-bl-2st-07719585,0.816808
http://www.wrike.com/de/blog/prince2-projektmanagement-methode,0.81676495
http://www.vrbank-suedpfalz.de/firmenkunden/agrar/service/landwirtschaft-nachrichten.html,0.8154261
http://www.mein-kroatien.info/Spezial:Linkliste/Insel_Mali_Plavnik,0.8154218
http://www.ksk-steinfurt.de/de/home/onlinebanking/service/pin-tan-verwaltung/pushtan-verfahren-zuruecksetzen_neo.html?aff=kskohpt&n=true,0.8153509
http://www.nickles.de/thread_cache/538859199.html,0.8150939
http://www.rbopr.de/privatkunden/sparen-geldanlage/bausparen/schwaebischhall-bausparvertrag-junge-leute.html,0.81493443
http://www.vr-bank-westmuensterland.de/service/rueckruf-formular.html?contactRes=/bausteine/kontakte/Mitarbeiter_Stadtlohn_KompetenzCentrum1/jcr%3Acontent/parsys/kontaktbaustein_47/kontakt,0.8145354
http://www.rb-lauf.de/privatkunden/sparen-geldanlage/geldanlage/schatzbrief.html,0.8137466
http://www.mikrocontroller.net/topic/445594,0.812737
http://www.vobadreieich.de/mitgliedschaft/mitglied-werden.html,0.81195164
http://www.vr-mio.de/privatkunden/sparen-geldanlage/service/fatca-gesetz.html,0.81157994
http://www.rileg.de/wir-fuer-sie/beraterkontakte/thomas_emmer.html,0.80975735
http://www.mustertexte-musterbewerbung.de/ausfuehrlicher-ratgeber-zur-e-mail-bewerbung-teil-1,0.80856246
http://www.volksbank-eifel.de/firmenkunden/zahlungsverkehr_und_auslandsgeschft/zahlungssysteme/giropay.html,0.8049907
http://dede.mydict.com/freigesetzt.html,0.8047391
http://kredit-suchen.net/ratenkredit-auszahlung?amp=,0.804111
http://www.zfp-winnenden.de/index.php?L=76&id=1091,0.8023703
http://personensuche.dastelefonbuch.de/Nachnamen/Olschewsky,0.80223596
http://calzadosmanuelaromano.es/es/73-zapatos-mujer-online,0.8020195
http://basefarm.no/blogg/derfor-er-datavitenskap-viktig-for-samtlige-medarbeidere,0.8018464
http://www.infonapf.de/pension-bregenzerwald-abwechslungsreicher-urlaub-fur-entspannende-momente,0.8012853
http://synonyme.woxikon.de/synonyme/preiskr%C3%B6nen.php,0.8012777
http://synonyme.woxikon.de/synonyme/ma%C3%9Fnahme.php,0.8009763
http://www.francaitinera.org/spip.php?auteur2075=,0.80049086
http://www.rb-idt.de/privatkunden/girokonto-kreditkarten/kreditkarten.html,0.80013084
http://natur-und-kultur.de/countries/country.asp?id=%7BCE26CBF9-225F-4D27-9157-245996DC2096%7D,0.80005264
http://www.vr-nms.de/privatkunden/kredit-baufinanzierung/baufinanzierung/kfw-foerderung.html,0.7997478
http://www.fehntjer-voba.de/firmenkunden/zahlungsverkehr.html,0.79956174
http://community.finanztip.de/thema/7205-dividenden-in-dieser-zeit?postID=59485,0.79934704
http://community.finanztip.de/thema/7205-dividenden-in-dieser-zeit?postID=59086,0.7993468
http://community.finanztip.de/thema/7205-dividenden-in-dieser-zeit?postID=59489,0.7993468
http://www.rbobermain.de/wir-fuer-sie/engagement/regionales-engagement/asb-wuenschewagen.html,0.7979798
http://www.mietcamper-vergleich.de/suedafrika,0.7977699
http://www.volksbank-backnang.de/firmenkunden/zahlungsverkehr/firmenkarten/prepaid-firmenkreditkarte.html,0.7972888
http://www.trojaner-info.de/business-security/schutz-vor-social-engineering/articles/die-methoden-des-social-engineering.html,0.7970952
http://www.volksbank-hochrhein.de/banking-service/sicherheit/phishing-warnungen/phishing-warnung-artikelversand.html,0.79694307
http://www.rb-eggenthal.de/firmenkunden/zahlungsverkehr/auslandsgeschaeft/common-reporting-standard.html,0.79606926
http://www.vrbank-hw.de/junge-kunden/stellenangebote-schueler.html,0.7958311
http://www.woxikon.it/dizionario/it-en/attentamente,0.79482293
http://dwv-net.de/produkt-schlagwort/alchemie,0.7947737
http://www.gamer.no/artikler/feature-derfor-elsker-mediene-a-frykte-voldelige-dataspill/347399,0.7947173
http://www.sparda-a.de/nachrichten-presse-corona,0.79377794
http://www.schluesseldienste-in.de/amberg-sulzbach/etzelwang,0.7937305
http://www.rbobermain.de/wir-fuer-sie/presse/Aus-der-Bank/gewinnspiel---sparwoche-2017.html,0.7924394
http://www.volksbank-heinsberg.de/service/formular-center-allgemein/formular-termin-sbc.html?contactRes=/bausteine/kontakte/service-beratungscenter/jcr%3Acontent/parsys/kontaktbaustein_601880957/kontakt,0.79154474
http://www.kryssakuten.se/S%C3%B6k?stype=ord-som-borjar-med&sword=BESE,0.79078865
http://www.biopix.eu/avocette-elegante-recurvirostra-avosetta_photo-116157.aspx,0.79038656
http://www.e-safetyshop.eu/product.asp?P_ID=1428,0.7899528
http://www.vr-tuebingen.de/online-angebote/online-servicecenter/Rueckrufservice.html,0.7890769
http://www.volksbank-welzheim.de/Immobilien/kaufen/immobilien-kapitalanlage.html,0.7888705
http://www.syringa-pflanzen.de/dwarf-blue-lavendel-sorte-pflanze.html,0.78779924
http://it.wikiwix.com/index.php?action=Arctogalidia+trivirgata+richardsonii+musschenbroekii+paguma+paradoxurus+hemigalinae+viverrinae+diplogale+paradoxurinae+leightoni+megaspila&art=true&disp=versity&lang=it,0.78768176
http://www.vrbanksn.de/wir-fuer-sie/veranstaltungen/125-jahre---landingpage/125-jahre---ein-historischer-rueckblick.html,0.78731847
http://www.tammo80.nl/taalverhaspelingen,0.7870226
http://m.vertikal.net/de/anmelden?ref=/de/news/beitrag/35395/selbstfahrer,0.7866242
http://www.sylter-bank.de/banking-service/banking-brokerage/banking-software/mobile-tan.html,0.78597796
http://www.vrbank-enz-plus.de/banking-service/sicherheit/phishing-warnungen/phishing-mail-raiffeisenbanken-volksbanken.html,0.7855972
http://www.vrbank-hw.de/banking-service/sicherheit/phishing-warnungen/phishing-mail-online-zugriff-gesperrt.html,0.78450763
http://admin.depo.ba/clanak/207135/bakterija-pobjegla-iz-laboratorije-u-kini-razboljele-se-hiljade-ljudi,0.7844658
http://www.volksbank-eg.de/firmenkunden/zahlungsverkehr/firmenkarten/prepaid-firmenkreditkarte.html,0.78441685
http://stronghemp.pl/produkt/glass-kawum-lufka-szklana-cygarniczka,0.7837146
http://www.volksbankviersen.de/mitgliedschaft/mitglieder-vorteile/mitglieder-plus-ruv.html,0.7835616
http://www.obuvtopky.sk/damske-tenisky/damske-kozene-tenisky-bielo-cierne-617401.html,0.7830089
http://www.volksbank-hameln-stadthagen.de/service/terminvereinbarung-online.html,0.78300184
http://politopia.de/forum/index.php?postID=1066147&thread/19224-parteien-unter-der-lupe-die-linke/=,0.7829488
http://www.inxpect.com/it/products,0.780978
http://www.volksbank-welzheim.de/service/nutzungsbedignungen.html,0.7807075
http://freetools.seobility.net/de/seocheck/fnp.de,0.7805413
http://www.energeticambiente.it/forum/sezione-servizi-e-utilit/materie-scientifiche/fisica/2938-la-seconda-legge-della-termodinamica,0.77983403
http://www.weedshop.cz/clipper-zapalovace/zapalovac-clipper-minitube-listy,0.7797358
http://forum.ahnenforschung.net/showthread.php?s=388c62fb1d4c4e6a9922fb7c9d9cbacd&t=187487,0.7797279
http://www3.smo.uhi.ac.uk/teanga/bunadas/f.php?f=104159,0.77964795
http://www.webviki.ru/eslichemodana.net,0.7790153
http://www.blueprints.de/artikel/selbst-bewusst-sein/das-gefuehl-nicht-gut-genug-zu-sein.html,0.7781316
http://www.paraportal.org/thread/1825-der-schwarze-mann?postID=299061,0.7778624
http://shoptec.sk/manual/katalog/vytvorenie-produktu,0.77772427
http://www.eurostair.no/dokumentasjon,0.77766895
http://www.vespaonline.de/forum/8377-keine-kolbenringe-fuer-75er-d-r,0.7775022
http://www3.smo.uhi.ac.uk/teanga/bunadas/f.php?f=104020,0.7771591
http://synonyme.woxikon.de/synonyme/geschleckt.php,0.7771215
http://www.mikrocontroller.net/topic/427774,0.7769972
http://www3.smo.uhi.ac.uk/teanga/bunadas/f.php?f=102444,0.77693087
http://www.mijn-verhuisfirma.be/oost-vlaanderen/verhuisfirma-Gontrode.php,0.7767099
http://kinderfahrrad-14zoll.de/online-bestellen-aber-wie-ist-das-mit-der-montage,0.77631307
http://www3.smo.uhi.ac.uk/teanga/bunadas/f.php?f=50950,0.77619326
http://www.vespaonline.de/gallery/user-image-list/12533-williamboney?pageNo=1&sortField=uploadTime&sortOrder=DESC&userID=12533,0.7761854
http://www3.smo.uhi.ac.uk/teanga/bunadas/f.php?f=104153,0.77614725
http://www.safetyshop.cz/kategorie-produktu/tiskopisy468/tiskopisy-ostatni473,0.77584803
http://www.rollorieper.de/standardmasse/easyfixplissee/PlisseeLillyohneBohrenAufhaengungmitOesenundHakenweiss---1433.html,0.775839
http://it.wikiwix.com/index.php?action=Arctogalidia+trivirgata+richardsonii+musschenbroekii+paguma+paradoxurus+hemigalinae+chrotogale+megaspila+servalina+zeylonensis+macrogalidia&art=true&disp=versity&lang=it,0.7753996
http://www.jarviwiki.fi/wiki/Murtovesi?setlang=sv,0.7753334
http://gabrieleborsari.com/sanificare-casa,0.7753136
http://tingiare.com/ma-giam-gia-vietravel-moi-nhat,0.7750138
http://www.mikrocontroller.net/topic/438466,0.7750009
http://aktien-blog.com/news/usa-volkswirtschaft-rohstoffe-sachwertzyklus,0.7734811
http://physiofortbildung.thieme.de/cps/rde/xchg/SID-CCA700AE-7F15C394/cpte/hs.xsl/e-learning.html,0.772791
http://www.politik-forum.eu/viewtopic.php?p=4670904,0.77266955
http://it.wikiwix.com/index.php?action=Arctogalidia+trivirgata+richardsonii+musschenbroekii+paguma+paradoxurus+hemigalinae+piscivora+linsang+viverrinae+viverricula+viverridi&art=true&disp=versity&lang=it,0.77255005
http://logbuch-netzpolitik.de/lnp316-naziloser?replytocom=119228,0.77239513
http://it.wikiwix.com/index.php?action=Arctogalidia+trivirgata+richardsonii+musschenbroekii+paguma+paradoxurus+hemigalinae+zibetha+hemigalus+jerdoni+viverricula+zeylonensis&art=true&disp=versity&lang=it,0.7720738
http://edokumenty.eu/rozwiazania/ezd?postid=355&terms=system-obiegu-dokumentow,0.7717465
http://www.raiba-neumarkt-opf.de/privatkunden/girokonto-kreditkarten/kreditkarten/classiccard.html,0.7714883
http://dede.mydict.com/Einschwingen.html,0.77141774
http://lana-lan.se/bank-norwegian-len/len-till-hus.php,0.77014923
http://www.mondial-badmoebel.de/waschtisch-mit-unterschrank-vica-120-cm-pc75341564,0.770009
http://www.veda.sk?pojem=ATA_karnet&science=5&veda=89,0.7697568
http://www.herramientas-profesionales.es/riego-y-jardin/riesgos-quimicos-biologicos,0.76883817
http://www.brandfield.nl/sieraden/zilver,0.7682686
http://it.wikiwix.com/index.php?action=Arctogalidia+trivirgata+richardsonii+musschenbroekii+paguma+paradoxurus+hemigalinae+jerdoni+leightoni+viverricula+piscivora+zeylonensis&art=true&disp=versity&lang=it,0.7682647
http://www.xn--dauner-bder-s8a.de/laurentiusbad-daun,0.7681879
http://synonyme.woxikon.de/synonyme/pflanzenerforschung.php,0.76782644
http://europeanland.hr/de/realestate/216/grundstueck-5747-m2-verkauf-milna,0.7675581
http://it.wikiwix.com/index.php?action=Arctogalidia+trivirgata+chrotogale+pardicolor+leightoni+poensis+hemigalinae+musschenbroekii+prionodontinae+paradoxurus+thierryi&art=true&disp=versity&lang=it,0.76729375
http://synonyme.woxikon.de/synonyme/nichtachtung.php,0.76614153
http://puma.ub.uni-stuttgart.de/tag/regionalkatalog%20bibliothek%20literatur?.entriesPerPage=100&bookmark.entriesPerPage=100&resourcetype=bookmark,0.76539874
http://www.huisjetehuur.nl/Vakantiehuis/Spanje/Costa-Calida/Reisverzekering,0.76526177
http://synonyme.woxikon.de/synonyme/st%C3%A4hlen.php,0.7647554
http://www.safetyshop.cz/kategorie-produktu/znaceni-budov-prostoru-a-vstupu265/znaceni-vytahu-a-podlazi294/vytahy295,0.7646421
http://it.wikiwix.com/index.php?action=Arctogalidia+trivirgata+chrotogale+pardicolor+leightoni+viverrinae+servalina+piscivora+paradoxurus+zibetha+viverricula+viverra&art=true&disp=versity&lang=it,0.7644009
http://www3.smo.uhi.ac.uk/teanga/bunadas/f.php?f=107299,0.7642093
http://primadaily.com/2021/01/resep-memasak-enak-hari-ini-semur-daging-kerbau/6414,0.7640629
http://it.wikiwix.com?action=Arctogalidia+trivirgata+richardsonii+musschenbroekii+paguma+paradoxurus+hemigalinae+zeylonensis+thierryi+poensis+hemigalus&lang=it,0.76404905
http://www.volksbank-welzheim.de/Firmenkunden/zahlungsverkehr/banking.html,0.7639116
http://maikelnai.naukas.com/2009/05/05/primera-imagen-del-virus-h1n1?pag=6&replytocom=33276,0.76281357
http://fr.worldcam.eu/webcams/europe/portugal/13327-ericeira,0.76279646
http://asphalbakar.com/081-382-447-993-hubungi-kami-membran-bakar-waterproofing-anti-bocor-di-cibodas-kota-tangerang,0.7625819
http://www3.smo.uhi.ac.uk/teanga/bunadas/f.php?f=107298,0.7622701
http://puma.ub.uni-stuttgart.de/tag/regionalkatalog%20bibliothek%20literatur%20t%C3%BCbingen?.entriesPerPage=100&sortPageOrder=asc,0.7604773
http://synonyme.woxikon.de/synonyme/konsens.php,0.7604166
http://conectasoftware.com/apps/tableau,0.75965816
http://kis.cvt.stuba.sk/arl-stu/sk/bookmark?disprec=1&idx=stu_us_cat%2A0085407&iset=1,0.7594652
http://synonyme.woxikon.de/synonyme/tolerierung.php,0.7588043
http://meedia.de/2020/09/11/warntag2020-moria-jan-boehmermann-und-die-faz,0.7587055
http://www.zfp-winnenden.de/einrichtungen/ambulanzen/kinder-und-jugendpsychiatrie-und-psychotherapie-winnenden,0.75849795
http://blogtinhocvanphong.com/chuyen-de-excel,0.7583985
http://www.rijschoolleidschenveen.nl,0.7572243
http://www.nickles.de/c/n/erster-24-zoll-all-in-one-pc-mit-android-fuer-429-euro-9965.html,0.7572055
http://www.sportuitslagen.org/arnd-peiffer-biathlon-spf80286.html,0.7566358
http://www.autodilyadoplnky.cz/sx4-2998-,0.756179
http://handelsregisterauszug.info/ausland/ort/abens,0.7557698
http://perpelle.net/2010/09/27/syrer-og-baser-og-ph-og-slikt?replytocom=340,0.755673
http://pokemon.fandom.com/es/wiki/Teselia,0.75539553
"http://meestelaul.metsatoll.ee/foorum/read.php?15,123,3687,quote=1",0.75516266
http://forum.freenews.fr/index.php?topic=81560.msg1013925,0.7550371
http://it.wikiwix.com/index.php?action=Arctogalidia+trivirgata+richardsonii+macrogalidia+poensis+paguma+paradoxurus+prionodon+diplogale+servalina+megaspila&art=true&disp=versity&lang=it,0.7532861
http://it.wikiwix.com/index.php?action=Arctogalidia+trivirgata+richardsonii+macrogalidia+poensis+paguma+servalina+prionodon+chrotogale+leightoni+civettina&art=true&disp=versity&lang=it,0.752867
http://nickles.de/forum/audio-hardware/2019/vu-sat-receiver-kann-usb-bluetooth-dongle-an-makita-bluetooth-uebertragen-539246747.html,0.7524368
http://www.volksbankeg.de/Firmenkunden/zahlungsverkehr/zahlungssysteme/pci-dss-3d-secure.html,0.75241965
http://www.gasedo.cz/Honeywell-BW-Ultra-O2-LEL-H2S-CO-NH3-s-pumpou-d31_14333.htm,0.7524006
http://www.woxikon.it/dizionario/it-en/diffamatore,0.75177544
http://www.medikamente-per-klick.de/reisetabletten-stada-10st-00749672,0.7514309
http://synonyme.woxikon.de/synonyme/abfliegen.php,0.7509612
http://synonyme.woxikon.de/synonyme/segeln.php,0.7507527
http://dictionnaire.sensagent.leparisien.fr/%C3%8A/no-no,0.750716
http://www.etranslator.ro/pt/tradutor-bulgaro-portugues-online.php,0.750553
http://www.vespaonline.de/gallery/image/9043-hp4,0.7504778
http://www3.smo.uhi.ac.uk/teanga/bunadas/f.php?f=108312,0.7497016
http://www.scientias.nl/spanjaarden-vervuilden-de-lucht-zestiende-eeuw-al,0.74960697
http://it.wikiwix.com/index.php?action=Arctogalidia+trivirgata+richardsonii+macrogalidia+poensis+paguma+thierryi+tangalunga+megaspila+hemigalinae+genetta&art=true&disp=versity&lang=it,0.7493665
http://foro.seguridadwireless.net/antenas/nb-para-wifi,0.7481473
http://www.en-treff.de/lec/7ctireshopcb5f7083202154018jml0mdrvmnbk875ck48,0.7473875
http://www.en-treff.de/lec/f9wheelland50b4101s1c287t5453w61054d1425,0.74738747
http://www.volksbank-ludwigsburg.de/ihre-bank/filialen/kundendialogcenter.html,0.7472915
http://zgarniajto.pl/konkurs-na-walentynki-w-kaufland,0.7472048
http://www.tuspalabras.com/velaje,0.74719644
http://www.vr-ff.de/wir-fuer-sie/presse/archiv/pressemitteilungen-2019/15--november-2019---um-die-freundlichste-stimme-der-vr-bank-wird.html,0.74697673
http://kamajaya.info/model-undangan-pernikahan-elegan,0.74680936
http://dwv-net.de/produkt-schlagwort/jerusalem,0.74652874
http://agencijahomberger.hr/hr/realestate/56/zemljiste-50000-m2-prodaja-sibenik,0.7458763
http://it.wikiwix.com/index.php?action=Arctogalidia+trivirgata+richardsonii+macrogalidia+poensis+paguma+hemigalus+linsang+viverricula+tangalunga+viverra&art=true&disp=versity&lang=it,0.7455211
http://www.hissenet.org/desa-deri-sanayii-desa.html,0.7452551
http://urlaubspunkt.de/lefkada-straende,0.74497104
http://it.wikiwix.com/index.php?action=Arctogalidia+trivirgata+richardsonii+macrogalidia+poensis+paguma+leightoni+zibetha+pardicolor+prionodontinae+paradoxurinae&art=true&disp=versity&lang=it,0.7448586
http://joop.bnnvara.nl/nieuws/julian-assange-aangehouden-in-londen,0.7442064
http://fr.wikiwix.com?action=1946&lang=fr,0.7436911
http://junisa.ru/de-de/strahlentherapie/strahlentherapie,0.74356866
http://it.wikiwix.com?action=Arctogalidia+trivirgata+chrotogale+pardicolor+leightoni+viverrinae+servalina+piscivora+civettictis+thierryi+hemigalinae&disp=dict&lang=it,0.7435274
http://koltukname.com/2012/11/29/danstan-yatak-odasina-giden-yolda-dinlenen-muzikler,0.74319226
http://www.foodlog.nl/artikel/jumbo-groeit-als-kool-maar-doet-exploitatie-la-place-de-deur-uit,0.7431206
http://lupographics.de/retusche-straubing,0.74295175
http://www.trendyard.nl/nl/huishouden/tafelgerei/bestek/broste-bestekset-sletten-mat-rvs,0.74242043
http://zahrakustore.com/jual-jaket-kulit-di-banjarnegara,0.74218994
http://www.biopix.eu/damier-athalie-mellicta-athalia_photo-13774.aspx,0.7420243
http://www.steffen-media.de/index.php?L=316&id=419,0.7417507
http://www.biopix.eu/chagne-chene-male-chene-pedoncule-chene-rouvre-quercus-robur_photo-35386.aspx,0.74168086
"http://www.nevasport.com/phorum/read.php?46,2990434,3010513=",0.7411648
http://www.wikiwix.com/index.php?action=atlas%3A19.818611%3A41.3275+3276+3274+3289+3233&art=true&disp=news&lang=fr&page=2,0.7406796
http://mapio.net/wiki/Q93231-et,0.7397116
http://fiksi.gratcianulis.com/2012/11/final-syarat-postcardfiction-di.html,0.7390597
http://www.proxem.com/recherche-et-developpement,0.7387017
http://autoblog-im.net/abgasnorm-euro-6d-zukunft-der-diesel,0.73807585
http://www.travelario.com/de/afrika/suedafrika/johannesburg/unterkuenfte_agoda,0.7379505
http://reime.woxikon.de/ger/vollkosten.php,0.73787344
http://residence.hr/de/realestate/490/grundstueck-10000-m2-verkauf-peruski,0.73757476
http://tilo-hensel.de/free-glossy-community-icons?replytocom=121,0.7375734
http://ocfm.free.fr/flyspray/index.php?amp;do=index&amp;order=tasktype&amp;order2=severity&amp;project=3&amp;sev[0]=2&amp;sort=asc&amp;sort2=desc&amp;string=&do=details&order=priority&order2=dateopened&pagenum=7&project=3&sort=desc&sort2=desc&task_id=131&toggleadvanced=1,0.73739475
http://plexuskinder.de/2018/02/15/ein-plexuskind-bei-den-olympischen-spielen,0.7373873
http://www.scientias.nl/fruitvlieg-leeft-langer-als-hij-een-goed-seksleven-heeft,0.7373598
http://ocfm.free.fr/flyspray/index.php?amp;do=index&amp;order=severity&amp;pagenum=11&amp;project=3&amp;sort=desc&amp;toggleadvanced=1&do=details&order=progress&order2=category&pagenum=1&project=3&sort=desc&sort2=asc&task_id=47,0.7371583
"http://indo.wiki/content/Weusiteh,%20Suka%20Makmur,%20Aceh%20Besar/Halaman_Utama.html",0.7368084
http://filacchione.it/tag/frank-herbert,0.736706
http://it.wikiwix.com?action=Arctogalidia+trivirgata+richardsonii+musschenbroekii+paguma+paradoxurus+hemigalinae+chrotogale+megaspila+servalina+zeylonensis&disp=species&lang=it,0.7359734
http://www.getraenkewelt-weiser.de/manufacturer.php/porto-ferreira-sogrape-vinhos,0.7356312
http://eshop.sweetboro.sk/cz/sortiment/34,0.7355335
http://ilyatoo.com/objet_view.php?info_id=SYST%C3%88ME+DE+GESTION+DE+L%27APPRENTISSAGE&info_typeoeuvre=Registre+des+applications+informatiques&typeobjet=oeuvre,0.73497033
http://vocabularyserver.com/interwater/es?tema=2186,0.73476905
http://bilder.4ever.eu/tag/26409/papier-robot,0.73404455
http://synonyme.woxikon.de/synonyme/zartheit.php,0.7340102
http://eshop.sweetboro.sk/sk/produkt/22,0.73362964
http://memory-alpha.fandom.com/de/wiki/Lindsey_Haun,0.7332114
http://www.biopix.eu/phalarope-a-bec-etroit-phalaropus-fulicarius_photo-101369.aspx,0.73271793
http://www.sanificazionecondizionatoreroma.it/condizionatori-pulizia-sanificazione-roma,0.7319306
http://www.biopix.eu/elatine-a-six-etamines-elatine-hexandra_photo-95191.aspx,0.73121285
http://asphalbakar.com/08-13-82-44-79-93-telepon-harga-membran-bakar-di-ridogalih-kabupaten-bekasi,0.73078203
http://d-blog.org/tag/python,0.73076355
http://www.vespaonline.de/forum/218616-px-80-e-was-wurde-hier-verbaut?postID=832598,0.7307279
http://www.aw-wiki.de/index.php/Evangelische_Martin-Luther-Kirche_Bad_Neuenahr,0.73069346
http://www.kreanord.dk/shop/perler_og_smykkedele/perler/ferskvandsperler-guld-brun-7-stk-9-10mm,0.73023164
http://servicecomputer.ro/category/service-calculatoare/service-calculatoare-aviatiei,0.7302018
http://www.usa-kulinarisch.de/rezept/pancakes-pfannkuchen?replytocom=1038,0.7301017
http://vegetarbladet.dk/vegetarblad.aspx?artikel=87,0.7299747
http://bobilliv.no/fire-opplevelser-du-bor-oppleve-i-sverige,0.7294739
http://ocfm.free.fr/flyspray/index.php?amp;do=index&amp;order=dateclosed&amp;order2=priority&amp;project=3&amp;sort=desc&amp;sort2=desc&do=details&order=status&order2=tasktype&pagenum=6&project=3&sort=desc&sort2=asc&task_id=26&toggleadvanced=1,0.72927076
http://www.streetdir.se/SE/Vastra-Gotalands-Lan/Goteborgs-Kommun/Centrum/Inom-Vallgraven/Strassen/Nordstadstorget/Hotell,0.72901154
http://www.smalandsgillegbg.se/2019/09/bilder-fran-gillesgolfens-prisutdelning.html,0.72851384
http://www.wellea.sk/cosimed-kupelovy-olej-harmancek-1000-ml,0.7283866
http://www.volksbank-berg.de/service/rueckruf-formular.html,0.7283815
http://www.thekasaantimes.de/item/itemlist/tag/CheopsPyramide%20in%20Gizeh,0.7280774
http://www.pensioenvizier.nl/beleggen-in-tijden-van-crisis,0.72765774
http://www.riparazioneiphone-milano.it/riparazione-cellulare-samsung-via-francesco-trabattoni-seregno,0.7275889
http://ocfm.free.fr/flyspray/index.php?amp;do=index&amp;order=severity&amp;order2=summary&amp;project=3&amp;sort=desc&amp;sort2=desc&do=details&order=category&order2=progress&pagenum=10&project=3&sort=asc&sort2=desc&task_id=98,0.72703636
http://forum.finanzen.net/forum/Anatolien-t496133?page=422,0.7266116
http://www.mondial-badmoebel.de/waschtisch-solid-surface-freihaengend-avon-189-cm-M210329,0.72593063
http://www.streetdir.se/SE/Vastra-Gotalands-Lan/Goteborgs-Kommun/Centrum/Landala/Strassen/Aschebergsgatan,0.72436523
http://www.webcams-skandinavien.de/Schweden/Cam-Jarvsobacken.php,0.7243059
http://hexcelligent.fi/2014/10/19/pitkaveto-1-x-2-ennuste-excelilla?_wpnonce=089f01769d&like_comment=1136,0.72338843
http://www.circuitsonline.net/forum/view/message/2211100,0.7232547
http://www.nasijagung.com/2020/10/jual-beras-jagung-di-banyuwangi.html,0.723161
http://thuis-in-hongarije.nl/huizenaanbod/szentgalosker-2,0.7229759
http://synonyme.woxikon.de/synonyme/torkelnd.php,0.7215059
http://www.spiritbooks.dk/books/book/default.aspx?id=110,0.72024024
http://www.biopix.eu/frelon-vespa-crabro_photo-33840.aspx,0.7200836
http://termene.ro/articole/dosare-de-instanta-ale-firmelor-inregistrate-in-data-de-20-06-2018,0.72003436
http://e-szczuczyn.pl/budowa-otwartej-strefy-aktywnosci-wariant-rozszerzony-1-obiekt,0.7196054
http://www.biopix.dk/stor-praestekrave-charadrius-hiaticula_photo-87582.aspx,0.71924305
http://www.furniture.arinie.com/jual-gazebo-kayu-situbondo,0.7182188
http://offason.se/news/32,0.7182151
http://europeonline-magazine.eu/krywyj-rih-stadt_46371.html,0.71811354
http://bilderse.4ever.eu/luftfart/rymdfarkoster/atlas-v-257876,0.717956
http://www.geschichtsforum.de/thema/wie-ist-der-romanisierungsprozess-der-normannen-der-normandie-abgelaufen.51216/page-2,0.7178546
http://nasa-2.morosakato.com/produk/8/Jual-ENBEPE-OBAT-GANGGUAN-JIWA-di-Semanan-GROGOL-PETAMBURAN,0.71733475
http://taisykla7.lt/konsoliu-remontas-atrisimas,0.71706206
http://tni-medical.de/index.php?L=240&id=230&type=502,0.7165153
http://agenparabolajakarta.com/payet-gabung-olympique-marseille,0.7161242
http://vente06.com/Billets-Canada-10-Dollars-2005-BILLETS?bcpp=2&bpage=2&cpp=2&page=1,0.71606225
http://synonyme.woxikon.de/synonyme/hervorgehen%20aus.php,0.71600723
http://eforum.idg.se/topic/342830-subventionerad-iptv-box?tab=comments,0.71587193
http://ocfm.free.fr/flyspray/index.php?amp;do=index&amp;order=summary&amp;project=3&amp;sort=asc&do=details&order=summary&order2=tasktype&pagenum=6&project=3&sort=desc&sort2=asc&task_id=188&toggleadvanced=1,0.71571785
http://www.anglass.cz/en/kontakt,0.71561384
http://www.developpez.net/forums/blog.php?tag=openjdk&u=71025,0.7155668
http://www.trendyard.nl/nl/woonaccessoires/badkamerlampen/led-kooldraadlamp-squirrel-e27-4w-warmwit-2700k,0.7155491
http://bibliotheek.be/en/catalog/neale-donald-walsch/ontmoetingen-met-god-momenten-van-genade-de-levens-van-gewone-mensen/book/library-marc-vlacc_2480170,0.7153685
http://188.166.230.226/togel-sgp,0.71503216
http://dede.mydict.com/unvergesslichen.html,0.71447873
http://de.interglot.com/W%C3%B6rterbuch/es/de/%C3%BCbersetze/esmerado?l=es%7Cde,0.71414053
http://www.vrbank-eg.de/firmenkunden/expertenwissen/digitalisierung/digitale-trends-erkennen.html,0.7137987
http://www.divatmarkak.hu/marka/das-depot,0.7135761
http://kreuzgang.org/viewtopic.php?p=914773,0.7133645
http://zgarniajto.pl/konkurs-fairy-w-drogeriach-laboo-2,0.7128419
http://www.velewe.de/startseite/gefahrgut-adr,0.7127245
http://it.wikiwix.com?action=Arctogalidia+trivirgata+richardsonii+macrogalidia+poensis+paguma+viverrinae+hemigalinae+servalina+prionodontinae+tangalunga&disp=species&lang=it,0.71243393
http://consultadeneurologia.com/2014/03/17/calcificaciones-en-el-cerebro?_wpnonce=c2eb460b71&like_comment=1334,0.7112496
http://www.strefaurody.hekko24.pl/kosmetologia/pedicure-podologia,0.7098947
http://www.interglot.ch/W%C3%B6rterbuch/de/nl/%C3%BCbersetze/Tresor,0.70968366
http://phillipreeve.net/blog/impressum,0.7094295
http://www.biopix.biz/ferskvandssoe-kreta_photo-55362.aspx,0.7091798
http://news.knowledia.com/FR/fr/topics/100sL,0.7088504
http://www.dapmed-africa.com/medicaments/view/logirene-40-mg-5-mg-cp-sec-boite-de-30,0.70817375
http://welcomebazar.de/index.php/impressum/7-informationen/32-datenschutzerklaerung,0.7078446
http://pramanadwijaya.com/2018/02/13/pabrik-kawat-mesh-besi-%E2%98%8E-0813-3535-2009,0.7078235
http://www.backmarket.fr/samsung-galaxy-a70-128-go-bleu-debloque-tout-operateur-pas-cher/266548.html,0.707758
http://pride-design.nl/playing-card-games,0.7065604
http://fantasylife.s-blu.de/items/uralter_dolch,0.70652497
http://buyhotels.ru/it/zapadnaya-virdzhiniya,0.70563936
http://www.bethyeshoua.org/index.php?Itemid=272&id=171&option=com_content&view=category,0.7052464
http://www.jualmandibola.com/2017/04/jual-arena-mandi-bola-termurah-di_4.html,0.7046852
http://www.toens.de/it-solutions/it-consulting/academy,0.7044821
http://aps-tr.nl/tag/scherm,0.70319355
http://porsche356-blechteile.de/product/hinteres-motorabdeckblech-2,0.70318663
http://www.biopix.dk/timiankoellesvaermer-zygaena-purpuralis_photo-83196.aspx,0.7029866
http://sweedly.se/reklambyra-lovgardet,0.70277786
http://www.biopix.org/svartmeis-parus-ater_photo-125901.aspx,0.7022967
http://www.backmarket.at/elektromesser-kenwood-kn650-gebraucht/3463.html,0.70212543
http://www.spacejokers.it/2015/10/jupiter-ascending-recensione,0.702042
http://pollux.ayy.fi/rakettiforum/viewtopic.php?f=18&t=706,0.70199716
http://www.expertentesten.de/haushalt/bierzapfanlage-test,0.70092016
http://www.mycity-military.com/Avioni/MIG-35_73.html,0.70085037
http://podcastid.ee/tumedad-tunnid/tumedad-tunnid-1-osa,0.70021653
http://www.eurostair.no/inspirasjon,0.6998071
http://antypody.info/2009/10/sydney,0.6996033
http://www.thaipost.no/sea-lodge-er-en-vakker-og-stille-oase-midt-i-patta,0.69920814
http://epo.wikitrans.net/Aldnoah.Zero,0.6990595
http://www.cabinet-particular.ro/evaluator/beius,0.6986419
http://pharmama.ch/2011/10/10/wunsche-an-industrie-und-registrierung-von-einer-einfachen-apothekerin?_wpnonce=b0b08ba617&like_comment=20010,0.6985634
http://scammotoparts.com.br/categoria-produto/yamaha/mt-09,0.6983562
http://www.madmass.it/dragon-trainer-3-il-mondo-nascosto,0.6983165
http://www.auto-fussmatten.net/Gummi-Fussmatten-Passend-fuer-VW-Golf-3-Vento-1992-1998-Auto-Gummimatten-4-teilig-schwarz,0.6982767
http://europeonline-magazine.eu/elbasan-stadt_44245.html,0.6981516
http://www.animeclick.it/news/89214-bleach-dynit-ne-annuncia-lacquisizione-per-amazon-prime-video,0.69779575
http://konsultasispesialis.com/penyakit-jantung-hipertensi,0.6975959
http://www.biopix.eu/pelecanus-thagus_photo-120934.aspx,0.69721437
http://termene.ro/articole/tag/sanofi-aventis-romania-srl,0.69691026
http://xn--ssongsmat-v2a.nu/ssm/Hare,0.6958443
http://www.regumed.ch/component/rseventspro/day/02-07-2021/137?Itemid=110,0.69571507
http://www.ub.uni-heidelberg.de/helios/kataloge/urn.html?urn=urn%3Anbn%3Ade%3Absz%3A16-propylaeumdok-5902,0.6956012
http://kabarmalang.com/8827/jelang-perayaan-hut-ri-ke-75-pemkot-batu-mulai-lirik-game-virtual,0.69528997
http://hoboscore.com/es/dinamarca/superliga/randers-fc,0.69495
http://no.starsinsider.com/reise/284750/kjor-de-lengste-veiene-pa-jorden?utm_campaign=rssfeed&utm_medium=rss&utm_source=rss-travel,0.69481224
http://www.biopix.dk/doedningehoved-svirreflue-myathropa-florea_photo-105105.aspx,0.69383407
http://expertchoice.us.com/admision-de-credito?replytocom=22136,0.6937208
http://www.hilalmerahindonesia.com/2020/04/12/642-ekor-daging-ayam-milik-cv-tanjungmulya-dibagikan-fpi-ciamis-untuk-anak-yatim,0.6937145
http://mushrooms.su/ru/flammulina_velutipes.htm,0.69337404
http://www.streetdir.se/SE/Uppsala-Lan/Uppsala-Kommun/Spots/Coop-Nara,0.69310945
http://www.opencaching.de/viewcache.php?wp=OC13636,0.6927698
http://www.biopix.org/zebrasoma-flavescens_photo-67136.aspx,0.6920626
http://www.ikplan.ch?author=1,0.6919619
http://scilogs.spektrum.de/marlenes-medizinkiste/ohrwurm,0.6918936
http://www.backmarket.de/sony-xperia-z2-tablet-4g-2014-101-16gb-wlan-lte-schwarz-ohne-vertrag-gebraucht/2784.html,0.69189095
http://blog.bankscore.de/2014/12/02/wie-funktioniert-die-deutsche-einlagensicherung,0.6918387
http://sman7malang.sch.id/sirih,0.69128424
http://aisae.com/expatriation-par-pays/assurance-sante-internationale-expatrie-pays-bas,0.69122946
http://www.ftm.nl/artikelen/voor-nederland-geen-qe-maar-een-schulden-jubilee,0.6910988
http://www.streamly.com/title/viaplay-se/parneviks,0.69091195
http://blogak.eitb.eus/eitbmusika/2011/07/01/gay-pirates-cosmo-jarvis-en-abestian-maitasuna-garaile,0.69066185
http://www.biopix.dk/violet-hekseringshat-lepista-nuda_photo-28974.aspx,0.68985593
http://notebooky-forum.notebook.cz/viewtopic.php?f=19&t=50550,0.6896333
http://www.fachschaft.informatik.tu-darmstadt.de/forum/viewtopic.php?p=117321,0.6894405
http://www.immogrifo.com/el-refugi-de-fontverd-es-un-itinerari-de-pot-desnivell-que-permet-descobrir-la-vall-del-madriu-perafita-claror-i-la-seva-vegetacio,0.6892117
http://www.kuantum.shop/index.php?path=869_871_926&route=product/category,0.68903613
http://bazi.chinesemetasoft.com/BaZi/Wiki?Name=Leah_Remini,0.6888575
http://lindebox.de/index.php?menuid=8&reporeid=188,0.68840504
http://sportmaniac.ro/brand/s-karp,0.6879375
http://thesaurus.altervista.org/dict/it/inconcludentemente,0.6879127
http://www.shazam.se/tag/tony-daniel,0.6872481
http://www.sundsvallsbilder.com/2012/07/fototapeter-till-salu.html,0.687135
http://labeet.dk/tag/gen,0.68711007
http://www.opengst.fr/portfolio/communaute-de-communes-des-coevrons,0.68651354
http://www.biopix.eu/velia-caprai_photo-49310.aspx,0.68618083
http://www.safetyshop.cz/kategorie-produktu/kontrolni-a-kalibracni-stitky132/revizni-a-kalibracni-datumovky133/kolecka-s-vlastnim-textem138,0.6860775
http://www.belgiumwinewatchers.com/fr/detail/vins/75624/talbot,0.68599015
http://kis-allatok.eoldal.hu/cikkek/a-lovak/a-lovak.html,0.6858742
http://hup.hu/comment/2558564,0.6851322
http://www.dinafem.org/it/avviso-legale,0.685057
http://nelly.com/se/kl%C3%A4der-f%C3%B6r-kvinnor/kl%C3%A4der/byxor-shorts/helmut-lang-200463/logo-sweatpantbr-sw-500684-2261,0.68371165
http://www.codigospostal.org/calles/cp.php?FEBO=&id=7824,0.68333685
http://www.rome2rio.com/de/Zug/Rotterdam/Gouda,0.68323886
http://de.qaz.wiki/wiki/Match,0.6829822
http://nicederm.com.tr/android-facebook-facebook-%CE%BA%CE%B1%CF%84%CE%B1%CF%83%CE%BA%CE%B5%CF%85%CE%B7-%CE%B9%CF%83%CF%84%CE%BF%CF%83%CE%B5%CE%BB%CE%B9%CE%B4%CF%89%CE%BD-%CE%B3%CF%81%CE%B1%CF%80%CF%84%CE%AC-%CE%BC%CE%B7,0.68286836
http://postcodebijadres.nl/1477,0.6827066
http://jasalegalisir.com/jasa-legalisir-sertifikat-di-kedutaan-bangladesh,0.68247235
http://gay-serbia.com/forum/viewtopic.php?p=2700767,0.6817825
http://www.biopix.dk/gudumholm-kirke_photo-57471.aspx,0.6817314
http://maurogarofalo.nova100.ilsole24ore.com/2007/06/12/dbz_dragon_ball,0.68129426
http://www.openthesaurus.de/synonyme/Kopfgelenk,0.6806695
http://www.louiscauffman.com/solteam/mastercourses-oplossingsgerichte-opleiding-therapie-coaching/oplossingsgericht-coachen,0.680583
http://alexandrabader.wordpress.com/tag/simon-sheves,0.68053937
http://bonsaislaperla.net/epages/ec2310.sf/es_ES?ObjectID=26534633&Page=4&PageSize=20&ViewAction=View,0.67934096
http://www.silicon.de/41586994/lg-berlin-ein-wikinger-setzt-sich-erfolgreich-zur-wehr,0.6792052
http://skillzone.de/about-skillzone,0.6790899
http://atla.be/100815-kozen-grote-prijs-roger-luyckx,0.67881596
http://www.destinationcambodge.fr/siem-reap,0.67874134
http://www.dapmed-africa.com/medicaments/view/melonax-15-mg-cp-sec-boite-de-10,0.67869043
http://filmwoordenboek.nl/woorden/Filmen,0.6786084
http://itaccedi.com/extremelot-nuovo-b,0.67857826
http://webot.org/info/de?search=Quadratmeter,0.6785685
http://www.turkiyeyigezelim.com/karadeniz-bolgesi/corum/hitit-yuruyus-parkurlari.html,0.6783713
http://sekarl.euba.sk/arl-eu/sk/export?idx=eu_un_cat%2A0109346,0.67835325
http://www.dapmed-africa.com/medicaments/view/justor-1-mg-cp-pellic-sec,0.6781993
http://www.innsalzach24.de/netzwelt/weltnichtrauchertag-2012-apps-nichtraucher-werden-2339229.html,0.6776694
http://amstrad.eu/roudoudou-live-twitch,0.67680573
http://partisiruangan.co.id/toilet-ambon,0.6766758
http://www.wallpaperers.uk/southborough.html,0.6759249
http://phantastisch-lesen.com/kolonien-welt-unter-dampf-andre-skoda-marco-ansing-hrsg,0.6753845
http://www.preppers.zone/phpBB3/viewtopic.php?p=24008,0.6752095
http://jucyfood.dk/category/glesborg,0.67501014
http://bitcoin.nl/nieuws/de-institutionele-investeerders-zijn-er-492,0.67456627
http://falsikon.de?w=P%C3%BCramiede,0.6744354
http://reime.woxikon.de/ger/phonetik.php,0.6739618
http://www.mondial-badmoebel.de/waschtisch-solid-surface-freihaengend-cloud-182-cm-m495712,0.6738132
http://lalunalapalma.com/tag/deutsch,0.6731961
http://www.digitalkameravergleiche.de/guter-camcorder-fujifilm-finepix-jv100-digitalkamera,0.67306066
http://animanga.fandom.com/it/wiki/Onihime_VS?section=1&veaction=edit,0.67305017
http://www.18up.org/escort-tanitim/yeni-vip-bursa-escort-bayan-efsun,0.6727218
http://namepedia.org/de/firstname/Brecht,0.6725844
http://www.seksbomb.com/girl/samimi-olan-escort-bayan-natali-12279,0.67218757
http://bintangpoker88.asia/rgopoker,0.67169225
http://dan.wikitrans.net/Lagerbyggnad?redir=Lagringshall,0.6716631
http://www.bassilo.it/3-semplici-passi-per-investire-in-azioni-microsoft,0.67080605
http://www.pv-magazine.de/2020/07/22/billige-zulieferer-statt-freie-prosumer?replytocom=132819,0.67045563
http://contenidosclick.es/redactores-freelance/pajaros,0.6701093
http://www.granudden.info/Album/2011/07/2011-07-24/slides/IMG_0023.html,0.66998035
http://kulturnav.org/59867a5c-d906-445c-a25e-a35ab6300024,0.66952515
http://afonin.bestpersons.ru,0.6692888
http://maiszallas.hu/akciok/orszagos/nyar-indito-siofokon-a-piknik-wellness-hotelben-4-nap-3-ejszaka-2-fore-reggelivel-77-400-ft-helyett-38-280-ft-ert-most-fizetendo-5-700-ft,0.6691894
http://www.cheapcheep.uk/shed-builders-coseley.html,0.6691878
http://de.tradingview.com/chart/BTCUSD/y7ZtlW5M,0.66886234
http://atla.be/170213-st-truiden-lcc,0.6688582
http://www.froesamlerne.dk/sortsdatabasen/vis-sort?varietyid=21,0.6684708
http://masticlife.cz/products/masticlife-strong-and-pure-mastichove-kapsle,0.66843057
http://www.petersreiseziele.de/17-07-22-sossusvlei-sesriem,0.66757655
http://dictionnaire.sensagent.leparisien.fr/V%C3%A4rldsm%C3%A4sterskapen_i_nordisk_skidsport_1925/sv-sv,0.6674495
http://bi-rennsteig.de/aktuelles/354-fw-16-02-2017-invetitionen-von-ueber-400-000,0.6670259
http://www.vacilotto.it/visualizza_home.php?IDsessione=7048f879b9655c89b2067dac9f77a568,0.6666794
http://www.jens-schendel.com/sex-sells-funktionsweise-und-wirkung-die-richtige-dosierung-machts,0.6665291
http://www.masedisugianto.com/2016/06/download-logo-hut-bhayangkari-atau.html,0.66607934
http://www.seksbomb.com/girl/erkekleri-keyiflendirecek-ayca-11912,0.66568065
http://forum.beneluxspoor.net/index.php?topic=74394.msg3222186761&topicseen=,0.66566277
http://www.preis-der-freiheit.de?tag=mms,0.6649294
http://www.neti.ee/visiitkaart/80377776,0.66398466
http://www.assistenzaelettrodomesticisamsung.it/assistenza-elettrodomestici-samsung-assago,0.6634996
http://www.flexamiauto.cz/turbodmychadla-nove-bmw-rada-m1-f20-m140i,0.66317105
http://de-weekend.ro/garile-regale-sinaia,0.66317
http://kulturnav.org/5aca595c-2a37-46c6-852f-f5d440cc34fc,0.66199857
http://www.isolatie-offertes-vergelijken.nl/isolatie/isolatie-soest,0.66167074
http://aqiqahmalang.net/profil-ladida-aqiqah-malang,0.6614542
http://www.360realtors.com/chandak-passcode-bay-green-goregaon-west-mumbai-uid-5134,0.6614284
http://wikimania2010.wikimedia.org/wiki/Attendees/en,0.6601672
http://tv.zam.it/129238-600000-francs-par-mois,0.6601176
http://foobar-users.de/index.php?topic=1884.0,0.6600634
http://www.adamsains.us/2015/03/terjemahan-lirik-lagu-ost-atm-er-rak-error-2-the-series-look-aum.html,0.65916204
http://www.isolatie-offertes-vergelijken.nl/vloerisolatie/vloerisolatie-venlo,0.65857804
http://www.oldtimerteile-markt.de/Echtgeld-Casino/1544-Echtgeld-Casino-ipad-2018.html,0.65814805
http://blog.crox.net/plugin/tag/axbo,0.65803695
http://www.defendthefamily.com/desktop/slots/pgsoft,0.65802777
http://tv.zam.it/183865-Humshakals,0.6572876
http://duniarakgudang.com/2019/02/12/jual-rak-gudang-heavy-duty-kuala-indragiri-indragiri-hilir,0.656801
http://www.nobb.nl/nobb/nieuws/5922-citaat-594,0.65641415
http://verdir.ressourcedefenders.org/index.php/gabon/travaux-de-recherche/21-gabon,0.6563834
http://www.webcamhopper.com/es/map/4092.html,0.6563784
http://forum.vcdspro.de/index.php?/wiki/vehicle/volkswagen/golf/vw-golf-7-au-r40/area/retrofit/content/original-standheizung-golf-7-r55/=,0.6562711
http://www.belugareisen.de/tauchreiseziele/asien/philippinen/negros/tauchbasis-sipalay-easy-diving-and-beach-resort.html,0.656127
http://www.entruempelungen-potsdam.de/REFERENZEN/index.php,0.6560693
http://puma.ub.uni-stuttgart.de/tag/ACCURACY;%20myown;%20parallel?.entriesPerPage=10&bibtex.entriesPerPage=5,0.65601426
http://expertchoice.us.com/erp-riesgo-credito-cr3?replytocom=6738,0.65597486
http://expertchoice.us.com/erp-riesgo-credito-cr3?replytocom=6205,0.65597475
http://www.singleboersencheck.de/tipps/date-ariane-dating-simulatoren,0.65593874
http://call4care.se,0.6558225
http://tv.zam.it/cast.php?id_pers=1249373,0.6554152
http://neilpatel.com/de/blog/wie-du-mit-den-kauflichen-pins-von-pinterest-328-mehr-verkaufst,0.65538955
http://casino.buzz/da/cookiepolitik,0.65534735
http://jeroendeboer.net/2009/11/13/acta-en-hoe-zit-het-met-de-digitale-burgerrechten,0.6552211
http://asphalbakar.com/0813-82-44-79-93-whatsapp-harga-waterproofing-per-roll-di-pasar-baru-jakarta-pusat,0.6548916
http://hollandmeetserb.nl/index.php?BWANA=147&ITEM=1304&KAOR=&Productid=&Serie=&id=550&menu=+&taalnummer=3&taalstring=_DE,0.65476465
http://kostet-eine.com/KONTAKT/Sitemap/Entruempelung-Entsorgung-Berlin-Charlottenburg,0.6546951
http://der-kuechenprofi.net/sous-vide-garen,0.65432715
http://forestore.ro/categorie-produs/accesorii-makita/accesorii-diverse/bucsa-ghidare-15-5,0.65428066
http://www.wbs-law.de/urheberrecht/abmahnung-filesharing/skw-schwarz-rechtsanwalte-mahnt-wegen-urheberrechtsverletzung-ab-14572,0.65365064
http://parnassen.wordpress.com/tag/emanuel-johansson,0.6536187
http://www.biopix.eu/callitriche-obtusangula_photo-113822.aspx,0.6533515
http://minecraft-ru.gamepedia.com/%D0%99%D0%B5%D0%BD%D1%81_%D0%91%D0%B5%D1%80%D0%B3%D0%B5%D0%BD%D1%81%D1%82%D0%B5%D0%BD,0.65273535
http://youngchinesedogs.com/ycd-by-timm-wolf-dscf53053-2400x1200,0.65218866
http://www.ftm.nl/artikelen/windsharefund-ratelband-beleggen?share=1,0.65210223
http://www.eve-rave.org/drogen-abc/naturdrogen/wermut-absinth,0.6518464
http://www.enzyglobe.net/2014/03/07/trimmitus,0.65134263
http://etspanolpdf.mypressonline.com/js/8433028448-Betania-convergen-cristiana-cuatro-vientos,0.65115285
http://tjuvlyssnat.se/etikett/mellersta-sverige/page/2,0.650899
http://arifputramandiri.net/aplikator-trowel-floor-hardener-kanigoro,0.6507981
http://www.biopix.com/yellowhammer-emberiza-citrinella_photo-124329.aspx,0.6507317
http://postcodebijadres.nl/4741,0.65058005
http://happy12.de/de/escape-room,0.64996743
http://impiousdigest.com/operation-paper-clip-300x225,0.6499208
http://www.biopix.dk/kiselsvamp-ubestemt_photo-6660.aspx,0.64952266
http://www.cheapcheep.uk/shed-builders-south-woodham-ferrers.html,0.64927244
http://www.magaziniac.de/2009/07,0.64920723
http://dvms.vn/san-pham/ung-dung-mobile-cho-doanh-nghiep/27-tin-tuc/tin-nganh/73766-lo-hong-chuyen-tien-tren-mobile-app-va-nguy-co-trom-tien-tu-bat-ky-tai-khoan-nao.html,0.64895755
http://ipackaging.es/nos-gusta-trabajar-con-polipropileno,0.6489365
http://kulturnav.org/74c6f030-2ba3-42a7-92c8-db3251ee4325,0.64853466
"http://forum.geizhals.at/t452945,3732825.html?sort=time",0.6483737
http://www.biopix.com/asplenium-scolopendrium-fissilis-monkmanii_photo-30556.aspx,0.6477763
http://www.simflight.de/justsim-veroeffentlicht-nizhny-novgorod-airport,0.64701307
http://ipms.nl/artikelen/nedmil-luchtvaart/vliegtuigen-n/vliegtuigen-n-northam-na16,0.6466568
http://tv.zam.it/127935-Al-nass-wal-nil,0.6463709
http://www.wiegandweimar-shop.de,0.646083
http://dinero.no/tips-billigere-bensin-diesel-bat,0.64518285
http://www.biopix.eu/pie-bavarde-pica-pica_photo-71269.aspx,0.645182
http://www.dilertube.de/oer-video/haus-auf-stelzen-die-erste-durchgangspassage.html,0.6445317
http://mcgallen.com,0.6443875
http://www.dapmed-africa.com/medicaments/view/laroxyl-50-mg-2-ml-sol-inj,0.64421034
http://astrobloguers.org/etiqueta/asteroide,0.6438217
http://www.un-prenom-pour-bebe.info/Finlandais-babynames/boys/Jarvi.html,0.6435466
http://snzltr.blogspot.com/2009/04,0.6433642
http://no.qaz.wiki/wiki/Golders_Green,0.6430737
http://www.liekinfo.sk/liek-diclobene-150-mg-retard-tbl-mod-10x150-mg-(blis-pvc-pvdc-al)-8680,0.6427464
http://www.cheappainterdecorator.co.uk/aylesford.html,0.6427051
http://jogjamediaweb.com/blog/web-developer-indonesia-turi-sleman.html,0.6425229
http://tv.zam.it/127621-Hatsukoi-kanariya-musume,0.6410168
http://162.241.109.207/tag/s128-sabung-ayam-live,0.6405833
http://kulturnav.org/5fd87555-a7e2-4407-87cc-be0ec15fa704,0.6405325
"http://forum.geizhals.at/t452945,3729543.html?sort=time",0.6403458
http://www.builderz.uk/st-helens.html,0.64001775
http://mega303.com,0.6386859
http://www.marianna.com.pl/704kamgp/69de7e-citroen-relay-l1h1-for-sale,0.6382295
http://mietnormaden.site/Dahme-Spreewald/Unterspreewald,0.6365888
http://www.lojinx.com/pt/photos/72157632985033656/eric-burdon-and-the-greenhornes,0.63648903
http://unfall-tatortreiniger.de/Potsdam-Mittelmark/Wiesenburg/Mark,0.63587284
http://www.teleman.pl/osoby/Michal-Mikolajczak-151974,0.6357738
http://www.nordicchannels.com/iptv-shop/funkar-mag-256-med-iptv-shop,0.63539636
http://plakatfiber-plakatresin-plakatakrilik.blogspot.com,0.6351189
http://slot.viva99.com/online-casino-xb777,0.63466084
http://www.h-age.net/hinter-den-kulissen/world-heritage/660-ghana.html,0.6346035
http://www.hitgo.cz/saty/stylove-womans-dress-s230-damske-black-s-925723,0.63430125
http://xn--socialrdgiver-jobs-bub.dk/i/1-sundhedogforskning,0.6337195
http://mobilsuzukibdg.com/promo-suzuki-ignis,0.63277775
http://whiskeycreekpress.com/hot-games,0.63174784
http://www.catflapfitter.uk/heywood.html,0.6313609
http://gerobakpoker.vip/game_news.php?menu=game,0.63054454
http://jfermi.com/hu/2019/12/27/gg191216-2-candida-boidinii,0.6305256
http://www.worldfootballscouting.com/scheda-giocatore/simon-kukulsky-talento-slovacco-classe-2004,0.63044083
http://www.annelauret.com/arcade/capit-duit,0.6301303
http://www.wikidata.org/wiki/Q381259?uselang=nb,0.6297445
http://whiskeycreekpress.com/mobile/others/s128-cockfight,0.6294553
http://ralfzosel.de/lexikon/adsense,0.6292951
http://www.packtoo.tn/fr/32-bagagerie,0.629017
http://steuerberater-offerten.ch/steuererklaerung-ausfuellen-lassen-meinisberg-be,0.62887526
http://www.biopix.nl/mactra-stultorum_photo-8554.aspx,0.62782
http://www.dickyrenaldy.com/2016/10/yuk-berburu-spot-unik-di-jakarta.html,0.62623596
http://sv.distance.to/FLL/%C3%96rebro,0.62558055
http://www.rentautobus.com/nl/nederland/noord-holland/amsterdam/bus-tourisme-info/item4419,0.6255101
http://www.fliegerfaust.com/mesiats-v-nebe-2593259375.html,0.62530315
http://gafam.fr/2019/06/28/systemes-dexploitation-libres,0.6250213
http://www.burks.de/forum/phpBB2/viewtopic.php?highlight=&postdays=0&postorder=asc&start=0&t=6396,0.6245831
http://www.atiehilmi.com/2017/03/kepentingan-asid-folik-sebelum-dan.html,0.6244799
http://www.radioswissjazz.ch/it/banca-dati-musicale/musicista/65230a04c4d79f80c4dcb23a47ffe1a2eb17b/biography,0.62382114
http://postcodebijadres.nl/gemeente/s-gravenhage/wijk/wijk-23-willemspark,0.6227516
http://indextrader24.blogspot.com/2013/12/wo-liegt-der-wahre-wert-der-mona-lisa.html,0.62153304
http://footballpredictions.com/footballpredictions/nations-league-predictions/sweden-turkey,0.62134045
http://kremmania.hu/kremek/paul-penders-p-m-moisturizer-avocado-cranberry,0.6210985
http://tv.zam.it/16085-Heat,0.62040067
http://jazz.bielekat.info/browse.php?DYNSID=65749944777&action=groups&cols=3&lang=en&preselect=C&rows=19&start=0,0.62007535
http://sejasaku.net/tukang-pasang-rangka-atap-baja-ringan-molibagu-tlp-0852-9943-6981,0.6196288
http://auto-geil.de/2015/12/07/opel-astra-im-euro-ncap-test-fuenf-sterne?replytocom=271583,0.6186471
http://stec.se/bloggen-nyarshelgen-promotionfilm-stec-info-7-race-2021teamklader,0.6179936
http://fietevoss.de/friedrichs-enkelinnen,0.61778784
http://185.224.83.128/nonton-ant-man-and-the-wasp-2018-sub-indo,0.61725664
http://autosale.online.ua/newauto/marka-demetra/model-kpn,0.6166765
http://www.fedinuziali.eu/fedi-oro-monumentale-milano,0.61533713
http://www.biopix.nl/eledone-cirrhosa_photo-75871.aspx,0.61508965
http://www.feucht-und-froehlich.com,0.6145179
http://www.biopix.nl/dendrocopos-major-canariensis_photo-114302.aspx,0.61438304
http://historic-hospitals.com/gazetteer/edinburgh?_wpnonce=c3454f6a51&like_comment=9870,0.6143079
http://tolstrup-christensen.dk/webtrees/individual.php?ged=neesgaard&pid=I137,0.6140188
http://frenchspin.fr/2017/05/le-rdv-tech-212-all-microsoft-all-the-time?replytocom=19953,0.6139621
http://frenchspin.fr/2017/05/le-rdv-tech-212-all-microsoft-all-the-time?replytocom=19954,0.61396205
http://waw.travel/nl/pelgrimspaspoort,0.61352307
http://conceptnet5.media.mit.edu/c/fr/mancenillier,0.6135051
http://www.lokalesteder.dk/tag/beskaering-faeldning-dianalund,0.6125958
http://kinablog.dk/2009/03/31/politik-i-kina-slinger-i-overs%C3%A6ttelsen-af-slagord,0.6121089
http://support.goto.com/de/connect/billing-guide-ca,0.61094236
http://www.builderz.uk/wootton-bassett.html,0.61036855
http://www.handymanick.uk/knutsford.html,0.6098189
http://www.vwi.ac.at/index.php/en/veranstaltungen/day.listevents/2021/01/28/46,0.6096463
http://soccer365.me/clubs/123,0.6090336
http://www.uhren-wiki.de/Jaeger-LeCoultre_Master_Compressor_Extreme_W-Alarm.php,0.6082947
http://app.comicslate.org/pt/sci-fi/freefall/d0227,0.6075988
http://www.treinpunt.nl/forum/msts-materieel-en-objecten/ormststs201x-nieuwe-eanos-wagens-(waaronder-ns-versie)/msg292452,0.6073418
http://www.treinpunt.nl/forum/msts-materieel-en-objecten/ormststs201x-nieuwe-eanos-wagens-(waaronder-ns-versie)/msg292432,0.6073418
http://oldeland.net/wordpress3,0.6072657
http://www.miccostumes.com/Guy_634k.html,0.605121
http://cesium.com/downloads/cesiumjs/releases/1.12/Build/Documentation/CesiumMath.html,0.60503477
http://www.veribis.com.tr/veribis-b2b,0.60498303
http://www.cctvz.uk/lymm.html,0.6047473
http://www.wopular.com/newsracks/ida,0.60373783
http://news.knowledia.com/FR/fr/topics/100lN,0.603393
http://www.fliegerfaust.com/little-souvenir-2590220631.html,0.60307014
http://www.hedgewise.uk/tiptree.html,0.60220015
http://www.pondwise.uk/middleton.html,0.60191494
http://tv.zam.it/114199-Landfall,0.601724
http://www.fishbase.se/Summary/SpeciesSummary.php?id=15477&lang=chinese,0.60172224
http://ens.casali.me/category/m1103/m1103-tp/m1103-tp2-projet,0.6015628
http://www.pietcast.com/tag/ssynic,0.6010667
http://annabet.com/en/soccerstats/h2h.php?team1=11382&team2=10013,0.59976906
http://pascal-mielke.de/tag/router,0.5995902
http://faterpg.de/2018/06/fatecast-folge-46-wearing-the-cape,0.59924316
http://www.astropage.eu/2013/01/26/csiro-teleskop-misst-die-temperatur-des-universums,0.5981687
http://stengttunnel.no/smestadtunnelen,0.5979799
http://www.wingsch.net/tag/alaska,0.59765553
http://www.lecoindesloisirs.fr/bitcoin-revolution-avisarnaque-ou-legitime,0.5971415
http://www.cctvz.uk/great-yarmouth.html,0.597037
http://www.neti.ee/cgi-bin/teema/ARI/Pakendid,0.59640026
http://annabet.com/en/soccerstats/h2h.php?team1=9510&team2=9481,0.5957066
http://thesomnium.nl/rocketry,0.5951296
http://www.magicianz.co.uk/irvine.html,0.59387004
http://www.wander.am/travel/skaering-7941/places/aarhus-sejlklub-103675.en.html,0.5933758
http://www.cctvz.uk/selby.html,0.5925644
http://www.hef-rof.de/kreistag/partnerschaften/hyvinkaeae,0.5924928
http://impiousdigest.com/tag/syria,0.5920669
http://www.musicmeter.nl/album/16172/info,0.5918621
http://www.fliegerfaust.com/group-photo-with-the-malaysian-ambassador-to-thailand-dato-jojie-samuel-datuk-jimmy-choo-and-non-independent-non-executive-director-dato-abdul-aziz-bin-abu-bakar-2622043249.html,0.59176016
http://es.economicdata.ru/currency.php?cul_id=42&cul_ticker=TJS&currency_show=details&menu=europe-currency,0.59153557
http://pzgik.geoportal.gov.pl/prng/Miejscowosc/PL.PZGiK.204.PRNG.00000000-0000-0000-0000-000000124553-96615,0.59053314
http://www.germanfightnews.com/ufc-205-resultate-mcgregor-jedrzejczyk-und-romero-siegen,0.590131
http://sboku99.life/slots/PG%20Soft,0.59012324
http://www.howentech.com/company-news/ai-solution-applied-in-howens-first-cooperation-with-auto-maker,0.5891174
http://www.elavionista.com/norwegian-goes-hollywood,0.588562
http://www.latin-is-simple.com/de/vocabulary/phrase/1843,0.5863248
http://ballonvarenbovendekempen.be,0.58580613
http://www.openpetition.de/region/petition/Eggenfelden,0.5854101
http://partyajanlo.hu/index.php?cal=2021-03-22&city=Debrecen&side=1,0.58411574
http://www.waldata.fr/vocabulaire.asp?Id=124&name=Augmentation-de-capital,0.58366776
http://astronomy.activeboard.com/forum.spark?aBID=58381&p=90&tag=Transit,0.5831572
http://www.luisxl.com/2008/09/ainna-xl-descansa-en-paz.html,0.5826915
http://www.moviemeter.nl/director/2344,0.58087766
http://conceptnet5.media.mit.edu/c/en/short_tempered,0.5790173
http://unikesteder.no/2017/04/24/hvitveistur-til-jomfruland,0.57774353
http://bokbloggeir.com/2013/05/04/koser-meg-med-virus?replytocom=1397,0.57748616
http://www.audi-v8.de,0.5763935
http://tl.unionpedia.org/Application_software,0.5746783
http://travel.sygic.com/fr/list/nationalpark-skjoldungernes-land-que-faire-poi:21518963,0.57395667
http://forum.fok.nl/topic/2420695/1/25/esf-land-van-de-week-noord-macedonie.html,0.5724524
http://footballpredictions.com/footballpredictions/europaleaguepredictions/bate-borisov-paok,0.57106304
http://www.repointings.uk/melksham.html,0.56936526
http://smyck.net/2008/05/30/wettermanipulation-am-30052008-um-600,0.56905687
http://www.fliegerfaust.com/san-francisco-california-2570368435.html,0.5685053
http://abbreviations.woxikon.com/en/sks,0.5677255
http://wanderschuhe-test.de,0.56718934
http://www.webdesignerz.uk/wilmington.html,0.56608766
http://www.misjecollection.no/produkt/kort/julekort/avaldsnes-kirke-julekort,0.56580275
http://zims-fr.kiwix.campusafrica.gos.orange.com/wikipedia_fr_all_maxi/A/1._FFC_Francfort,0.55967224
http://www.loupiote.com/photos/prayer-flags-at-bodnath-stupa-boudhanath-kathmandu-nepal-14376432789.shtml,0.55601394
http://fair-fish.ch/en/blog/2012/01/07/fisch-imitiert-imitator,0.55541337
http://atoogo.com/1987_cleveland_browns_roster_1610487,0.5549576
http://www.tendoryu-aikido-harburg.de/bilder/schoenhagen-2006,0.5537745
http://blog.kulturprodakschn.de/2017/03/18/gschenkt,0.5536182
http://www.openpetition.de/region/petition/Pegnitz_(Stadt),0.55062896
http://fancy-diamonds.biz/Steine/raritaeten.html,0.54901725
http://natuurfotoalbum.eu/picture.php?/18705/category/6=,0.5481599
http://explorefreestate.co.za/plumber-willows,0.5481001
http://epo.wikitrans.net/Nikon_1_J2,0.54739165
http://www.greatcirclemapper.net/en/airport/INN-BGIN-innarsuit-heliport.html,0.54633844
http://de.blog.milkthesun.com/photovoltaikverguetung-optimieren,0.54438007
http://rhymebox.com/rhyme/en/double-metaphone/end/disprovable/page/1,0.5432158
http://epo.wikitrans.net/Paradise_Kiss,0.54174906
http://altathegenealogist.org.za/individual-surnames-family-lines/smorenburg/cornelis-1718-1789,0.53838843
http://www.wikidata.org/wiki/Q471307?uselang=nb,0.5364256
http://www.airpics.gr/photo/5715,0.53571784
http://fanfare.metafilter.com/tags/servo+space,0.53511333
http://www.sundsvallsbilder.com/2011/11/torget-i-sundsvall.html,0.53264683
http://epo.wikitrans.net/Russ_Landau,0.53071725
http://www.gematrix.org?word=close+all+gateways+and+doors+connected+to+my+honda+while+i+am+not+present,0.5305321
http://www.landingpage.com.es,0.528816
http://www.airlinereporter.com/tag/new-terminal,0.5287956
http://www.sundsvallsbilder.com/2013/03/senvinter.html,0.52502096
http://superfuture.com/2019/04/new-shops/sydney-wagaya-restaurant-opening,0.5183269
http://synonyms.woxikon.com/en/quicken,0.5149665
http://2011-2017.montoriol.com/library-memmingen-we-want-your-consent-to-load-this-map,0.5112877
http://nl.qaz.wiki/wiki/2003_Stanley_Cup_Finals,0.5094222
http://jualrunningtextsurabaya.com/tag/jual-running-text-lombok-utara,0.5001906
http://www.euro-coins.tv/finland/euro-coins-2011,0.49454919
http://www.tubeboard.uk/index.php?line=metropolitan&service=Southbound&station=NWH,0.49261475
http://www.metafilter.com/68575/Viddy-well-little-brother-Viddy-well,0.49112597
http://geoattractions.com/details/81366,0.4869704
http://www.hakanen.eu/petri-fan,0.48098752
http://www.primelands.lk/lands/gampaha/veyangoda,0.47483563
http://www.lojinx.com/sv/artists/tsar,0.4598018
http://www.wikiturkce.com/search.php?q=How+To+Earn+Money+Easy,0.43852168
