url,centroid_sim
http://www.rapo-school.org/organizacni/skolni-zralost,0.9003103
http://www.diecezja.swidnica.pl/component/content/article/132-aktualnosci/nauczanie-biskupa-%C5%9Bwidnickiego/1197-komunikat-dotycz%C4%85cy-uroczysto%C5%9Bci-pierwszej-komunii-%C5%9Bwi%C4%99tej-i-sakramentu-bierzmowania-w-diecezji-%C5%9Bwidnickiej-4-05-2020-r.html,0.8954802
http://www.diecezja.swidnica.pl/component/users,0.8954802
http://www.diecezja.swidnica.pl/diecezja/parafie.html,0.8903228
http://genealogia.okiem.pl/forum/viewtopic.php?p=35515,0.8884493
http://orleta.lukow.pl/News/Index/p/60,0.8881557
http://orleta.lukow.pl/News/Index/p/80,0.8881557
http://orleta.lukow.pl/News/Index/p/40,0.8881557
http://nekretnine21.hr/hr/listall/16,0.88557523
http://www.polgar.hu/index.php?aklazy=step&nonce=GsBtnrCGER5fbQ4gwkrOwoCELEXUfQnqFopspk7wbWqDi5Tgz7ILAzUbtOiVgamH,0.882959
http://www.velke-prilepy.cz/formular-pro-zverejneni-informaci-na-webu,0.8802503
http://olimpiade.lv/lv/latvijas-olimpiesi/aleksejs-auzins-94?ref=aleksejs-sirokovs-598,0.8794621
http://www.ukrajinci.cz/o-nas/skola-detem-literatura/aktuality+c19/pravni-aspekty-pobytu-cizincu-v-cr-prednaska-nejen-pro-cizince+a3152.htm?page=1,0.8785553
http://www.slunecno.cz/mista/kosetice-3367/zitra,0.8766676
http://pogderankiwachmistrzowe.blogspot.com/2012/07/stowarzyszenie-zapomnianych-wynalazcow.html,0.8764333
http://ortografia4.appspot.com/wiki/Zygmunt_Niszczycki,0.8747312
http://www.praha1.cz/urad,0.8741203
http://www.srbijaspace.rs/blog/Zasto-je-struganicki-kamen-tako-popularan-1077.html,0.8736247
http://www.postoveznamky.sk/vyznamne-osobnosti-svetovej-vedy-euklides-z-alexandrie,0.8732115
http://encyklopedia.biolog.pl/index.php?haslo=E-fakty,0.87227345
http://olimpiade.lv/lv/latvijas-olimpiesi/zinaida-liepina-zagere-68?ref=helena-ringa-379,0.87169755
http://jakoszczedzacpieniadze.pl/pierwsze-kroki-kontrakty-terminowe?replytocom=129220,0.8670826
http://starspolska.wordpress.com/tag/pieknaibestia,0.86563575
http://www.szilajcsiko.hu/szilajcsiko/search/.hash.whitegenocide,0.86509335
http://www.dlouhalhota.cz/urad/uzemni-plan,0.86415625
http://www.ukrajinci.cz/o-nas/skola-detem-literatura/aktuality+c19/prezentace-knih-o-j-palachovi-a-zivych-pochodnich-v-byvalem-sssr+a10981.htm?page=3,0.8635407
http://jadovno.com/zagreb-ponovo-trese-antisrpska-histerija,0.8634703
http://bartlomiejwroblewski.pl/tag/kleszczewo,0.86118746
http://www.zelenymuzicek.cz/clanek/jake-filmy-jsou-nejhorsi-jake-nejlepsi-prohlednete-si-zebricky,0.85902476
http://knihovna.plzen.eu/akce/cal_d20191017/filterdatefrom_28.10.2019/akce?CatID=507630&FilterDateFrom=17.10.2019&FilterDateTo=17.10.2019+23%3A59%3A59,0.8580569
http://badacsonytomaj.hu/en/bemutatkozas/helytoertenet,0.8574366
http://travnik.ba/rusmir-agacevic-rus-o-buci-skolskom-drugu-i-bratu-in-memoriam,0.85713184
http://www.slunecno.cz/mista/stratov-3065/zitra,0.8564502
http://os-druga-vz.skole.hr?mshow=290&news_hk=1&news_id=1014,0.85630953
http://leczeniezylakow.com/zylaki-odbytu-hemoroidy,0.85611403
http://gyulajzrt.hu/index.php/erdei_iskola_lengyelannafurdo,0.85544544
http://olimpiade.lv/lv/latvijas-olimpiesi/ingus-janevics-418?ref=modris-liepins-69,0.85524493
http://encyklopedia.biolog.pl/index.php?haslo=Muzyka_hindusta%C5%84ska,0.855075
http://badacsonytomaj.hu/en/rendezvenyek,0.85438836
http://autyzmwszkole.com/2016/02/22/dzienniki-szczepienia-nas-kiedys-wykoncza?_wpnonce=32e366c079&like_comment=1014&replytocom=403,0.85424495
http://autyzmwszkole.com/2016/02/22/dzienniki-szczepienia-nas-kiedys-wykoncza?_wpnonce=e430c511a3&like_comment=350&replytocom=403,0.8542448
http://encyklopedia.biolog.pl/index.php?haslo=Plik%3AOtoczenia.svg,0.85290694
http://www.pawelstec.eu/zdjecia-slubne-sprawdzcie-jak-sie-do-nich-przygotowac,0.85255516
http://teatrnowy.pl/zegnamy-marka-bykowskiego,0.85250866
http://raumanenergia.fi/ajankohtaista/keskeytys-sahkonjakelussa-rauman-pohjoisosissa,0.85235703
http://www.szilajcsiko.hu/szilajcsiko/tags/fidesz,0.85225415
http://zabytek.pl/pl/obiekty/g-298706,0.8519198
http://mo-zelenokumsk.ru/smotret-televidene-dikaya-ohota-hd.php,0.8510648
http://jadovno.com/vukcevic-imamo-dokaze,0.8494397
http://encyklopedia.biolog.pl/index.php?haslo=Ch%C3%B3d_sportowy,0.84791434
http://www.urocnice.eu/fotoalbum/kampfbahn-iii-chleb/bunkr-c_-13a/p5080015.jpg.html,0.847582
http://www.obrazkova-razitka.cz/658-razitkovaci-barvy,0.8472816
http://www.najdipsc.cz/posta/vyssi-brod,0.84633887
http://stare.vychodoceskearchivy.cz/jicin/e-badatelna-jicin/vojice,0.84339494
http://dennikn.sk/1894501/eticke-dilemy-v-casoch-korony-4-hladanie-vinnika,0.8426386
http://zmianynaziemi.pl/comment/288384,0.8418415
http://jow.pl/kukiz?replytocom=8773,0.841111
http://vapaasana.net/2007/11/28/raamatun-julmuuksia-ja-ristiriitoja?_wpnonce=1ccaa3d046&like_comment=62,0.84106004
http://nlc.hu/horoszkop/20190202/vilmos-herceg-katalin-hercegne-parkapcsolat-horoszkop,0.84053206
http://wikiszczecin.home.pl/index.php?diff=prev&oldid=152444&title=Zarz%C4%85d_Miasta_Szczecina_%281990_-_2002%29,0.8402651
http://gabrielalenartowicz.pl/wreczenie-czarnej-perly-2,0.8400938
http://krakow.altervista.org/bydgoszcz-wytypowala-tereny-na-utworzenie-farm-fotowoltaicznych,0.8400233
http://archiv.seredonline.sk/clanky/spevacka-patricia-vittekova-uz-ma-vianoce/index.html,0.8400042
http://jadovno.com/kako-su-komunisti-mijenjali-granicu-kosova-posle-1945,0.8399861
http://johannasuomela.com/2018/07/13/kuusamon-kauneimmat-vaellusmaisemat-karhunkierroksen-82-kilometria-neljassa-paivassa?_wpnonce=bc16375fb8&like_comment=3113,0.83973026
http://www.csol.cz/clanky-a-reporty/z-cinnosti-csol/archiv/2009/176-zvolen-osvobodil-general-snejdarek,0.8388922
http://www.gyvenunorvegijoje.no/category/patirtys/kulturiniai-skirtumai,0.83831334
http://www.forest-monitor.com/pl/dwutlenek-wegla-nawoz-dla-lasow-calego-swiata,0.83812946
http://www.toprecepty.cz/recept/41879-staroceska-pucalka,0.8379554
http://www.sijoitustieto.fi/comment/36807,0.83777237
http://toklasikon.gr/kourkoumas,0.8371846
http://www.liberec-reichenberg.net/stavby/karta/nazev/5-liebiegova-vila,0.8370663
http://regi.cegledinfo.hu?id=5853&p_t=43&t=24,0.83631176
http://www.najdipsc.cz/posta/kamenna-lhota,0.83605015
http://rsmreza.rs/firme-srbija/Obrazovanje...2.htm,0.8360175
http://alkas.lt/2013/08/30/lietuvos-zemes-gynejai-pradeda-parasu-rinkima?replytocom=124567,0.83549273
http://www.kastelyok-utazas.hu/Lap.php?Par=NEW&cId=1668&ls=H,0.83525014
http://zsmikulcice.cz/zakladni-skola/zajimave-odkazy,0.8345146
http://bilderse.4ever.eu/copyright?picture_id=240034,0.8344652
http://www.in-pocasi.cz/predpoved-pocasi/cz/liberecky/hradek-nad-nisou-118/ovzdusi,0.8333496
http://zemezamyslena.cz/chapters/22?mark_object=9397,0.832591
http://www.tohmajarviseura.fi/luonto/lintutornit,0.8319006
http://www.hezkakuchyn.cz/mapa-stranek,0.83134717
http://jadovno.com/kojic-izjava-zasticenog-svjedoka-o-markalama-je-kljucna,0.83124256
http://wikiszczecin.home.pl/index.php?diff=180031&oldid=73495&title=8_lipca,0.8303195
http://ilmainensanakirja.fi/suomi-ruotsi/kotitalous,0.8298335
http://www.sp7.osw.pl/Galeria/tabid/78/AlbumID/401-1602/.sp7.osw.pl/Dokumenty/Certyfikaty/Szko%C5%82aucz%C4%85casi%C4%99/tabid/89/.sp7.osw.pl/Dokumenty/Certyfikaty/Szko%C5%82aotwartanaUni%C4%99Europejsk%C4%85/tabid/90/Default.aspx,0.82970446
http://banjalukain.com/clanak/212107/ovog-vikenda-pocinje-skijaski-kup-srebrna-lisica-na-bjelasnici,0.82961464
"http://www.terazteatr.pl/artysci/jacek-paruszynski,galeria-wideo,2107",0.82949287
http://airminumisiulang.net/sukamara-kalimantan-tengah,0.8288789
http://ekskursje.pl/2012/06/pozegnanie-z-cieszynem,0.82852924
http://karlskronabloggen.se/2021/02/15/ingen-parkering-pa-lang-tid,0.82787853
http://nb1legiosok.blog.hu/2018/11/17/atihazolasi_hirek_pletykak_a_fradinal_probaz_pogba_batyja?token=d4e4b24111e1dfd44a497f5a5a4c20c0,0.8270881
"http://mapa.targeo.pl/grudziadz,669132/powiat",0.8270738
http://book.hr/molitva-potpunoga-predanja-bogu-sto-si-stalno-mnom-zelim-biti-s-tobom,0.82705504
http://serwetki-cudaniewidy.pl/produkt/36931,0.826879
http://encyklopedia.biolog.pl/index.php?haslo=Dyskusja_wikipedysty%3APrzykuta,0.8267067
http://bartlomiejwroblewski.pl/o-spolkach-wojewodztwa-wielkopolskiego,0.8266598
http://www.isjgorj.ro/2020/10/28/invitatie-la-ceainaria-totusi-dialoguri-in-spirala-pornind-de-la-carti-si-scriitori,0.8263135
http://www.in-pocasi.cz/predpoved-pocasi/cz/vysocina/predin-6170/ovzdusi,0.82619363
http://poly.cz/vodici-cep-pro-zahlubniky-221606-102x5-221608,0.8259017
http://www.9em.sk/zaujimavosti-katastrofa-amfiteatru-vo-fidenae-27nl/koloseum_top,0.8258902
http://elitemusic.pl/ngg_tag/malowanie-obrazu,0.8245147
http://www.koszegilajos.extra.hu/kl02daimond.html,0.82379
http://krzysztofruchniewicz.eu/category/krzyzowa,0.8237837
http://osobnosti.najdise.cz/zivotopis/alena-kreuzmannova,0.8236451
http://eshop.silma.cz/informace/35-lektori,0.8232391
http://www.nakole.cz/diskuse/25294-letni-cas.html,0.8226073
http://www.fpmoz.sum.ba/index.php?Itemid=123&catid=35&id=1167%3Apredavanja-prof-simun-bogdan&lang=hr&option=com_content&view=article,0.8216807
http://kolo-pszczelarzy.pl/nasiona-miododajnych/pszczelnik-moldawski-dracocephalum-moldavicum-l,0.8213241
http://book.hr/povodom-majcina-dana-ove-godine-doniraj-za-kampanju-majci-za-ljubav,0.8208271
http://nlc.hu/sztarok/20160303/psota-iren-temetes-farkasret,0.82078576
http://ipfs.io/ipfs/QmR1gzPYUwxEUWHbeRggZzfYy5Fxsd8Qc7hXUUnJQwxrZq/wiki/E%C5%9Fk%C4%B1ya_D%C3%BCnyaya_H%C3%BCk%C3%BCmdar_Olmaz_(dizi).html,0.8207166
http://www.porvoo.fi/omenamaen-palvelukeskus-1,0.8201858
http://raumanenergia.fi/ajankohtaista/kaapelivika-aiheutti-raumalla-kaksi-sahkokatkoa-koko-keskustan-alueelle,0.81978947
http://www.hazipatika.com/taplalkozas/egeszseg_es_gasztronomia/cikkek/be_akartak_tiltani_a_tesztat_olaszorszagban/20160826141026,0.8192085
http://mo-zelenokumsk.ru/ip-tv-dialogi-o-ribalke.php,0.81910485
http://einnsyn.frosta.kommune.no/eInnsyn-FRO/Dmb/DmbMeetingDetail?meetingId=561&sourceDatabase=EPHORTEFRO,0.8188802
http://ilmainensanakirja.fi/suomi-englanti/syli,0.8185859
http://termene.ro/firma/35937187-BAMES-TECHNIC-SRL,0.817701
http://wksl.waw.pl/index.php?start=6,0.81743705
http://www.casnik.si/stevardesa-vesna-vulovic-padec-z-visine-10-tisoc-metrov,0.81735456
http://hirek.oldal.info/h%C3%ADrarch%C3%ADvum/k%C3%BClf%C3%B6ld/y-2010/m3/d19,0.81634694
http://www.idezzetek.hu/author/151-Depresszio/info,0.81628394
http://www.in-pocasi.cz/predpoved-pocasi/cz/vysocina/kyjov-2028?typ=srazky,0.81612384
http://istorijatau.lt/rubrikos/zodynas/grakchas-gajus-sempronijus,0.81593263
http://storaordlistan.se/synonymer/Tungt,0.8157197
http://pogderankiwachmistrzowe.blogspot.com/2018/06,0.81567097
http://www.azenkutyam.hu/elet/911-hos-kutyai,0.81481254
"http://ebooki.swiatczytnikow.pl/ebook/9788308066331,brooke-mcalary--prostota-sila-codziennych-rytualow.html",0.81481147
http://encyklopedia.biolog.pl/index.php?haslo=Swades,0.8143594
http://ilmainensanakirja.fi/suomi-englanti/perustus,0.81339777
http://typoteka.pl/pl/typeface/nocturne-serif,0.8132342
http://efesasanisimasa.com/2018/02/26/orok-tel-2018,0.81274533
http://www.alemuzyka.pl/newsy/threshold-legenda-brytyjskiej-sceny-progresywnej-juz-jutro-w-warszawie,0.8126068
http://www.riznicasrpska.net/likovnaumetnost/index.php?topic=134.msg811,0.81257546
http://www.pecsiriport.hu/kultura/zene/pfz-turne/6473-pecs-osszehoz-elszakitott-szeretteinkkel.html,0.8124625
http://xn--familjerttgteborg-xqb95a.nu/v%C3%A5rdnadstvist,0.8123095
http://tomaszowskibo.pl/szczegoly-projekty-2018/poprawa-warunkow-bytowych-zwierzat-w-schronisku-dla-bezdomnych-zwierzat-w-tomaszowie-mazowieckim.html,0.8121225
http://www-old.astro.cz/clanek/5016,0.8118528
"http://fotoforum.gazeta.pl/72,2,746,56777965,59028092,0,2.html?v=2",0.8116916
http://www.in-pocasi.cz/predpoved-pocasi/cz/karlovarsky/kralovske-porici-5453?den=4,0.8110224
http://www.odpovede.sk/otazky/ako-zistim-ze-dana-stavba-spada-do-barokoveho-stylu,0.8109553
http://ruze.wi.cz/cs/lichtkonigin-lucia.html,0.8106202
http://povcast.hr/varazdinski-zaceci-medicinske-skrbi-i-borba-protiv-epidemija,0.8099664
http://tuchoraz.cz/edeska,0.8098144
http://www.vari.cz/kontakty/prodejci/autocentrum-honda-lipex-plus-s-r-o/sel:21659,0.8094355
http://www.porvoo.fi/tarinoita-kansallisesta-kaupunkipuistosta,0.80938935
http://www.autodilyadoplnky.cz/bez-podelniku__2013062128,0.80918795
http://www.anastasia.cz/forum/tema/seznam-rodovych-vesnic-a-zajemcu-o-bydleni-v-nich?_wpnonce=90afa29f95&ajaxCalendar=1&bbp_reply_to=5811&long_events=1&mo=5&yr=2019,0.8080514
http://ilmainensanakirja.fi/suomi-saksa/vetokoukku,0.8071381
http://www.9em.sk/povesti-o-hrade-devin/devin,0.8069656
http://raks.mlp.cz/detail/1318?search=549cfc1f-33e3-4bfc-bccd-cefcc9a342ac&si=2,0.80696017
http://www.gyoriszalon.hu/news/15006/102/85-%C3%A9ve-sz%C3%BCletett-Sztankay-Istv%C3%A1n,0.8067827
http://biom.cz/cz/zpravy-z-tisku/europoslanci-chteji-urychlit-snizovani-emisi-sklenikovych-plynu,0.8060517
http://www.koordinater.se/kategorier/svenska-badplatser/badplats.aspx?poiid=31064,0.8052331
http://hedniskatankar.com/tag/missbruk-av-asatron,0.8048734
http://www.syrostoday.gr/Terms.aspx,0.8045702
http://jadovno.com/nikolic-i-vucic-da-ne-ucestvuju-u-demonizaciji-srpskog-narod,0.8045074
http://www.geocaching.hu/poi.geo?id=43026,0.8041035
http://www.arsa.net/balikesir/balikesir-balya-arsa-fiyatlari,0.8040659
http://www.in-pocasi.cz/predpoved-pocasi/cz/stredocesky/krivsoudov-786?den=7,0.80315465
http://pspboby.pultusk.pl/index.php?Itemid=6&catid=29%3Auroczystoci1011&id=83%3Amikoajki-2010&option=com_content&view=article,0.8027561
http://einnsyn.lier.kommune.no/eInnsyn/Dmb/DmbMeetingDetail?meetingId=1603&sourceDatabase=EPHORTE,0.8024832
http://zychlin-historia.com.pl?tag=wartheland,0.80230415
http://www.cougar.cz/pletove-serum-s-extraktem-z-quinoy-a-kapusty,0.80181587
http://eibz.educacion.navarra.es/blogak/liburutegia/etiketa/katilua,0.8015512
http://osobnosti.najdise.cz/zivotopis/josef-kubicek,0.80138683
http://modrejsmoula.vesele.info/rubriky/zabava/vtipne-videa,0.8013166
http://karlskronabloggen.se/2020/07/07/roligt-med-konstiga-namn,0.8012224
http://www.teologiepentruazi.ro/2007/12/17/ce-nu-au-vrut-sa-inteleaga-doctorii-eterodocsi-care-si-au-facut-teza-pe-subiectul-dumitru-staniloae,0.8009878
http://www.parlamentnilisty.cz/arena/nazory-a-petice/Pane-profesore-Drahosi-nedostal-jsem-od-Vas-odpoved-Byvaly-nadrizeny-kandidata-promluvil-521637,0.8003373
http://ujszeged.hu?page=varosvedok,0.80031615
http://ujszeged.hu?page=szendioxid_bojt_nagybojtre,0.80031615
http://encyklopedia.biolog.pl/index.php?haslo=Mygale,0.80006826
http://www.in-pocasi.cz/predpoved-pocasi/cz/stredocesky/obecnice-5089?den=4,0.7998152
http://www.cybermedia.cz/tally-genicom-originalni-paska-do-tiskarny-86039-cerna-40mil-tally-genicom-t-6312-6306_pid52291.html,0.79973894
http://www.bvasro.cz/podlahy,0.7994679
http://vaimastvererk.blogspot.com/2017/10,0.79926133
http://ortopedianew.appspot.com/wiki/Ulica_Jagiello%C5%84ska_w_Sanoku,0.798874
http://hedniskatankar.com/tag/pepparkakor-aret-om,0.79840213
http://autosale.online.ua/newauto/marka-citroen/region-kropivnickij-kirovograd,0.7983612
http://totszentgyorgy.gportal.hu/gindex.php?pg=31986298,0.79791725
http://www.parilaauto.ee/artiklid/meie-veebileht-sai-uue-kujunduse,0.7978045
http://www.porvoo.fi/johanna-iivanainen-johanna-kurkela-altamullan-road/peruttu,0.7977501
http://hameemmias.vuodatus.net/lue/2014/08/materialistisen-dialektiikan-totuuskasityksesta-sovellettuna-teknisiin-tieteisiin,0.7976156
http://www.hdlu.hr/2018/03/reotvorenje-galerije-karas-na-novoj-lokaciji,0.79719985
http://dig.com.pl/index.php?id=956&s=karta,0.79709303
http://www.in-pocasi.cz/predpoved-pocasi/cz/jihomoravsky/boritov-941?typ=srazky,0.7970723
http://www.oguzkaankoleji.com/ev-okullar-tatile-giriyor,0.7970681
http://www.konyadaspor.net/ittifak-holding-konyaspor-kulubune-koronavirus-engeli,0.796924
http://encyklopedia.biolog.pl/index.php?haslo=Sassari_Torres,0.79673624
http://www.baza.astrolog.org.pl/index.php?diff=9361&oldid=9359&title=Szymkiewicz_Jacek,0.79639167
http://www.hotelova-skola-plzen.cz/prinos-studentskych-firem,0.7962396
http://enigmatikatio.blogspot.com/2016/08,0.7956106
http://ortopedianew.appspot.com/wiki/Sukiennice_we_Wroc%C5%82awiu,0.79467255
http://www.in-pocasi.cz/predpoved-pocasi/cz/kralovehradecky/kohoutov-6007,0.79465413
http://iispp.npu.cz/carmen/detail/1136530,0.79361635
http://ortopedianew.appspot.com/wiki/%C5%BBabia_Prze%C5%82%C4%99cz_Mi%C4%99guszowiecka,0.79339784
http://m.hikipedia.info/wiki/Jyv%C3%A4skyl%C3%A4,0.79323065
http://raks.mlp.cz/detail/410633?search=1f02ebb4-6041-43c6-b82e-dd16539ae9e6&si=2&ticketId=-10,0.7930882
http://ortografia4.appspot.com/wiki/Gromada_Bron%C3%B3w_(powiat_opoczy%C5%84ski),0.79269445
http://proyectodomeyko.pl/tag/polska/page/2,0.7925501
http://eshop.schock.cz/kuchynska-baterie-schock-sc-530-onyx-556000,0.79228
http://slovakianguide.com/sk/hajska-jaskyna,0.7914685
http://encyklopedia.biolog.pl/index.php?haslo=Bitwa_pod_Megalopolis,0.79138696
http://www.teologiepentruazi.ro/2010/03/19/subterane-de-scriitor-%C8%99i-nu-numai,0.7912589
http://www.trophyplates.dk/opsatsplader?add-to-cart=4066,0.7904105
http://www.szegedem.hu/nevviseletek-punkosd-pinkust-pinkusd,0.79033446
http://hedniskatankar.com/tag/julen,0.78989875
http://raks.mlp.cz/detail/91728?search=3da67001-9f65-414b-8e2d-615cafdec926&si=12,0.78974164
http://www.studialicencjackie.info/serwis.php?dwze=d&id=454&kier=98568%2C10&m=118&pa=100&pok=34918&s=1452,0.78883845
http://skinnelangs.no/index.php?id=200,0.78817797
http://kamelopedia.net/wiki/Katzenfisch,0.7878734
http://ortografia4.appspot.com/wiki/Sala_Polivalent%C4%83,0.78694093
http://hejsonja.se/2017/06/02/sorg-efter-abort-ar-inte-hormonrubbning?replytocom=445,0.7868576
http://ortografia4.appspot.com/wiki/Gromada_Bieliny_(powiat_przysuski),0.7863506
http://kalendar365.cz/ostatni/vyroci-svatby-jejich-nazvy-kvetiny-kameny,0.78630763
http://24.hu/tudomany/2012/08/03/galaxisunk-legoregebb-csillagai,0.7854582
http://www.fantastyka.pl/hydepark/pokaz/22972,0.78518754
http://biblioteka.vu.lt/e.istekliai?browse=sub27&filter=res9_lanes,0.7846339
http://www.lodo.pl/gastronomia/szafa_chlodnicza_liebherr_gkpv1490_premiumline_1_917kwh_24h-1229.php,0.7845154
http://hedniskatankar.com/tag/froja,0.78396696
http://www.urocnice.eu/archiv/m/2020/10/01,0.7837154
http://osobnosti-moravy.eu/osobnosti?id=eIUY8aFO4Qaqw7hADs81B%2BUlFeuwgvX8wE54uhJ0hu8%3D,0.78338885
http://ttt.skoletjenesten.no/i-anledning-8-mars,0.7828753
http://micco.se/2009/06/kapitalism-kreativism-eller-fanatism,0.7827617
http://starspolska.wordpress.com/tag/nagrody,0.78257775
http://biom.cz/cz/zpravy-z-tisku/biopaliva-nesposobuju-zdrazovanie-potravin,0.78214204
http://pilnikov.cz/2014/05/2-rocnik-pilnikovsky-pisnickar,0.7811687
http://karlskronabloggen.se/tag/bilkorning,0.780797
http://wssp.edu.pl/wssp/akademickie-centrum-animaloterapii,0.77996755
http://www.senior-park.cz/aktuality/louceni-s-letem-1573,0.77961344
http://mustrabecka.com/page/5,0.77944016
http://elpistolero.pl/5-pm-63-rak-kal-9x18-makarov,0.7793473
http://www.in-pocasi.cz/predpoved-pocasi/cz/jihomoravsky/archlebov-2102?den=6,0.77870905
http://www.keukenloods.nl/1120014122.html,0.77857924
http://phothongcaodang.fpt.edu.vn/category/hoat-dong-sinh-vien-da-nang,0.77823937
http://www.ejl.ee/greb-hallop-voitis-martinique-saarel-toimunud-voidusoidu,0.77806365
http://www.encyklopedia.sk/knihy?autor=S.+T.+Joshi&oddelenie=,0.7779732
http://www.najdipsc.cz/posta/brno-22,0.77743745
http://karlskronabloggen.se/tag/shantou,0.7773905
http://www.ejl.ee/voistlus/transtar-temposari-iv-etapp-2,0.7773309
http://www.koordinater.se/intressepunkter-i-kommun/intressepunktskategorier-i-kommun.aspx?c=54&cm=1765,0.7772907
http://www.vivarium.cz/savci/krecik-roborowskeho-phodopus-roborowskii.html,0.77697057
http://blog.t-systems.hu/2010/02/16/BGY-Felhojatek,0.77643585
http://fiske.zaramis.se/2014/05/09/olympiskt-uerfiske-i-irmingerhavet,0.77623296
http://katalog.tsk.sk/library/vkmr/detail/832722?search=a674cc12-48fa-42f7-a92a-040adaa9c257&si=11,0.7744472
http://www.resaoroa.se/ort/hallabrottet,0.77399886
http://rsp.mediar-press.net/rsp/article/view/1830,0.77394783
http://www.klasspor.com/tr/yazilar/1373-Mehmet_Ali_Cetinkaya-Genclerbirligi_Yukselis_duraklama_ve_cokus.html,0.7737315
http://kosmonautix.cz/2018/10/spacex-planuje-letos-jeste-pet-startu,0.77338755
http://uczelnie.studentnews.pl/serwis.php?id=423&pa=100&pok=2937&s=101,0.7732652
http://www.teologiepentruazi.ro/2008/05/14/enneadele-lui-plotin,0.77321804
http://zs13.plzen.eu/fotogalerie/galid_50709/projekt-2-a.aspx,0.7730691
http://www.septaci.cz/tvar,0.77302563
http://wikiszczecin.home.pl/index.php?direction=next&oldid=169453&title=1992,0.77260786
http://blogg.omakastengods.se/2009/07/23/pa-vag-fran-vast-till-ost,0.7725725
http://www.sejm-wielki.pl/s?koloruj=nie&m=NG&n=srodka.422&t=PN,0.772347
http://www.kekisuli.hu/cgi-bin/index.php?Itemid=60&id=15951&option=com_joomgallery&view=detail,0.7720103
http://gyereszegedre.hu/img_6762,0.77120996
http://clean.vof.se/arets-folkbildare-forvillare-2010?replytocom=1449,0.7710935
http://lietuvai.lt/wiki/Kristijonas_Donelaitis,0.77094054
http://www.vlakyzezulka.cz/698-koleje-tt,0.7707461
http://haljala.edu.ee/kooli-kalender/yritusipaevajargi/2021/8/31/-,0.7700243
http://eshop.schock.cz/akce-schock-genius-c-150-croma,0.7699048
http://polskirock.eu/muzyk/stanislaw-soyka,0.7698714
http://www.katalogmonet.pl/Katalog/Rzeczypospolita/Okres-dukatowo-talarowy-i-z%C5%82otowy/Jan-III-Sobieski-1674-1696/Gda%C5%84sk/12549-trzydukat-Au,0.76985514
http://www.kabeliit.ee/index.php?diff=6852&oldid=6821&title=Eesti_meistriv%C3%B5istlused_minikadettidele_64_%282008%29,0.7696334
"http://ebooki.swiatczytnikow.pl/ebook/9788328491960,jan-bartkowski--wspomnienia-z-powstania-1831.html",0.7696276
http://pl-wikipedia.org/wiki/1891,0.76921976
http://www.abclinuxu.cz/blog/Linuxovnik/2011/3/archiv-ceske-domeny-cz.nic-dava-cervenou,0.76894134
http://groenhorizon.com/tag/hynek-pallas,0.76884705
http://doraland.ro/balcoane-durabile-fier-forjat-carniceni,0.7669823
http://sejmwielki.pl/b/sejmprl.3093,0.7667788
http://katalog.vsup.cz/detail/63975?amp=&lang=CS&search=0463263f-34d3-47b3-a27c-b45ee247bf5d&si=9&ticketId=-3,0.76677215
http://www.latarniamszana.pl/2013/01/drogi-seniorze-przyjdz-wacz-sie.html,0.7655103
http://miestonaujienos.lt/zyma/prasymas,0.76540375
http://oudzuylenutrecht.nl/category/1960-2016,0.7653824
http://www.nyakultursoren.se?cat=153,0.7646239
http://raks.mlp.cz/library/modrany/detail/410502?lang=SK&ticketId=-3,0.7646201
http://www.hitta.se/s%C3%B6dermanlands+l%C3%A4n/oxel%C3%B6sund/f%C3%B6reningsgatan+17/omr%C3%A5de/58.67193:17.107988,0.7642622
http://encyklopedia.biolog.pl/index.php?haslo=Pellikula,0.7642104
http://ilmainensanakirja.fi/suomi-englanti/majoittua,0.7639333
http://umyslovice.cz/content/zapis-z-jednani-zo-umyslovice-ze-dne-1482014,0.76380765
http://www.bataknese.my.id/2018/11/zat-berbahaya-yang-terkandung-dalam.html,0.7637598
http://tntradio.ba/showbiz/hladno-pivo-novim-singlom-najavljuje-album-karijere,0.76291895
http://casavita.hr/hr/realestate/532/kuca-120-m2-prodaja-novigrad,0.7627723
http://apahabar.com/2021/02/dapat-info-jalan-rusak-dinas-pupr-tabalong,0.7621611
http://www.neptunica.cz/mircea-eliade.html,0.7621549
http://trebicobcanum.net/12-5-1468-den-vypaleni-mesta-trebice,0.7617404
http://www.nettiauto.com/alfa-romeo,0.7617015
http://dzismis.com/2021/01/21/odosobnieni-amerykanscy-zydzi,0.76120424
http://n.sejm-wielki.pl/b/4.451.51,0.76088035
http://dictionnaire.sensagent.leparisien.fr/%C5%A0tolba/cs-cs,0.760762
http://encyklopedia.biolog.pl/index.php?haslo=Joseph_Boyle,0.76056373
http://www.magnificat.ro/portal/index.php/hu/csaba-testvmainmenu-42/levelei-mainmenu-246/20568-isten-adta-isten-veszi-el,0.76051724
http://jelesmagyarok.hu/fiumeirek/kozmas.html,0.75983095
http://rerererarara.net/irfan-can-kahveci--91469?tarih=2021-01-20,0.75943965
http://eselorer.blogspot.com/2011/06,0.7589258
http://blog.idarek.cz/2013/09/originalni-vune-od-katy-perry.html,0.75885713
http://www.teologiepentruazi.ro/2011/04/28/prima-conferinta-a-parintelui-petru-moga,0.7582694
http://www.korina.info/arten/schwarzfruechtiger-zweizahn,0.75816596
http://geocaching.hu/caches.geo?id=4412,0.7578058
http://thongtingiaitri.vn/ttgt/news_detail.aspx?nhung-quan-cafe-ca-nhac-o-ha-noi-nghe-acoustic-tren-ca-tuyet-voi-25.html=,0.75780225
http://karmelbsi.hr/blog/2017/10/06/danas-zapocinje-xiv-karmel-i-ja-da,0.7572175
http://banjalukain.com/tag/20113/emela-burdzovic,0.757179
http://www.hitta.se/%C3%B6rebro+l%C3%A4n/h%C3%A4llefors/fiskarsv%C3%A4gen+12a/omr%C3%A5de/59.773003:14.529434,0.75640416
http://niezaleznaopinia.pl/sklepy-internetowe/mm-sport-opinia-recenzja,0.756086
http://www.palelive.com/pioniri-jahorine-cetvrti-u-republici-srpskoj,0.7559784
http://rerererarara.net/fenerbahce--358?tarih=2021-01-15,0.7559058
http://www.tp3.ruhr-uni-bochum.de?RUb=l011585&tp3-session=6ec3e5c68e67a2f787a81f0b8955dd87,0.75575316
http://www.tp3.ruhr-uni-bochum.de?RUb=l011585&tp3-session=6606996d258c2600489cd69d766fbcd6,0.75575316
http://raks.mlp.cz/detail/240486?lang=EN&search=5196a3fd-0d6d-460e-8d85-f8d1b1110bc0&si=1,0.755546
http://www.abclinuxu.cz/stitky/firmware,0.75543374
"http://ebooki.swiatczytnikow.pl/ebook/9788381396370,joseph-murphy--moc-przyciagania-pieniadza.html",0.7545787
http://wave.rozhlas.cz/morska-trava-pomaha-cistit-more-od-plastu-8405285,0.75441074
http://litteraturnettnordnorge.no/writer/katrine-maria-eponine-strom,0.75414735
http://thegioibangron.net/in-pp-gia-re-tai-tphcm-cttt80.html,0.7541152
http://sejm-wielki.pl/b/1.1122.99,0.75389373
http://afuk.frl/oer-it-frysk/streektalen-yn-fryslan,0.7535248
http://kongsvinger.nkdb.no/objekt/10038/Dyrekj%C3%A6r+allergiker,0.75349
http://www.cepes.cz/vzdelavani-a-sluzby/prednasky-a-seminare/esoterika2013-3,0.752506
http://specjalistyka.medpharma.pl/zabieg/dietetyk-medyczny,0.7523311
http://sinden.tv/page/3,0.7519528
http://belok.kaszubia.com,0.75102794
http://dig.com.pl/index.php?id=629&s=karta,0.7508005
http://www.iploty.cz/pilove-kotouce-pro-multi-cutter,0.75024015
http://reta-vortaro.de/revo/art/aha.html,0.74983144
http://niebezpiecznik.pl/post/kontrowersyjny-eksperyment-facebooka-powiazany-z-amerykanskim-wojskiem?replytocom=361646,0.7497686
http://miestonaujienos.lt/covid-19-persirgusio-donoro-inksta-gavusi-agne-nebijojau-nes-pasitikiu-gydytojais,0.7483598
http://www.sejm-wielki.pl/s?koloruj=nie&m=NG&n=parl.135&t=PN,0.74826264
http://symary.com/2011/02/21/historien-upprepar-sig?replytocom=713,0.748166
http://parnassen.wordpress.com/2013/01/31/manbluffen-pinsam-historia-med-manlandarforsoket-neil-armstrong-skot-ut-sig-i-sista-stund,0.7476208
http://www.pireasnews.gr/peiraias-pethane-o-gnostos-peiraiotis-dimosiografos-stylianos-manousakis,0.7468548
http://wiki.wikirank.net/pl/Micha%C5%82_Szewczyk_(aktor),0.74671775
http://nixgut.wordpress.com/tag/farid-ikken,0.746446
http://www.jsempodnikatel.cz/kdo-na-zmenach-zdaneni-osvc-a-zamestnancu-vydela-a-kdo-naopak-bude-tratit,0.7463029
http://naseflora.cz/category/atlas-rostlin/cesky/r,0.74600095
http://raks.mlp.cz/detail/426007?lang=EN&search=4c8870de-3cfb-4250-8c3c-547caa712913&si=17&ticketId=-4,0.74557567
http://es.globalvoices.org/2014/01/25/mapeando-el-bien-comun-urbano-de-rio-de-janeiro-estambul-y-atenas,0.74502695
http://skribh.wordpress.com/tag/cejrowski,0.7450235
http://hirek.oldal.info/h%C3%ADrarch%C3%ADvum/auto-motor/y-2020/m3/d30,0.7448558
http://raks.mlp.cz/authority/311584?lang=CS&search=b94bea0f-78e1-4889-b422-45fd48023304,0.744823
http://vaimastvererk.blogspot.com/2013/10,0.74472433
http://tritius2.kkvysociny.cz/library/horackagalerie/authority/109114?lang=PL&search=da5a4e51-6efd-4092-b806-d1a9ee5ac11c,0.74441254
http://vhna.edu.vn/vi-2/sinh-vien-215/ky-xuong-am-%E2%80%93-nhung-khai-niem-co-ban-1635.aspx,0.74055815
http://zmianynaziemi.pl/wiadomosc/amerykanska-rewolucja-2021-i-ukryta-reka-izraela,0.74039507
http://library.upol.cz/arl-upol/cs/bookmark?idx=upol_us_cat%2Am0024809,0.7402591
http://bio.or.id/biografi-didik-j-rachbini,0.74022955
http://www.akciecz.cz/news/firma-apple-a-jeji-kouzla-s-marzi,0.74013376
http://riznicasrpska.net/knjizevnost/index.php?topic=384.msg2365,0.7400131
http://www.hitta.se/v%C3%A4stra+g%C3%B6talands+l%C3%A4n/g%C3%B6teborg/vegagatan+14/omr%C3%A5de/57.695538:11.948572,0.7390509
http://antykimarki.pl/portfolio/szafa-ludowa,0.7381034
http://www.sustinapasijansa.info/2017/11/sta-li-je-ljubav,0.73617405
http://encyklopedia.biolog.pl/index.php?haslo=Malin_%28obw%C3%B3d_r%C3%B3wie%C5%84ski%29,0.73597753
http://tritius.kaznejov.cz/detail/4364?lang=CS&ticketId=-24,0.7359091
http://auto.lvivport.com/newauto/marka-suzuki/model-ignis/auto-credit,0.7357444
http://miestonaujienos.lt/vilniaus-parku-takai-ziema-priziurimi-kitaip-nei-miesto-saligatviai,0.73497826
http://halsingeakademi.se/2018/07/akademien-har-fyllt-30-och-delat-ut-arets-kulturbeloningar,0.73457193
http://raks.mlp.cz/detail/338595?search=d0620480-3045-42b0-8738-7308efc88632&si=2&ticketId=-10,0.7343116
http://halogalandteater.no/index.php/produksjon/2015/2xibsen,0.7341752
http://autosale.bigmir.net/uk/newauto/marka-dieci/model-icarus/fuel-diztoplivo,0.73262644
http://nautica450.eu/page/2,0.73240095
http://cojestgrane.pl/polska/wielkopolskie/poznan/wydarzenie/42cz/slownik-ptaszkow-polskich/bylo,0.7312649
http://www.y2s.se/2016/04/20/dag-15-inget-mote-med-karlshamn,0.730709
http://timoninreissut.blogspot.com/2018/05,0.7306824
http://www.zgportal.com/zghumanitarci/cibona-i-krka-igraju-za-zrtve-potresa-pomozite-kupnjom-virtualne-ulaznice,0.7300152
http://www.kfilmu.net/osobnost/vladimir-michalek,0.7289636
http://tothlaszlo.org/category/kepek,0.7288482
http://budapestiuszoszovetseg.hu/galeria-2016/nggallery/2016/Ut%C3%A1np%C3%B3tl%C3%A1s-verseny-IV.-2016/page/14,0.72836816
http://laufen.tinozi.de/april-2014-183km-16h-17te,0.72827435
http://reta-vortaro.de/revo/art/maksim.html,0.72821873
http://komigenuva.wordpress.com/tag/po-enquist,0.7281873
http://cojestgrane.pl/polska/dolnoslaskie/wroclaw/wydarzenie/1bsv/dzieciom-tybetu/bylo,0.727101
http://haljala.edu.ee/teated/436-neljapaeeval-kohtub-4-9-klass-haljala-rahvamajas-sass-hennoga,0.7258879
http://dictionnaire.sensagent.leparisien.fr/Marja-Liisa_Kirvesniemi/sv-sv,0.7243553
http://www.playarena.cz/rubriky/tymy-a-hraci/cesky-tym-esuba-otevira-vlastni-herni-univerzitu_2480.html,0.72378075
http://pembuatanhuruftimbul.com/jasa-buat-huruf-timbul-malang.html,0.7232096
http://raks.mlp.cz/authority/221260?search=48fdca28-32bc-4885-8f70-cd84b81d5a2e,0.7231398
http://www.ticketportal.cz/event/TOLIK_HLAV,0.7225847
http://www.sagliknet.gen.tr/14-adiyaman-besni-devlet-hastanesi,0.722376
http://www.jsempodnikatel.cz/tomas-cupr-odkoupil-dalsi-podil-v-online-supermarketu-rohlik-cz-celkove-vlastni-jiz-temer-60,0.72205025
http://www.zabonosy.cz/Pam%C3%A1tky-a-m%C3%ADsta-v-okol%C3%AD,0.7204358
http://automobilownia.pl/pomniki-trwalsze-niz-ze-spizu-rzezba-w-ruchu,0.71645653
http://speedenergy.cz/ambasadori/erik-figar-bmx-freestyle,0.7162989
http://grabowski-art.com/aktualnosci-blog/128-fotoreportaz-z-wernisazu-finisazu-resharmonica,0.71599203
http://rerererarara.net/8-subat-2021-gaziantep-fk-goztepe-maci--165695,0.71545196
http://polskiepoznawanieswiata.pl/pl/stanowiska_uniq_f5gwB1Xr/swiat-to-za-malo_uniq_3c6auPbB/leksykon-poznawania-swiata_uniq_O6p9kawX/l1542_poznanie-swiata/l3532_odkrycia-geograficzne-xiii---xvi-w.html,0.715395
http://mg.globalvoices.org/2020/02/22/146739,0.7147516
http://www.city.fi/blogit/lavas/sijoittaminen,0.714697
http://hogyantortent.com/bauer_sandor_onegetese,0.7146885
http://es.globalvoices.org/2017/07/17/la-cosificacion-de-la-mujer-en-la-prensa-en-sri-lanka,0.71416354
http://www.ajourmag.ch/rouvikonas,0.7141498
http://www.boxen.de/news/wladimir-klitschko-ich-habe-ein-menge-respekt-vor-pianeta-26104,0.7135466
http://avtobazar.tachki.ua/uk/newauto/marka-kia/model-rio,0.7125349
http://mish-mash11.blogspot.com/2017/03,0.7120271
http://blogg.omakastengods.se/2010/01/28/njutmetoden,0.7115176
http://lenearonsson.se/author/lenearon,0.7103399
http://skribh.wordpress.com/tag/is,0.7092707
http://tamaduitoarealarisa.com/2020/10/02/magie-alba-in-primaverii,0.7085366
http://miestonaujienos.lt/zyma/juris,0.7081609
http://www.sporkanallari.net/fenerbahce-bekodan-gelen-7-zafer,0.7077899
http://www.rehabilitace.info/zdravotni/detoxikace-podpazi-proc-a-jak-ji-delat,0.70719004
"http://portalzeglarski.com/galeria,1175.html",0.7070974
http://nomdemie.wordpress.com/2019/03,0.70701814
http://pl.what-this.com/773315/1/olechow-janow.html,0.7055406
http://www.suomensaksofoniseura.fi/category/saksofonistit,0.705117
http://www.viabiler-ford.dk/Nyheder/Detaljer/1494/fem-tips-til-amat-rfotografen-sadan-tager-du-bedre-billeder-af-din-bil,0.70456254
http://erlendmo.blogspot.com/2010/01,0.7036761
http://rock-n-mas-dock.prae.hu/10284-joy-division-closer,0.7034676
http://www.narodni-divadlo.cz/cs/aktuality/ivan-acher-o-premiere-bon-appetit,0.7027702
http://riaspengantinalikha.com/2020/08/07/rias-pengantin-paket-akad-nikah-cimanggis-cisalak-pasar,0.70224273
http://nuskull.hu/blog/hornby-otos-listaja-rockmaraton,0.7018879
http://elvaelu.ee/2019/11/13/mclareni-uus-lahtine-superauto-saab-nimeks-elva,0.70128596
http://partizanopedia.rs/dragomirsliskovic.html,0.7009356
http://www.slonogomet.net/2010/09/09/je-olimpija-prebolela-krizo,0.69904333
http://raks.mlp.cz/detail/29212?search=1b0a5e04-fd41-4681-be27-880641e26bef&si=2&ticketId=-3,0.69810414
http://www.startrekdb.se/index.php?nyhet=1767,0.6966467
http://www.dach-styl.pl/joe-quotes-wkdhy/archive.php?id=8ac5a3-council-houses-to-rent-in-north-wales,0.6962333
http://szlaki-zachodniopomorskie.pl/photogallery.php?photo_id=127,0.6956484
http://fsgk.pl/wordpress/2019/11/filmolaz-odc-3,0.69420975
http://pt.qaz.wiki/wiki/Neuqu%C3%A9n_Province,0.6931442
http://www.slonogomet.net/2019/08/05/maribor-se-brez-zmage,0.6928768
http://nuvatsia.terevaden.net/2010/05/05/loppulama-ja-mittarivirhe,0.69157815
http://tritius.nmnm.cz/detail/31224,0.6889492
http://www.rallylife.cz/suvenyr-z-rallylegend?date=2021-3&t=mini,0.687996
http://tempatwisatadibandung.info/museum-pendidikan-nasional-upi-bandung,0.68702316
http://susannegranholm.com/2020/07/12/ut-ur-dimman-for-en-djupdykning-ner-i-blomsterhavet?replytocom=3342,0.68507946
http://ortografia4.appspot.com/wiki/Varco_Sabino,0.68449146
http://www.forumastronautico.it/t/astronauta-steven-smith/31548,0.6839975
http://fr.globalvoices.org/2013/06/17/149430,0.68092567
http://bmslamstal.pl/video/relacja-z-ligowego-meczu-w-kategorii-u16,0.6807159
http://jasagurulesprivat.com/2019/11/05/lowongan-guru-privat-kebon-kosong-jakarta-pusat-4,0.6790893
http://www.simpsonit.org/jaksot/24/21,0.67887044
http://www.uusiteknologia.fi/2019/07/26/apple-ratkaisi-5g-ongelmansa-rahalla,0.67813665
http://gemmer-foles.fun/3172606119/1840/merja-jalo.html,0.6781
http://www.ostebo.no/roi-et-sentrum,0.6743243
http://mg.globalvoices.org/2010/09/16/9142,0.6702832
http://exxxperiment.net/category/nauka,0.6677721
http://www.vetko.cz/140716-pinzeta-chirurgicka-15cm,0.6658919
http://dapuraqiqah.com/rumah-aqiqah-kota-cimahi-jawa-barat-dapur-aqiqah,0.6657033
http://potstill.pl,0.6636135
http://test-vergleiche.com/fi/dermaroller-testi,0.6584313
http://ripost.hu/politik/insider/24-oras-adventi-naptar-december-24-en-22-ablak-2703031,0.65568286
http://www.histos.no/bergen/index.php?id=49&lng=no&section=1&show=story&sort=alpha,0.65361273
http://mg.globalvoices.org/2015/02/05/67338,0.64414775
http://luni.lt/luni-vilnius/1042-2018-08-02-luni-vilnius-naujuju-verkiu-papiernia-ir-kitos-idomybes,0.64344823
http://trkeljanje.com/viewtopic.php?p=399812&t=3884,0.64263463
http://hoslykkegaard.dk/2014/09/glucosamin,0.6418244
http://it.linkfang.org/wiki/Kubok_Rossii_2007-2008,0.64160246
http://www.leestafel.info/a-machowiak-a-d-mizieliski,0.6368479
http://forum.index.hu/Article/showArticle?la=75172356&t=9171094&token=f3c7ab7c27e875be95b77f6f399b1c8d,0.63396376
http://m.sputnik.az/life/20210223/426303546/Yz-qrx-gn-sonra-hid-xbri-gln-20-yal-sgr-Gncd-dfn-edilib.html,0.63041055
http://www.sundback.com/wp/tag/ronninge,0.6220936
http://www.knivestoolsandart.se/2015/02/karesuandokniven-unna-aksu.html,0.6133543
http://terezka.hys.cz/heidi-devcatko-z-hor.htm,0.61063945
http://fi.librarything.com/work/14355196,0.6030725
http://komsos.memontum.com/912-bupati-malang-tekankan-kesehatan-harus-dimulai-dari-kesadaran-keluarga,0.5979823
http://www.brojir.eu/aku-strunova-sekacka-al-ko-easy-flex-gt-2025-2,0.59747505
http://misaimerah.blogspot.com/2010/11,0.59646225
http://www.koordinater.se/intressepunkter-i-kommun/intressepunktskategorier-i-kommun.aspx?c=409&cm=117,0.5840961
http://rc-skofja-loka.si/skofja-loka.html,0.521291
