url,centroid_sim
http://www.endoplast.de/2010/11/04/medien-schicksal-als-aggregat-zustand-wie-der-fall-kachelmann-zwischen-schein-und-wirklichkeit-zerfliesst,0.902418
http://www.digital.wienbibliothek.at/wbrobv02/content/titleinfo/2048949,0.9021308
http://www.jahreszeiten.ch/blog/federnkohl,0.89873224
http://portal.dnb.de/opac.htm?cqlMode=true&method=simpleSearch&query=nid%3D115418-7,0.8907503
http://portal.dnb.de/opac.htm?cqlMode=true&method=simpleSearch&query=nid%3D118759078,0.8907503
http://www.meinpflichtteil.de/gerichtliche-entscheidungen-archiv.aspx,0.88818884
http://www.krone.at/themen/fiaker,0.88166475
http://bilder.4ever.eu/natur/weltall?pg=17,0.88084084
http://www.businesslink.ch/bezugsquellen/marktforschungen,0.88058555
http://www.e-kleinanzeigen24.de,0.87575746
http://portal.dnb.de/opac.htm?cqlMode=true&method=simpleSearch&query=nid%3D1080093249,0.8752575
http://portal.dnb.de/opac.htm?cqlMode=true&method=simpleSearch&query=nid%3D1035115182,0.8752575
http://portal.dnb.de/opac.htm?cqlMode=true&method=simpleSearch&query=nid%3D102840563,0.8752575
http://portal.dnb.de/opac.htm?currentPosition=0&currentResultId=eva+and+aschoff%26any%26persons&method=showFullRecord,0.8752575
http://portal.dnb.de/opac.htm?cqlMode=true&method=simpleSearch&query=nid%3D116237309,0.8752575
http://portal.dnb.de/opac.htm?cqlMode=true&method=simpleSearch&query=nid%3D11896786X,0.8752575
http://portal.dnb.de/opac.htm?cqlMode=true&method=simpleSearch&query=nid%3D116232587,0.8752575
http://www.furt.ch/2013/11/goldenes-osttibet,0.8743994
http://kopfkompass.de/tag/zukunft,0.8740922
http://austria-forum.org/af/AustriaWiki/Innsbrucker_Mittelgebirgsbahn,0.87344235
http://www.volksverpetzer.de/kommentar/tagesspiegel-jasmina-kuhnke,0.8730289
http://blog.betriebsrat.de/tag/studentenwerk,0.8722819
http://digitale-sammlungen.llb-detmold.de/content/titleinfo/674559,0.8717738
http://masuren.agoff.de/placesearch.php?psearch=Versin+/+Kreis+Buetow+/+Pommern&tree=,0.87073517
http://digital.zbmed.de/gesundheitspflege/wiki/urnresolving?urn=urn%3Anbn%3Ade%3Ahbz%3A38m%3A1-29960,0.87054074
http://www.digital.wienbibliothek.at/name/view/2985255,0.8705288
http://weltreise-info.de/forum/index.php?topic=15788.0,0.8702054
http://suedelbien.wordpress.com/category/erlebtes,0.86842823
http://beringen.bibliotheek.be/catalogus/cecelia-ahern/de-vrouw-die-haar-stoute-schoenen-zocht/boek/library-marc-vlacc_10244639,0.8683555
http://eifelsucher.de/garrettbatdeckel,0.86633897
http://maerchenquelle.ch/3301/maerchen-mehr/betrachtungen/2014/maehrchen-von-einem-der-auszog-das-fuerchten-zu-lernen,0.86605
http://www.krone.at/themen/opel-vivaro,0.86584544
http://www.syringa-pflanzen.de/alpensteinquendel-pflanze.html,0.86502206
http://schuetzen.boscheln.de/index.php/fahnenschwenker,0.86481893
http://lsb-brandenburg.vibss.de/sportpraxis/praxishilfen/tanzen/griechische-taenze,0.8633808
http://www.lindenberg.de/tourismus/lindenberg-entdecken/stadtfuehrungen,0.8628506
http://digitalesammlungen.uni-weimar.de/viewer/object/PPN673067653/73,0.86235577
http://jesperstromback.org/2010/12/20/nej-till-forhandsprovning-av-public-service-tjanster,0.8622446
http://anbiente.de/blog/rentenkauf-was-sie-wissen-sollten,0.8620787
http://frankenbahn.org/tag/zerstorung,0.8611331
http://www.hm.edu/allgemein/aktuelles/news/news_detailseite_111488.de.html,0.86057067
http://www.1a-telefonansagen.de?message=johan,0.8598934
http://www.video-ermke.de/hochzeitsvideo-lichtenau,0.8592781
http://www.schwaebische-post.de/22104,0.85898435
http://www.hss.de/news/detail/bergkarabach-news7315,0.8581125
http://netzpolitik.org/2009/mangelhafte-organisation-der-polizei-verhindert-loeschen-krimineller-webseiten,0.8580614
http://www.meine-auto.info/autonews/230-recht/6284-harte-drogen-gegen-fuehrerschein.html,0.8580129
http://koenig-haunstetten.de/2009/10/07/freiheit,0.8577722
http://alma-vii.de/phpalmen/index.php?all=1&name=Search&q=noscht+neustadt+im+burzenland-dialekt%27A%3D0,0.857157
http://freigeisterhaus.de/viewtopic.php?start=210&t=36203,0.8549888
http://sylvia-geiss.de/tag/seelenreinigung,0.85407054
http://www.wie-sagt-man-noch.de/deutsch-portugiesisch/stilistin.html,0.8540431
http://cms.lako.at/de/lako_services/_projekte_international,0.8537653
http://stadtmuseum-guetersloh.de/schlagworte/graudenz,0.85361075
http://www.breitnigge.de/tag/ribery,0.85321
http://www.helfenohnegrenzen.org/neue-jugendleiter,0.852592
http://dschungel-anderswelt.de/tag/hartes-leben,0.8524734
http://pforzheimer-rundschau.de/redirect.php?Leserbriefe/Internationaler Tag der Informationsfreiheit: Transparency Deutschland fordert deutschlandweit starke Transparenzgesetze=,0.85186744
http://vertikal.net/de/news/beitrag/36801/spierings-liefert-neue-e-lift-krane-aus,0.85109985
http://www.gedaechtnisdeslandes.at/chronik/action/list/controller/Geschichte/chronik/eisstoss-auf-der-donau.html,0.8505336
http://digitalesammlungen.uni-weimar.de/viewer/image/PPN65516202X/248/-,0.8504239
http://e-dampfen.info/glossary/diacetyl,0.8503742
http://leimenblog.de/5-dezember-krieg-und-frieden-im-21-jahrhundert,0.8503339
http://meinanzeiger.de/erfurt/die-maenner-mit-guten-platzierungen-auf-vier-und-fuenf,0.84961694
http://deutsch-polnische-nachrichten.eu/2019/11/17/grosse-unterstuetzung-fuer-homburger-appell,0.84940434
http://www.schweinundzeit.de/2018/03/21/britischer-filmabend,0.8489089
http://kanzleikompa.de/2010/09/20/zdf-konservativer-propagiert-netzsperren,0.8485249
http://www.octum.de/aktuelles/aktuelles.html?;cHash=fb84db1ba714adbc0779d449ccf4a640&;tx_news_pi1[@widget_0][currentPage]=3&cHash=455470b3616fbdfd72324a90a250faa1&tx_news_pi1[@widget_0][currentPage]=3,0.8480649
http://kanzleikompa.de/2012/06/10/kolscher-klungel-in-hamburg,0.8479836
http://sonnenaufgang-sonnenuntergang.de?latitude=47.3544333&location=B%C3%B6hl&longitude=9.2845213&resulting=1,0.8478113
http://dialog-lexikon.de/ruestungsexporte.htm,0.8470707
http://sicht-vom-hochblauen.de/der-neue-west-ost-konflikt-von-wolfgang-bittner-zeitgeist,0.8460239
http://www.oberoesterreich.at/oesterreich-poi/detail/104960/bmw-mini-volvo-foettinger.html,0.84582675
http://chroniknet.de/shop/zeitung/salzburger-volkszeitung?datum=23.5.1957&prodId=230519571081003,0.8456739
http://chroniknet.de/shop/zeitungen?datum=31.05.1946,0.84517634
http://www.bruehl-info.com/author/root_km9ojt67/page/2,0.8445815
http://izgmf.de/scripts/forum/index.php?id=58635&mode=thread,0.8441621
http://www.schwedentor.de/woerterbuch/M%C3%BCllschippe,0.8439543
http://www.krone.at/themen/vanessa-paradis,0.843271
http://berateraffaere.de/podcast/zu-viele-externe-berater-und-ministerium,0.8431792
http://www.xn--schloss-hfingen-htb.com/index.php,0.8430606
http://www.pauker.at/pauker/DE_DE/FR/wb?d=Abschleppdienst,0.84268475
http://oesz.at/OESZNEU/main_05.php?font=standard&kat=12&kat=13&kat=13&kat=15&kat=21&kat=25&kat=34&kat=35&kat=35&kat=35&kat=36&kat=42&open=95&page=053,0.8419272
http://oesz.at/OESZNEU/main_05.php?kat=12&kat=12&kat=12&kat=13&kat=13&kat=15&kat=18&kat=21&kat=25&kat=36&kat=41&kat=42&kat=43&open=95&page=053,0.8419272
http://www.reiseweltatlas.de/Jedenspeigen.html,0.8416617
http://www.blog.anlage-top.de/informationen-zu/sachwerte/regenerative-energiebeteiligungen,0.8411568
http://www.braunlage.de/erlebnisse/freizeittipps/wellness?debug=jjj33qqq%2527%2522,0.84069806
http://www.braunlage.de/erlebnisse/freizeittipps/wellness?debug=JJJ33QQQ%27A%3D0%27A%3D0%27%27%27A%3D0,0.84069806
http://netzpolitik.org/2012/geheimdienste-haben-2010-37-292-862-e-mails-uberpruft?replytocom=452214,0.8406454
http://ofb.genealogy.net/reicholzheim,0.8405411
http://viewer.tiho-hannover.de/viewer/image/PPN611177188/310,0.8402301
http://www.wbs-law.de/urheberrecht/lg-muhlhausen-langjahrige-freiheitsstrafen-fur-raubkopierer-11217,0.8396597
http://segeln-gronau.de/sportbootfuehrerschein-see?msg=fail&shared=email,0.8394793
http://kreuzgang.org/viewtopic.php?f=10&p=911924&t=20025,0.8392569
http://www.52erbild.de/tag/plattkofel,0.8392395
http://www.mediherz-shop.de/themenwelt-gesundheit/laeuse.html,0.83918834
http://thohr.de/historie,0.8391609
http://wordpress.thuisexperimenteren.nl?p=1767,0.83873445
http://viewer.tiho-hannover.de/viewer/toc/PPN792525485/8/-,0.8387098
http://123.ewkil.at?detail=payer&id=%40player,0.838652
http://nixgut.wordpress.com/tag/beschaeftigungstherapie,0.83848083
http://www.blogwiese.ch/archives/257,0.83844155
http://www.lemflora.de/rasenpflege-49076-osnabrueck,0.83815116
http://www.omsels.info/iv-die-ansprueche-oder-was-droht-wem-von-wem/m-kostenerstattungsanspruch/4hoehe-der-kosten,0.838042
http://www.betterhomes.ch/de/immosearch/detail/id/0a31519ba0330a8e3b205d881787a053,0.83752817
http://www.hambach-a4.de/tag/unterstuetzung,0.8362671
http://biologie-seite.de/Biologie/Schmierinfektion,0.8362018
http://www.meine-biographie.com/8262,0.83499956
http://liedermacher-forum.de/benabar-f42,0.8348753
http://www.manus-zeitforum.de/2/8049/61058/page=13/Musik,0.8347796
http://www.beckmann-fensterbau.de/servicegebiet/verl,0.83429205
http://altemeister.museum-kassel.de/32163/31908/herst/147/b3/0/0/objekt.html,0.83424246
http://www.klar-schweiz.com/zum-thema/radioaktiv,0.833511
http://elfenbeinbungalow.de/tag/philosophie,0.83343136
http://www.hasler.ch/srv=sortiment&pg=det&partnerId=32&artNr=100247454&markid=25.2132.0450,0.8324357
http://de.greeklex.net/deutsch-griechisch/vulkanisieren,0.8324338
http://www.oldiefreunde-pfronten.de,0.8314322
http://www.zajadacz.de/EI-10-Jahres-Hitzewarnmelder-Ei603TYC.html,0.83111906
http://netzpolitik.org/2016/befuerchtungen-bestaetigt-erste-entscheidung-in-deutschland-nach-eugh-urteil-verschaerft-linkhaftung?replytocom=2077687,0.83103216
http://www.wiederwasgesehen.de/tag/geschichte,0.83086085
"http://gau.telebus.de/de/wp/aktuell/termine/action~oneday/time_limit~1573772400/cat_ids~10,6,7/tag_ids~38,20,39,22,29,25,26,13/request_format~json",0.83068717
http://canticum-novum.de/2018/12/17/kleine-geistliche-abendmusik,0.83027637
http://www.lodingen.kommune.no/tjenester/kultur-idrett-og-fritid/idrettsanlegg/utendors-idrettsanlegg/kunstgressbane-lodingen,0.83023006
http://cms.lako.at/de/lako_services/produkte/lako_film/oeko_krise_als_chance,0.830206
http://agentur-jugendstil.com/rekrutierung-per-sprachanalyse-ohren-auf-bei-der-bewerberwahl,0.8301588
http://viewer.tiho-hannover.de/viewer/metadata/PPN755673360/20/-,0.8297805
http://www.rotter.se/blog/tags/biografier,0.82967687
http://www.lunteren.com/bedrijvengids/fysio-en-manuele-therapie-mw-c-a-hoogendoorn,0.8295494
http://www.schwesternhaus.de/author/christin,0.8292104
http://fetenroller.de/kauzen-braeu-brauerei,0.8290082
http://science.orf.at/stories/3204913,0.8288728
http://www.taucher.de/richtig-schnorcheln-lernen-tipps-fuer-tauchanfaenger,0.82876605
http://weltreligionen.lexas.org/glossar/imam.aspx,0.828032
http://bibliotheek.be/catalogus/marc-pairon/ontbijt-op-bed/boek/library-marc-vlacc_7284502,0.82799774
http://viewer.tiho-hannover.de/viewer/image/PPN63797882X/28,0.8277764
http://www.halberstadtwerke.de/netze/geschaeftspartner/installateurswesen.html,0.82773525
http://bielefelds-westliche.de/trash-x-2,0.8273308
http://www.doctotte.de/2012/07/10/henri-michaux-ein-barbar-auf-reisen,0.82732284
http://www.blubberblog.de/08/06/2007/torten-tempel-inka-gold,0.8272635
http://bibliotheek.be/catalogus/henning-mankell/geschiedenis-van-een-gevallen-engel/boek/library-marc-vlacc_9299345,0.82703114
http://rechtsanwalt-kroll.de/Stand-der-Wissenschaft,0.8269999
http://dudeweblog.wordpress.com/tag/global-reset,0.82675976
http://blog.uhl-media.de/welche-art-von-drucksachen-wollen-wir-eigentlich-oko-flyer-von-der-druckerei-vor-ort,0.82658875
http://www.mediherz-shop.de/pflanzliche-hustenmittel/pzn-08871266/umckaloabo-saft-fuer-kinder-120ml,0.82643247
http://viewer.tiho-hannover.de/viewer/metadata/PPN645787264/15/-,0.82628405
http://www.takt1.de/video/player/497,0.82603645
http://perlentaucher.de/feuilletons/2005-09-07.html,0.825636
http://mgv1854.de/index.php/2014-der-kleine-tag,0.82560855
http://rechten.stimp.nl,0.82543063
http://bibliothekarisch.de/blog/tag/koeln,0.8252539
http://synonyme.woxikon.de/synonyme/festtag.php,0.8250071
http://www.stoffe-und-kreatives.de/Kinderstoffe/Stoffe-nach-Lieferant/Hilco-Stoffe/step-felted-grau-4565.html,0.8249606
http://retro.raidenger.de/tag/rosenbluetenknospen,0.82437754
"http://www.paderlieger.info/kalender/action~agenda/tag_ids~188,83/request_format~html",0.82414925
http://viewer.tiho-hannover.de/viewer/metadata/PPN682336440/152/-,0.8241447
http://www.queer.de/detail.php?antwort_zeigen=ja&article_id=18764,0.8240923
http://www.schmiedekult.de/Edelstahlhandlauf-V2A-Korn-240-geschliffen-bis-6000mm-6-Meter-am-Stueck-337-R-5900-mm-5-Halter-Bogen-mit-geraden-Abschluss,0.82290626
http://lilaluna.de/topics/dorsten,0.8228384
http://www.preis-der-freiheit.de?tag=merkelschweigt,0.8227984
http://firmendb24.de/ort/a%C3%9Fling,0.82239974
http://clausstille.blog/tag/us-militaerstuetzpunkt,0.8218235
http://clausstille.blog/tag/umweltzerstoerung,0.8213242
http://agora.sub.uni-hamburg.de/subhh-adress/digbib/view?did=c1%3A1426982&sdid=c1%3A1427335,0.8212894
http://www.drempt.info/website-links,0.8208144
http://www.neuperlach.org/blog?tag=kapelle,0.82045174
http://erich-schairer.de/zwei-briefe,0.8203745
http://austria-forum.org/af/AustriaWiki/Leopold_Wandl,0.82035303
http://shop.ferroflex.ch?partnerId=15&rub=100016495&srv=sortiment&tenid=51,0.82024086
http://www.buskin-chris.com/tauchen-als-unterhaltung,0.8201691
http://www.cc-foto.com/2011/05/endless,0.8191897
http://botzensteiners.de/ufaqs/versicherung,0.8189771
http://dilsen-stokkem.bibliotheek.be/catalogus/jill-mansell/ik-wil-met-je-mee/boek/library-marc-vlacc_10180028,0.8182144
http://sciencev2.orf.at/stories/1764214/index.html,0.81800777
http://www.vb-niers.de/wir-fuer-sie/filialen-ansprechpartner/filialen/uebersicht-filialen/Geschaeftsstelle-Kevelaer.html,0.8179609
http://www.imka-kunst.de/galerie-objekte,0.8179337
http://digitale-schulbank.de/im-semiariden-westen-der-usa-mit-google-earth/9,0.8174068
http://www.pforzheimer-rundschau.de/redirect.php?Leserbriefe/Fuchtel dankt allen Akteuren vor Ort Corona:=,0.8171352
http://www.who-owns-the-world.org/2013/01/04/privatisierung-woruber-nicht-mehr-gesprochen-wurde,0.8165382
http://guenther-keil.com/ngg_tag/venedig,0.816347
http://gensmantel.net/tag/hoerbeispiele,0.8163365
http://bilzen.bibliotheek.be/catalogus/lucio-messercola/de-brief-voor-sinterklaas/dvd/library-marc-vlacc_10313665,0.8163219
http://www.philaseiten.de/cgi-bin/index.pl?PR=156874,0.8161582
http://www.singleboersen-test-im-ueberblick.de/frosch-sport-urlaub,0.8159087
http://harelbeke.bibliotheek.be/catalogus/aleksandr-skrjabin/five-preludes-op-15/cd/library-marc-vlacc_6394284,0.81565076
http://www.digital.wienbibliothek.at/wbrobv/content/titleinfo/2039383,0.81534725
http://austria-forum.org/af/AustriaWiki/Stainztal,0.8152525
http://hfmanetzreporter.com/2015/02/10/hessen-ladt-ein-promis-promis-promis-und-die-netzreporter-mittendrin,0.81523305
http://umweltfairaendern.de/2012/11/atomforschungsanlage-gkss-forschung-an-der-atombombe,0.81511134
http://www.erf.de/themen/menschen/weihnachten-und-fern-der-heimat/3178-542-6274,0.81463444
http://forum.strassenbahn.tk/clone.php?p=24519,0.81386065
http://henryhogh22.com/2017/12/19/vilhelms-breve-fra-borgerkrigen-2?_wpnonce=8735171942&like_comment=882,0.81344247
http://www.eifelfuehrer.de/eifelorte-von-a-z/kreis-bernkastel-wittlich/vg-wittlich-land.html,0.8132655
http://www.elektro-wandelt.de/Siedle-Sprechanlagen/Netzversorgung,0.81319076
http://agora.sub.uni-hamburg.de/subhh-adress/digbib/view?did=c1%3A425073&p=1679,0.81287545
http://www.xn--toptorschtzen-4ob.de/kylian-mbappe,0.8128537
http://blog.die-linke.de/digitalelinke/zum-fest-der-liebe-wunscht-sich-die-musikindustrie-endlich-online-uberwachung,0.8125667
http://www.ziiikocht.at/2016/02/heie-bohnen-mit-stunden-ei-und.html?showComment=1454332711563,0.81253654
http://amicale-citroen.de/tag/solidaritat,0.8125175
http://www.allmystery.de/themen/rs111464-1,0.8124343
http://www.taschenlampen-forum.de/threads/waldarbeit-holz-machen.21787,0.8124145
http://ruhrkoepfe.wordpress.com/2019/04/24/auch-das-ist-dortmund-kirschbluete-im-rombergpark,0.81225276
http://blog.tetti.de/de/archive/201001?page=1,0.8119886
http://viewer.tiho-hannover.de/viewer/image/PPN632146109/280/-,0.81174994
http://agora.sub.uni-hamburg.de/subhh-adress/digbib/view?did=c1%3A425073&p=1615,0.8116356
http://ddpberlin.wordpress.com/category/allgemein,0.8115877
http://digitalesammlungen.uni-weimar.de/viewer/image/PPN65754972X/24,0.81145346
http://bea-abc.de/blog/anwaltspostfach-bea-zeitplan-fuer-die-wiederinbetriebnahme,0.8113795
http://artedea.net/kore,0.81135637
http://treffpunkt-freiburg.de/unser-angebot/fortbildungen/einf%C3%BChrung-die-moderationsmethode-gruppen-effektiv-demokratisch-und,0.81093895
http://ka.stadtwiki.net/Kategorie:Bild_(Karlsruhe_1898),0.8107457
http://www.medikamente-per-klick.de/syxyl,0.81051064
http://broodjes.nl/broodjes-bestellen-lieren,0.81051034
http://zedelgem.bibliotheek.be/catalogus/jk-rowling/de-ickabog/boek/library-marc-vlacc_10319088,0.81043243
http://www.artnews.de/kuenstler.php?kunst=Edouard_Manet,0.80977404
http://klexikon.zum.de/index.php?diff=next&oldid=103272&title=Elsa%C3%9F-Lothringen,0.8094207
http://www.tobiasthelen.de/page/28,0.8090542
http://www.wohnraumbitzer.de/property/loftartiges-wohnen-tailfingen,0.80888337
http://couchpotatoz.de/Versmold.html,0.80871487
http://www.postleitzahl.org/rheinland_pfalz/oberweiler,0.80819726
http://www.zfp-web.de/fachgebiete/pflege/eberhardzell/altenpflege?fsize=984,0.8081395
http://commons.blog/2009/11/15/oma-lenis-dresdner-christstollen?replytocom=3523,0.807883
http://shop.mein-schoener-garten.de/hg-dekokorb-oval-55x35cm-ungeschaelte-weide-46x23cm/products/6265,0.80743366
http://hochfranken-feuilleton.de/ho-f-Essay,0.807306
http://kulturgut-ev.blogspot.com/2012/12,0.806818
http://www.frankenmeute.eu/archiv-2011-2020/berichte-2019/w%C3%BClzburg,0.8068135
http://blog.berchtesgadener-land.com/2016/12/21/vor-50-jahren-am-jenner-der-erste-ski-weltcup,0.80678517
http://vorhervergleichen.de/elektronik-foto/guenstiges-ecksofa-vergleich,0.80668974
http://www.perlen-in-berlin.de/2015/09/27/entstehung-der-perle,0.8063453
http://josopon.wordpress.com/tag/presseoeffentlichkeitsshow,0.80596435
http://www.dreigroschenblogger.ch/2019/04/01/strom-sparen-durch-geschickte-nutzung-der-blindenergie,0.80572903
http://www.muziekweb.nl/Link/M00000540044/POPULAR/Slowthai?NoScroll=1&SortField=RATING,0.80572796
http://maler-konrad.at/CMS/index.php/2018-11-25-14-28-09/aktuelle-projekte?start=80,0.80567205
http://www.zum.de/mathematik-digital/linksanzeige.php?key=455678243&schulart=5&thema=5013,0.8053302
http://www.iwmgmbh.eu/jobs,0.8052927
http://www.jawina.de/weidmannsheil-brandenburger-jaeger-erlegen-zehn-biber,0.80523276
http://amicale-citroen.de/page/31,0.8051587
http://viewer.tiho-hannover.de/viewer/metadata/PPN719118654/9/-,0.8051492
http://www.rb-eifeltor.de/wir-fuer-sie/presse/pressemitteilungen/2021/raiffeisenbank-eifeltor-setzt-wachstumskurs-fort.html,0.80503994
http://www.strahlermuseum.com/schweizerbergkristalle?lightbox=dataItem-jwoldnp0,0.80483186
http://himmelende.de/2008/09/21,0.8048122
http://sk.barcode-gastronomy.com/post/das-helle-bier,0.8046951
http://austria-forum.org/af/AustriaWiki/Priethal_(Gemeinde_Gr%C3%BCnburg),0.804656
http://www.elektro-wandelt.de/Topseller/Verteilerbau,0.80458593
http://www.woxikon.de/woerterbuch/de-en/reaktionspartner,0.8043246
http://www.jotainmaukasta.fi/tag/alsacen-viini,0.8042463
http://cneffpaysages.blog/category/grunstadter-depeschen-depeches-de-grunstadt,0.8039987
http://www.gesichter-bonns.de/erick-und-der-bonner-bogen,0.8037504
http://www.vexilli.net/w/index.php?diff=prev&oldid=7500&title=Bauernfriedhof_Renninghausen,0.8036525
http://chroniknet.de/shop/zeitungen?add-to-cart=19637&datum=26.06.1968,0.8036288
http://agora.sub.uni-hamburg.de/subhh-adress/digbib/view?did=c1%3A988528&p=3043&z=125,0.8035893
http://digibus.ub.uni-stuttgart.de/viewer/!metadata/1539155476229_6/32/-,0.8034669
http://www.mainspaziergang.de/category/stadtteile/flughafen,0.80330354
http://www.infoyou.de/poi/DE/60326/Frankfurt+am+Main/Erbbaustra%C3%9Fe,0.8032158
http://www.ouders.nl/forum/off-topic-discussies/werd-je-als-kind-van-een-joodse-vader-opgepakt-in-de-tweede-wereldoorlog,0.8031813
http://www.athelligesigmoderskabet.dk/439335562/6297921/posting/sammenhold,0.8026099
http://www.schorleblog.de/index.php/tag/lied,0.8025465
http://gerhard-rauth.com/2019/12/25/nostalgie,0.80241805
http://kirrweiler.de/zum-wohl/restaurants/page/8,0.80235773
http://camping-naumburg.info/umgebung,0.8023026
http://www.krone.at/themen/edward-norton,0.80221176
http://www.ostseefjordschlei.de/poi/parkplatz-hohlweg,0.8021554
http://markt-bibart.de/index.php/markt-bibart/gewerbeverzeichnis/59-heilpraktiker,0.8020357
http://www.syringa-pflanzen.de/spica.html,0.80198216
http://mystikaktuell.wordpress.com/tag/diamant,0.80168366
http://agora.sub.uni-hamburg.de/subhh-adress/digbib/view?did=c1%3A586000&p=1553&z=75,0.80153775
http://www.shopunits.de/46049-oberhausen-de-7,0.8008521
http://www.kalenderpedia.de/kalender/schulkalender-2021-2022-thueringen-excel-vorlagen.html,0.8008264
http://www.social-seeds.net/veranstaltungen/saatguttausch?replytocom=51410,0.80076355
http://www.social-seeds.net/veranstaltungen/saatguttausch?replytocom=52173,0.80076355
http://www.weissig-sachsen.de/cms/website.php?id=/de/index.htm,0.8007087
http://personensuche.dastelefonbuch.de/Nachnamen/Schmeing/Bad%20Hersfeld?s=eyJrZ3MiOiIwNjYzMjAwMiJ9,0.79999065
http://digitalesammlungen.uni-weimar.de/viewer/image/PPN62278031X/10,0.7999711
http://www.berlin-in-bildern.de/picture.php?/217/category/8=,0.7999615
http://digitale-sammlungen.ulb.uni-bonn.de/ulbbnhans/content/titleinfo/2205029,0.79991484
http://viewer.tiho-hannover.de/viewer/image/PPN68422562X/30,0.79974675
http://treffpunkt-freiburg.de/unser-angebot/fortbildungen/ordnung-ist-das-halbe-leben,0.7996316
http://geschichtsquellen.de/autor/891,0.7995243
http://www.fronhofer.com/fronhofer-100-leder-guertel-12056-damenguertel-bioleder_17032_2966,0.7994424
http://broodjes.nl/broodjes-bestellen-koningsbosch,0.7993987
http://www.blog.anlage-top.de/anlagekommentar-oktober-2015-turbulenzen-und-abschwaechung-an-den-kapital-und-rentenmaerkten,0.79911053
http://www.linet-services.de/alles-nichts-oder,0.7990912
http://www.fraenkische-kirchweih.de/91238-breitenbrunn,0.7983307
http://recamusikproduktion.dk?page_id=4,0.79811525
http://abfall-info.de/kompostieranlage-stadt/kompostieranlage-weil-am-rhein-gartenabfaelle-einfach-kompostieren-lassen,0.79809403
http://www.oppisworld.de/zeit/kalender/katastro.html,0.79752064
http://www.halle-fotos.de/landrain/der-gertraudenfriedhof-in-halle/attachment/die-endlose-strasse,0.7973615
http://www.voorouders.net/links/assen-r-192,0.79724735
http://www.sportbootschule-nrw.de/motorbootf%C3%BChrerscheine,0.79716337
http://www.anreut.de/brennholz-kaufen-gunstig-buche-trocken.html,0.79713476
http://blog.schwenke.de/category/fotografie,0.7971208
http://nyc-neuendettelsau.de/2017/11/05/lass-dich-veraendern-church-night-2017,0.79696906
http://geschenkly.de/page/113?add_to_wishlist=90923,0.79603064
http://musikwissenschaft-leipzig.com/2012/03/03/ritter-und-thuille,0.795961
http://komfakt-online.de/sicherheitsbeauftragter-weiterbildung,0.7958735
http://denstorekrig1914-1918.dk/tag/rationering,0.79544
http://www.quaeldich.de/paesse/heuberg-spessart/befahrungen/suedostauffahrt-von-frammersbach?BildID=255603,0.7951321
http://www.webwiki.de/ferienpark-dorum.de,0.7951186
http://www.ostseefjordschlei.de/poi/fuehrung-stadtfuehrung-durch-arnis,0.79511786
http://www.nahaufnahmen.ch/2015/01/11/jahresruckblick-spiele-2014,0.79465
http://www.gg-group.net/immobiliaria?lightbox=dataItem-j0jrwb4e3,0.7945882
http://www.zfp-web.de/fachgebiete/pflege/ochsenhausen/pflege-fuer-demenzkranke?fsize=60,0.79453635
http://park-books.com/index.php?artist=all&author=all&book=1106&booktype=order_1_releasedate&lang=de&page=books&pd=pb&subject=1&view=li,0.79446626
http://gemeinden.erzbistum-koeln.de/stifts-chor-bonn/service/komponisten/Arcadelt.html,0.7942711
http://lioba-albus.de/orte/haus-witt,0.7940209
http://www.bildersuche.org/kunst/rembrandt-van-rijn,0.7938821
http://the-duesseldorfer.de/stadtgeschichte-wo-ist-eigentlich-houschaeng,0.79382014
http://tierforum.tier-inserate.ch/post.asp?FORUM_ID=9&REPLY_ID=21940&TOPIC_ID=1788&method=ReplyQuote,0.7933785
http://www.oberoesterreich.at/oesterreich-unterkunft/detail/101666/villa-dachstein.html,0.7931659
http://www.nickles.de/c/n/piep-piep-peeple-ente-oder-ernst-10694.html,0.7928153
http://nordis.ch?cat=14,0.7921768
http://nixgut.wordpress.com/tag/veranstaltung,0.7921598
http://stefan-brandes.de/tag/woltersdorf,0.79181033
http://www.netzpiloten.de/1a-duft-parfuem-berlin-schwarzlose,0.7917901
http://www.schwarzwald-geniessen.de/de/orte/Gutach+im+Breisgau,0.7916821
http://litterae-artesque.blogspot.com/2017/12,0.7912847
http://123.ewkil.at?detail=k%C3%B6rnera&id=%40player,0.79120934
http://wakkermens.info/nieuwsbrief,0.7910673
http://www.parks-und-gaerten.de/erholungspark-marzahn,0.7905053
http://www.bbv-net.de/Sport/Fussball/Uerdingens-Praesident-Ponomarev-will-am-Saisonende-aufhoeren-275045.html,0.7904985
http://agora.sub.uni-hamburg.de/subhh-adress/digbib/biblio?did=c1%3A556588&p=1231&sdid=c1%3A556588,0.7902931
http://synonyme.woxikon.de/synonyme/museum.php,0.7901125
http://kreuzgang.org/viewtopic.php?f=6&p=912296&t=20019,0.7900074
http://www.vilonga.de/friedhof/deutschland/Berlin/Friedhof+Berlin+Steglitz,0.7897018
http://zipmend.com/kurierdienst-niesky,0.78878033
http://www.rohrdorf.de/gewerbe-tourismus/partnergemeinden,0.7886721
http://ksu.no/artikler/kommentar/104449-ungt-engasjement-pa-sviktende-grunnlag,0.7883611
http://www.spk-bbg.de/de/home/privatkunden/kredite-und-finanzierungen.html?lightbox=/de/home/privatkunden/kredite-und-finanzierungen/lightboxes/e-bis-l?n%3Dtrue%26stref%3Diconbox,0.7882652
http://www.musiqolog.nl?cat=12,0.7882347
http://digitalesammlungen.uni-weimar.de/viewer/fulltext/PPN651710510/302,0.7880615
http://fdpstrande.de/archive/europawahl,0.78798115
http://recherche38.info/2014/10/10/kita-morgenstern-multikulturelles-leben-ist-fuer-uns-eine-selbstverstaendlichkeit,0.7878869
http://www.iknews.de/2013/12/18/merkel-jetzt-mit-groko-die-konstruktionsmaengel-der-eu-beseitigen,0.787855
http://www.jens-kassner.de/leipzig/gut-dass-wir-mal-drueber-gesprochen-haben-eine-diskussion-ueber-kunstfreiheit-im-zeitgeschichtlichen-forum?replytocom=3605,0.7876706
http://wanderblog.me/2015/03/02/langenfeld-katzberg-langenfeld-berghausen-monheim-baumberg-20154353?_wpnonce=b52f64bd38&like_comment=1978,0.7874574
http://cdn.wilhelmshaven-touristik.de,0.7872251
http://www.aha-halle.de/aha-haelt-naturnahere-entwicklung-der-doelauer-heide-fuer-absolut-dringend-geboten-12,0.7871176
http://jahrgangsgeraeusche.de/2009/05,0.787013
http://vorhervergleichen.de/lebensmittel-getraenke/de-cecco-olivenoel-vergleich,0.7869975
http://weiden.info/14/Gemeindeschluessel/lkz_neustadt.php,0.7863922
http://isgeschiedenis.nl/nieuws/femke-halsema,0.7861872
http://historiaoccidentalis.com/die-erste-teilung-roms-39-bc,0.7860465
http://www.ploetzblog.de/2021/01/25/podcast-episode-19-interview-mit-dr-friedrich-mertz-ueber-malze,0.785898
http://www.eselsohren.at/2011/10/10/colin-harrison-der-moloch,0.7855952
http://www.pissup.de/junggesellenabschied-schwarzwald,0.7849297
http://digitalesammlungen.uni-weimar.de/viewer/resolver?urn=urn%3Anbn%3Ade%3Agbv%3Awim2-g-1325672,0.7847818
http://digital.iai.spk-berlin.de/viewer/fullscreen/832261009/10/LOG_0007,0.7842438
http://www.cognitiveagent.org/category/mikroben,0.7842001
http://www.schorleblog.de/index.php/2011/08/29/xoxo,0.78400916
http://kritisches-netzwerk.de/forum/sandsackstellung-aktuelle-trends-deutschen-kinderzimmern,0.7839574
http://www.wiedenmeier.ch/wordpress/tag/wohnhochhaus,0.7839569
http://www.literairnederland.nl/recensie-paco-roca-seguridad-social-het-kruispunt,0.7836063
http://www.zfp-web.de/fachgebiete/wohnen/bad-schussenried/ambulant-betreutes-wohnen?fsize=292,0.78337693
http://www.ameisenschutzwarte.de/forum/viewtopic.php?f=18&start=0&t=2547,0.78328514
http://studgenpol.blogspot.com/2015/07/eine-milliarden-katholiken-gegen-200.html,0.7832635
http://www.captain-trikot.de/tag/jogi-loew,0.78278065
http://www.mietersparstrumpf24.de/umzugs-check/umzugsfinanzierung,0.7824943
http://www.baumkunde.de/forum/viewtopic.php?f=19&t=19121,0.78188026
http://sardinien-tom.com/category/murales,0.78122675
http://ch.postleitzahl.org/solothurn/oensingen,0.7811032
http://www.architekturbibliothek.ch/architekturbuero/steiner-joseph,0.78091764
http://boekenoverboeken.com/het-visioen-aan-de-binnenbaai-autobiografische-verhalen-van-oek-de-jong,0.7807541
http://www.volksbank-oldenburg.de/wir-fuer-sie/presse/pressemitteilung/2015/die-volksbank-oldenburg-eg-macht-mobil.html,0.78024685
http://www.reiseweltatlas.de/Abtsdorf.html,0.7801433
http://investorenarchitektur.de/author/investo,0.78011763
http://www.namibia-hunter.at/2014/08/der-weg-zur-eigenen-homepage,0.7800038
http://www.rome2rio.com/de/Zug/Bahnhof-Berlin-S%C3%BCdkreuz/Posen,0.7799871
http://trittenheim.wordpress.com/tag/paul-renner,0.77970433
http://www.raumfahrer.net/multimedia/podcast/index.php?cat=Marsaktuell,0.7786206
http://www.scharnebeck.de/home/ihre-samtgemeinde-scharnebeck/mitgliedsgemeinden/gem-rullstorf.aspx,0.77836704
http://www.allmystery.de/themen/it65592-1,0.77799284
http://repaircafe.fueralle.org/blog:repaircafe_am_28._februar_2019_in_der_rosenbergstr,0.7775047
http://www.schicksal.com/Astrologie/Mond/Mondfinsternis,0.777302
http://amicale-citroen.de/page/11,0.77643263
http://www.bergruf.de/bergcam/cam821-webcam-villach-landskron,0.7762822
http://www.berlin-tourismus.de/zeig/Treppeln/Schulz-1111.html,0.7762563
http://www.psymag.de/7218/emotionen-im-internet,0.77619797
http://www.urbia.de/forum/28-finanzen-beruf?page=202,0.776163
http://blog.clickomania.ch/2019/11/26/eine-handvoll-podcasts-zu-drei-spannenden-themen,0.7758497
http://deramateurphotograph.de/2021/02/18/bild-des-tages-35-sonnenaufgang,0.775707
http://www.weinbruderschaft-gurgltal.at/weblinks/53-webseiten-von-weinbruedern,0.7745794
http://biblasso.hh.se/hallandsbibliografi/katalog/tesaur.lasso?-session=User%3A36AE2B1B119530341EKv4DB0A130&klassning=M%C3%B6rner%2C+Stellan,0.774567
http://historischer-grundbuchauszug.at/geschichte-schwanenstadt,0.77429676
http://forum.selfhtml.org/self/2005/sep/27/du-bist-deutschland/878608,0.77420133
http://agora.sub.uni-hamburg.de/subhh-adress/digbib/view?did=c1%3A784777&p=1532&sdid=c1%3A784777,0.77403104
http://tal.so/search?q=sudberg,0.77400047
http://www.ostseefjordschlei.de/poi/handweberei-goltoft,0.7736021
http://www.viatoura.de/burg-rheinfels/fotogalerie/3.html,0.77348566
http://sorb.philol.uni-leipzig.de/forschung/forschungsschwerpunkte,0.7734795
http://www.sommarjobb.me/avtal-och-regler/loner-for-sommarjobb?replytocom=834,0.7733824
http://www.abfalltermine-forchheim.de/Forchheim/Landkreis/Ebermannstadt%20-%20Neuses,0.77282906
http://dict.tu-chemnitz.de/dings.cgi?dlink=self&lang=de&noframes=1&optcase=1&opterrors=0&optpro=0&optword=1&query=keine+Kompromisse+kennen&service=&style=,0.77271724
http://digibus.ub.uni-stuttgart.de/viewer/!fulltext/1537772834592/21,0.7725662
http://www.infoyou.de/poi/AT/1190/Wien/Li%C3%9Fbauergasse,0.7722439
http://gbm-schweiz.ch/weiterfuehrende-links,0.772243
http://programm.ard.de/Programm/Starguide?detailsuche=1&mitwirkende=Gloria+Endres+de+Oliveira,0.77224267
http://www.schlot.at/tag/angela,0.7720004
http://www.voorouders.net/links/dwingeloo-r-122,0.7718797
http://archiv.heddesheimblog.de/tag/grundgesetz,0.7718468
http://fussboden-hahn.de,0.7714161
http://www.wikimedia.at/category/freie-inhalte,0.7711664
http://www.langendorf.de/de/kontakt/ansprechpartner/jan-dank-ing.-product-manager-de_de,0.770833
http://blechi-b.de/wordpress?cat=33&paged=2,0.7705456
http://www.easyfunshop.net/Herren-Badeshorts/Olaf-Benz-Bade-Canariashort-BLU-1061-Fuego,0.7704024
http://enbw-oberliga.de/team/tsv-amicitia-viernheim,0.77037275
http://www.gardenachess.com/training/2-uncategorised,0.76970124
http://www.zitate.eu/autor/heinrich-heine-zitate/76253,0.7696185
http://kunstgarten.at/events/wolfgang-volz-christo-jeanne-claude-gestalten-mensch-landschaft-5-mai-2,0.7689735
http://drabkikker.com/2012/07/01/waarom-fryslan-niet-boppe-is?_wpnonce=9a2937f153&like_comment=2607,0.76894736
http://felixmaximus.com/2012/11/25/bilderalbum-november-2012,0.76890695
http://www.freigeist-forum-tuebingen.de/2016/10/ben-fulford-03okt16-enthullte-dokumente.html,0.7688112
http://www.spk-bbg.de/de/home/ihre-sparkasse/karriere/unsere-auszubildenden.html?lightbox=/de/home/ihre-sparkasse/karriere/unsere-auszubildenden/leandro-edelmann?n%3Dtrue%26stref%3Dimagebox,0.76876915
http://internationales-uebersetzungsbuero.de/uebersetzungsbuero-franzoesisch/uebersetzungsbuero-franzoesisch-berlin,0.76860774
http://hauspublikationen.mak.at/viewer/image/1368843962731_0001/12/-,0.76811385
http://bretterwisser.de/bw094?replytocom=2533,0.7672616
http://www.happybackpacker.de/reiseapotheke,0.76722026
http://emedien.arbeiterkammer.at/viewer/image/AC09005553/26/LOG_0019,0.76681876
http://praegnanz.de/weblog/meine-eigene-tagcloud,0.76638293
http://www.autoankauf-de.de/autoankauf-wadern-nunkirchen,0.7660396
http://duerselen-online.de/jupiter,0.7658703
http://www.archiv.auslandsdienst.at/en/presse/gedenkdienst-laut-faymann-abgesichert-apa,0.7657003
http://www.muziekweb.nl/Link/JK146578/Upgrade-afterlife,0.7656009
http://www.nederland-in-beeld.nl/Limburg/Mheer.html,0.7655799
http://bibliothekarisch.de/blog/2020/11/14,0.7654294
http://travel.sygic.com/pl/poi/belweder-w-wiedniu-poi:1110,0.765272
http://agora.sub.uni-hamburg.de/subhh-adress/digbib/view?did=c1%3A624994&p=478,0.7652546
http://keimform.de/2010/produktive-schweine-und-unproduktive-kinder,0.7650806
http://www.xn--balkon-nrnberg-nsb.de/index.php/startseite-hm/info/infos/db-farbtonkarte,0.76501805
http://www.infoyou.de/poi/AT/1210/Wien/Trillergasse,0.76495314
http://blog.zinnfigur.com/eduard-mig-15bis-in-172-teil-1-der-bausatz,0.76488477
http://scienceblogs.de/zoonpolitikon/2012/08/10/das-partyleben-der-promovierenden,0.7647347
http://www.plz-suchmaschine.de/PLZ-Postleitzahl_poid_133098_plz_60308_city_Oberursel%20(Taunus)%20Stierstadt.php,0.7645241
http://lyrikzeitung.com/tag/jenny-erpenbeck,0.7639587
http://strilaforskning.com/2015/06/06/irsk-song-om-ein-stril,0.76395774
http://www.pauker.at/pauker/DE_DE/KU/wb?d=Brustwarze,0.76393795
http://abkuerzungen.woxikon.de/abkuerzung/sp.-fl..php,0.7639332
http://www.wikimedia.at/lang/hrvatski,0.76311547
http://www.foto-gath.de/maria-magdalena,0.76308936
http://kitschautorin.wordpress.com/tag/isst,0.7625775
http://www.canonsociaalwerk.eu/int/details.php?canon_id=214&cps=14,0.7623888
http://ticket.commumee.de/pfingstakademie,0.76203114
http://www.wiskundemeisjes.nl/tag/fermat,0.76151717
http://www.nadelspiel.com/2011/02/23/sowas-hatten-wir-doch-schon-mal-nichto?replytocom=15528,0.76102877
http://puma.ub.uni-stuttgart.de/tag/regionalkatalog%20stuttgart%20literatur%20opac%20bibliothek?bookmark.entriesPerPage=10,0.76099145
http://farbrornikos.se/showcase/blog,0.76098996
http://www.artikelmagazin.de/lifestyle/essen-und-trinken/die-grill-giganten-saftige-steaks.html,0.76070094
http://www.jobs-in-ludwigshafen.de/stellenanzeigen/elektrokonstrukteur-ludwigshafen-am-rhein,0.760163
http://www.deslegte.com/auteurs/roald-dahl,0.7601394
http://programm.ard.de/Programm/Starguide?detailsuche=1&mitwirkende=Fredrik+Edfeldt,0.76003325
http://hoaxilla.com/tag/tutanchamuns,0.7598459
http://www.resaoroa.se/kommun/hagfors-2,0.7597692
http://community.goodgamestudios.com/bigfarm/de/discussion/comment/4117798,0.7588022
http://www.kupplung.de/131599,0.7586294
http://blutschwerter.de/thema/b-zelebriert-die-schlechtesten-filme-aller-zeiten.96722,0.7583802
http://schrottpresse.org/jahallo-ich-bin-jana-aus-kassel?replytocom=128988,0.75831014
http://www.online-scheidung-deutschland.de/scheidung-online,0.7582638
http://lidmanarkivet.se?id=2664&page=date,0.7580309
http://www.nrk.no/mr/xl/bla-vin-skal-erobre-europa-1.13099684,0.75767654
http://bahnbilder.ch/picture/686,0.7576751
http://helapingsten.com/2018/07/15/varfor-lars-enarson-har-fel?_wpnonce=9f2909b50e&like_comment=23267,0.7575606
http://handelsregisterauszug.de/vereinsregister/ort/bach%20an%20der%20donau,0.7572348
http://www.filmhaus-bielefeld.de/2002/10,0.75716776
http://rhymebox.de/rhyme/de/koelner-phonetik/end/wohlf%C3%BChltest/page/1,0.7568162
http://www.politik-forum.eu/viewtopic.php?f=19&start=20&t=69401,0.7567767
http://www.spindleruv-mlyn.com/de/webcam/9-webcam-horni-misecky-spindleruv-mlyn-riesengebirge,0.7562516
http://scienceblogs.de/astrodicticum-simplex/2014/11/16/was-mich-aergert-homoepathie-bei-kinderkrankheiten-und-schulstress?all=1,0.7556172
http://prospektly.de/tag/iglo-original-fischstaebchen,0.7555889
http://hanswisbrun.nl/2015/12/01/natuurkundigen-zullen-altijd-feesten,0.75551856
http://www.xenu.ch,0.75528157
http://www.nachrichtenspiegel.de/tag/norwegen,0.75516164
http://bracom.nl/mist-en-zonsopkomst-kinderdijk,0.7542523
http://not-safe-for-work.de/nsfw088-lernbehinderte-fernbedienung?replytocom=395935,0.75388634
http://www.herrenkrugparklauf.de/herrenkrugparklauf/pressemeldungen.html,0.75316644
http://minkorrekt.de/minkorrekt-folge-98-3-tage-brenner?replytocom=38588,0.75314766
http://www.pauker.at/pauker/DE_DE/GA/wb?d=Ged%C3%A4chtnisse,0.7531466
http://kampeerwijzer.com/2015/05/08/hongerklop-te-lijf-met-winegums?replytocom=748,0.75310457
http://www.danrichter.de/2007/01,0.7527154
http://steigan.no/2018/05/politisk-krise-i-italia-presidenten-godtar-ikke-eurokritiker-som-finansminister,0.75263417
http://digi.ub.uni-heidelberg.de/diglit/achenbach1936_03_20/0025,0.75234616
http://thewiedmannbible.com/de/tag/stuttgart,0.7523123
http://inklupedia.de/index.php?diff=53026&oldid=36228&title=Chronik_der_Europ%C3%A4ischen_Union,0.75196934
http://www.colorwork-photography.de/post/eine-traumhochzeit-in-new-york-city-teil-2,0.75194347
http://attersee-attergau.salzkammergut.at/oesterreich-gastronomie/detail/101736/flo-s-hendl-und-grill.html,0.7516148
http://julia-seeliger.de/lebenslaute-mit-a-moll-gegen-a-mull,0.7509896
http://www.nachrichtenspiegel.de/tag/dresscode,0.7508347
http://www.theo-hespers-stiftung.de/index.php/%C3%BCber-uns/2018?month=1&view=archive,0.75072956
http://strilaforskning.com/2016/09/18,0.75051576
http://www.fuerthwiki.de/wiki/index.php/Entnazifizierung_in_F%C3%BCrth,0.75017697
http://famoseworte.de/dtw/show/dtw0457-Langohrigel,0.74954313
http://famoseworte.de/dtw/show/dtw1411-Worthuelse,0.74954313
http://www.chemnitz-in-zahlen.de/2020/04/14/zw%C3%B6lf-extremwerte-aus-den-stadtteil-profilen-chemnitz-2020,0.7494582
http://info.umkc.edu/dfam/400913-2-1,0.7493068
http://propagandaschau.wordpress.com/2016/12/27/nach-der-befreiung-von-ost-aleppo,0.7489524
http://www.nillanielsen.com/tag/helsingor-netavis,0.74891305
http://biblasso.hh.se/hallandsbibliografi/katalog/tesaur.lasso?-session=User%3A03E2F49018a9b388C7lw797A83FA&klassning=sjukhuset+i+varberg,0.74889195
http://moviescape.blog/2015/07/09/blogparade-meine-top-10-obsessionen-waehrend-der-80er?_wpnonce=4c8bb96b32&like_comment=29703,0.7486545
http://detgodasamhallet.com/2018/05/05/fascism-runt-knuten?_wpnonce=152cd5960b&like_comment=124261,0.7484803
http://detgodasamhallet.com/2018/05/05/fascism-runt-knuten?_wpnonce=00cb64d287&like_comment=124050,0.7484803
http://detgodasamhallet.com/2018/05/05/fascism-runt-knuten?_wpnonce=a0d115ed5a&like_comment=124798,0.7484803
http://www.wordpress.ratzeburger-rc.de/2005/allgemein/laufend-starke-rrcler-am-1-advent,0.74817425
http://www.steffmann.de/wordpress?replytocom=8148,0.7481097
http://agora.sub.uni-hamburg.de/subhh-adress/digbib/view?did=c1%3A988528&p=1417,0.7479251
http://www.mucbook.de/die-10-wirklich-besten-boazn,0.74784064
http://bengtmalmgren.com/2016/10/01/anders-gerdmars-oakademiska-retorik?msg=fail&shared=email,0.7473577
http://blackbirds.tv?tag=mick-jagger,0.746839
http://personensuche.dastelefonbuch.de/Nachnamen/Klein/Alex/St.%20Wendel,0.74667877
http://kindimmittelpunkt.de/jugendamt/alle-jugendaemter-liste/jugendamt-lohmar,0.7465781
http://www.kupplung.ch/brink-anhaengerkupplung-abnehmbar-145053-13331-1.html,0.7458688
http://www.amc.nl/web/mijn-afspraak/mijn-afspraak-in-het-amc/wikipedia-page-thrombus-perviousness-live.htm,0.7456825
http://sdr-deluxe.de.tl/Folge-15-_-Titel.ue.bersicht.htm,0.7456775
http://volkersklassikseitenjsbach.com/tag/mp3-dvd-j-s-bach-stiftung-st-gallen,0.7456742
http://stellingchecker.nl/owner/denk,0.74534
http://neu.theo-hespers-stiftung.de/index.php/theo-hespers/gefangener-der-gestapo/2012?month=5&view=archive,0.7452754
http://steigan.no/2014/01/det-norske-kartellpartiet,0.74525845
http://www.barth-engelbart.de?tag=2-basler-konferenz-1907,0.7449775
http://www.gartentipps24.de/gartengestaltung/gartentipps/mit-fluessiggas-unkraut-bekaempfen.html,0.74483293
http://www.fernsehserien.de/skippy-der-buschpilot,0.7447339
http://alleswasbewegt.de/2009/05/night-of-the-proms-2009-ersten-kuenstler-stehen-fest,0.74415827
http://www.autobellak.at/impressum,0.74405825
http://sommer-in-hamburg.de/stadtmagazin/spielautomaten,0.74398047
http://geis-staudt.de,0.74386203
http://www.biker-reise.de/tag/glen-orchy,0.7437656
http://www.erzdioezese-wien.at/site/nachrichtenmagazin/kolumnenblogs/kolumne/article/74453.html,0.7437173
http://holzminden.free.fr/spip.php/dist/javascript/ecrire/ecrire/ecrire/spip.php?breve11=,0.7435374
http://www.telemedicus.info/tag/plagiat,0.7435185
http://digibus.ub.uni-stuttgart.de/viewer/image/1537772834592/168,0.743436
http://www.freitag.de/autoren/poor-on-ruhr/ich-bin-68-2-holt-mich-hier-raus,0.7431662
http://tv.de/sendung/das-familiengericht,0.74315405
http://biologie-seite.de/Biologie/Sutera_(Gattung),0.7430227
http://tv.de/sendung/die-pfefferkorner,0.7425302
http://www.geschichtsforum.de/thema/neue-archaeologische-entdeckungen.53567/page-30,0.7423717
http://www.zonebattler.net/2006/06/18/memory-effekte-3?qmp=2,0.7420929
http://manoswelt.blogspot.com/2016/10/herbstspaziergang-im-damenstift.html,0.74180603
http://mirko365.blogspot.com/2008/12,0.74150205
http://dasbiber.at/content/sex-im-islam-und-die-sure-der-leidenschaft?page=1,0.7413681
http://www.jobs-detmold.de/stellenanzeigen/kindergarten-detmold,0.7413482
http://mystikaktuell.wordpress.com/2020/09/20/warum-nicht-den-armen-geben,0.7413467
http://roverklubben.se/news/177,0.7411003
http://cubusregio.com/2015/06/11/fischland-dars-zingst,0.7408434
http://www.vwi.ac.at/index.php/veranstaltungen-a/icalrepeat.detail/2020/11/06/325/-/abgesagt-nach-den-nazis-film-foto-geschichtspolitik,0.7406745
http://www.ralfiwan.com/aktuelles/category/sportentwicklung,0.7406651
http://www.plz-suchmaschine.de/PLZ-Postleitzahl_poid_58167_plz_24105_city_Kiel%20Bl%C3%BCcherplatz.php,0.74060786
http://www.napnieuws.nl/2010/01/20/uitspraken-telleman-d66-in-strijd-met-partijprogramma,0.73980427
http://amdara.ch/shop/baby-kids/kindernecessaire-3-in-1,0.73969996
http://info.umkc.edu/dfam/411011-1-1,0.7393976
http://wortvogel.de/2013/01/der-zunehmend-abnehmende-wortvogel-12,0.7393428
http://www.headbanker.de/auf-melaten-1,0.73926556
http://www.viermalvier.de/ubbthreads.php?Number=259169&ubb=showflat,0.73920965
http://susannehaun.com/2020/09/28/tagebucheintrag-01-09-2020-der-gehoernte-20-x-15-cm-tinte-und-buntstift-auf-silberburg-bu%CC%88ttenpapier-zeichnung-von-susanne-haun-c-vg-bild-kunst-bonn-2020,0.73899233
http://sommer-in-hamburg.de/stadtmagazin/tibet,0.73886216
http://www.750-jahre-rambach.de/galerie-detail.php?DOC_INST=27,0.73804444
http://isaswomo.de/silvester-ohne-feuerwerk-in-deutschland,0.73715645
http://www.kampen.de/essen-trinken/gastronomie/tappes-restaurant-im-walters-hof,0.7369265
http://www.post2015.admin.ch/countries/new-zealand/de/home/dienstleistungen/pass-id.html,0.7361057
http://de.mitrostudios.com/3d-film-erstellen,0.73608196
http://www.werstreamt.es/film/details/576141/ted-2,0.735618
http://bodenwertsteuer.org/2014/11/12/rohstoffabbau-mondlandschaft-in-der-eifel,0.7354168
http://www.allesausseraas.de/samstag-10-10-2015,0.73515916
http://majorneryz.com/tag/betablocker,0.7351427
http://chemie-schule.de/KnowHow/Miniplant-Technik,0.73477393
http://travelinspired.de/jasper-nationalpark-kanada,0.73395324
http://www.artistbooks.de/suchen/suche-volltext.php?VOLLTEXT=Heinrich+Hoffmann,0.7331831
http://karton-billiger.de/Panzertape-1-farbig-bedruckt-50mm-x-50m,0.7328272
http://ortografia4.appspot.com/wiki/Eerste_klasse_(1906/1907),0.73242277
http://trittenheim.wordpress.com/2020/10/30/plausch-mit-frau-nettesheim-magical-mystery-tour,0.7317662
http://ham.bibliotheek.be/catalogus/marjon-hoffman/mamma-mia-maffia-het-zal-je-familia-maar-wezen/boek/library-marc-vlacc_8969178,0.7317443
http://lepenseur-lepenseur.blogspot.com/2018/06/pobelei-ii.html,0.7307357
http://www.volleyballer.de/dirk-westphal_spieler_75.html,0.7301763
http://thewiedmannbible.com/de/tag/die-wiedmann-bibel-on-tour,0.730152
http://baard.info/bericht-op-facebook,0.73008263
http://www.einschoeneslachen.de/permanente-retainer,0.7300736
http://www.ingeleest.nl/category/nieuwe-boeken,0.72984874
http://susannehaun.com/2020/12/26/endlich-die-ersten-100-exemplare-meiner-werkschau-sind-eingetroffen-susanne-haun,0.7296417
http://crossfedtministeriet.dk/tag/genoptraening,0.72940683
http://filmwoordenboek.nl/woorden/Brute,0.72881234
http://wuerzburgwiki.de/wiki/Bernd_Huber,0.72880954
http://www.sorenoman.se/offentlig-utredning?utredningsperson=Jessica+Wetterling,0.7278526
http://www.ehealth-podcast.de/tag/order-entry,0.72749007
http://www.tsjechie.net/forum/threads/nederland-in-het-tsjechische-nieuws.30965/page-6,0.72685707
http://satiresenf.de/tag/django-asuel,0.72682863
http://snl.no/Konnerud,0.72656333
http://www.nederland-in-beeld.nl/Zuid-Holland/Rotterdam/Lyonstraat.html,0.7261194
http://digibus.ub.uni-stuttgart.de/viewer/object/1544108690212/27,0.7261082
http://www.dboverijssel.nl/archieven/11885,0.72553074
http://reime.woxikon.de/ger/kanalarbeiter.php,0.7254095
http://www.feuerwehr-laufen.de/feuerwehr,0.72526616
http://miss-booleana.de/2016/11/15/netzgefluester-frauen-der-informatik-xi-constanze-kurz,0.72430456
http://netzpolitik.org/2010/tatort-internet-erster-tater-geoutet?replytocom=397117,0.7239537
http://www.granudden.info/Album/2011/07/2011-07-25/slides/IMG_0029.html,0.7238822
http://plaatsengids.nl/nuland,0.7238693
http://www.blues-in-lehrte.de/index.php/rueckblick/spielplaene/142-spielplan-6-september-2014,0.72386014
http://saxophonistisches.de/tag/cannonball,0.72362053
http://marjorie-wiki.de/wiki/PlusForta_GmbH,0.723307
http://kringeltours.de/kurz-und-schnuppertouren,0.7221111
http://willizblog.de?p=5499,0.72205675
http://sebesta-seklit.net/tag/wien,0.7216028
http://kuckucksvater.wordpress.com/category/lander/usa/arkansas,0.7206867
http://minkorrekt.de/minkorrekt-folge-84-nobelpreissonderfolge-2016?replytocom=34687,0.7204648
http://bestatterweblog.de/page/1100,0.72027713
http://kindimmittelpunkt.de/jugendamt/alle-jugendaemter-liste/jugendamt-norderstedt,0.7202721
http://blog.keesmeijs.nl/archives/tag/kerst,0.7201997
http://international-debat.dk/der-holdes-oje-med-det-offentlige,0.7200775
http://taz.de/Politologe-ueber-Toetung-Soleimanis/!5650217,0.71948797
http://autonatives.de/ueberraschung-beim-youngtimer-vestival-in-herten-saporoshez-auf-dem-roten-teppich.html,0.7185942
http://www.de-ebooks.org/2019/04/herman-schmid-ledige-kinder.html,0.71837467
http://fussballimfreetv.de/live/1.fc_rielasingen-arlen.html,0.7169577
http://minzawillsommer.de/vier-pfoten,0.71694136
http://blog.phan.pro/2017/09/der-eurovision-song-contest-2016-ein-spiegel-fuer-die-deutsche-gesellschaft,0.71681905
http://www.runenikolaisen.com/tag/h%C3%B8yre,0.71681404
http://www.document.dk/2017/08/04/reven-hoensegaarden-1860,0.7163624
http://bibliotheek.be/fr/catalogue/franz-schubert/nachtgesang-im-walde/cd/library-marc-vlacc_10008295,0.7163178
http://encyklopedia.biolog.pl/index.php?haslo=Daimler-Benz,0.71615046
http://club49-berlin.blogspot.com/2009/10,0.71602154
http://watch-wiki.org/index.php?title=Regulator,0.7160116
http://www.kfilmu.net/osobnost/thomas-kretschmann,0.71596634
http://archivalia.hypotheses.org/date/2011/11/05,0.7158435
http://www.alflarsen.org/2010/03/alf-larsen-og-antisemittismen-en-kort.html,0.7158153
http://www.duesseldorf-blog.de/tag/guerilla-mobile-berlin-gmbh,0.7158017
http://wanderwege-trier.de/2016/05/31/busental-und-markusberg,0.71485305
http://www.paartherapie-in-frankfurt.de/psychotherapie-bad-homburg,0.714579
http://www.franken-sind-keine-baiern.de/category/frankenseite,0.7138708
http://www.nederland-in-beeld.nl/Zuid-Holland/Rotterdam/Gashouderstraat.html,0.71369034
http://wandere.net/station.php?station=4024,0.7135761
http://digital.zbmed.de/wunschdigi/content/titleinfo/5023891,0.7134292
http://bernhardjenny.blog/2011/10/18/statement-von-tom-stadlauer-und-meine-antwort?_wpnonce=dc7007815e&like_comment=1421,0.71309054
http://blog.neunmalsechs.de/tag/exstiction-rebellion,0.7129166
http://www.zzzzz.de/lexikon/h/he/hermann_von_barth.html,0.712891
http://norskeforhold.bloggnorge.com/tag/rettssak,0.71255666
http://www.architektur-glas.de/ueber-uns/47-glas-was-ist-das-eigentlich-.html,0.7123537
http://pension-schnorbus-winterberg.de/de/start,0.71228087
http://www.innolytics.de/trendanalyse,0.711256
http://weheklag.wordpress.com/2015/08,0.7109866
http://www.werstreamt.es/film/details/13528/young-victoria,0.71090317
http://www.carlbring.se/ny-doktorand-valkommen-david-forsstrom,0.71060693
http://agora.sub.uni-hamburg.de/subhh-adress/digbib/tree?did=c1%3A988528&p=2919&sdid=c1%3A991077,0.7103535
http://de.interglot.com/W%C3%B6rterbuch/de/fr/%C3%BCbersetze/schl%C3%BCpfrig?l=fr%7Cde,0.7101226
http://amsterdam.sp.nl/nieuws/2006/02/sp-neemt-deel-aan-lijsttrekkersdebat-in-noord,0.7100017
http://marjorie-wiki.de/wiki/Christian_Hofmann,0.7097255
http://teampropell.blogspot.com/2019/09,0.7094232
http://digibus.ub.uni-stuttgart.de/viewer/object/1591708001224_128_1973/33/LOG_0014,0.7087158
http://de.wikwik.org/adalhelms,0.708567
http://www.schuetzenverein-quakenbrueck.de/schuetzenkoenige-2/schuetzenkoenige-von-1589-bis-1988,0.7084228
http://www.janmolenweg.nl/g/109855.html,0.70832396
http://hppsychotherapie.com/2019/08/17/krisenbewaeltigung,0.70819545
http://seitentrotter.ch/2015/11/16/ein-splatter-zu-conan-von-cimmerien,0.7078255
http://seitentrotter.ch/2013/10/09/dr-islands-insel,0.7078255
http://ligalive.net/leander-dendoncker,0.7077324
http://www.nonpop.de/nonpop/index.php?area=1&id=1251&p=articles&type=review,0.7075453
http://carlssonkarlsson.com/2014/10/13/lombok-2,0.70737755
http://tofflan.wordpress.com/tag/pingpong,0.7072792
http://www.uni-erfurt.de/erziehungswissenschaftliche-fakultaet/fakultaet/lern-und-bildungsraeume/hochschullernwerkstatt/lernwerkstatt/null-bock-auf-stures-bueffeln,0.7068193
http://geburtstagsfreunde.de/1900/09/17,0.7062081
http://blog.max-fun.de/2013/07/22/odenbacher-ansichten-2,0.7052671
http://www.astridessed.nl/wilders-en-hitlervergelijking-griezelig-juist,0.70508003
http://balatoni-nyar.hu/de/category/hirek/kultur,0.7045245
http://digital.sulb.uni-saarland.de/viewer/!image/1655682830/3/-,0.7042514
http://www.koelnerwasser.de?page_id=71,0.7041006
http://wg-elbtal.de/index.php?BIPID=6a1fb0099b07b4f67d36115b62d1c80f&funktion=tags&id=12113&modus=search,0.7035252
http://susannehaun.com/17-selbstbildnisstagebuch-31-08-18-10-2020-zeichnung-von-susanne-haun-c-vg-bild-kunst-bonn-2020,0.7034877
http://clausstille.blog/tag/bernard-henry-levy,0.70299935
http://www.schattenbewahrer.ch?paged=3,0.70290464
http://www.boxen.de/news/wegner-ruegt-abraham-1776,0.7025788
http://bertdeben.blogspot.com/2016/11/een-wereldreis-door-mijn-gedachten-han.html,0.70222795
http://www.schlager.de/news/2021/01/27/maite-kelly-ihre-fans-sind-enttaeuscht,0.7020772
http://radiofabrik.at/news/hoerenswert-rykarda-parasol-the-colour-of-destruction,0.70197296
http://www.flexpertise.nl/detachering,0.7016427
http://www.granudden.info/Album/2011/06/2011-06-06/slides/IMG_0086.html,0.70131344
http://www.sammelbild.info/2017/07,0.7009028
http://www.affordance.nl/tag/spelen-met-affordance,0.70005023
http://www.ekoconsult.at/2020/08/21/optimierung-optimal-oder-innovationshemmer,0.6999365
http://kotzboy.com?p=7287,0.69904286
http://www.omroeptilburg.nl/cultuur/theaters-tilburg-en-poppodium-013-behouden-namen-voor-tilburg,0.69902384
http://weltzeit4u.com/Staedte/alle.php?c=Bayern&city=Buchdorf&country=&k1=4878&k2=1083&r=donau-ries,0.6978267
http://www.findyournose.com/produkte/grusskarten-zuhause,0.6978103
http://www.knmi.nl/over-het-knmi/nieuws/broeikasgassen-nemen-versneld-toe,0.6976408
http://kubieziel.de/blog/archives/340-Herr-Gates-und-seine-Vorhersagen.html,0.6970204
http://www.lfvh.net/girls-day?lang=de,0.6969665
http://snl.no/Sigurd_F%C3%A5vnesbane,0.69646764
http://freiesradio-nms.de/2017/deportationsforschung,0.6962107
http://www.parlaparla.it/autore/hermann-gring,0.6961247
http://sfblogg.zaramis.se/tag/katniss-everdeen,0.695467
http://emedien.arbeiterkammer.at/viewer/image/AC13784962/380/LOG_0053,0.6952573
http://too-much.info/2014/07/10/guten-morgen-911,0.69382447
http://bersarin.wordpress.com/2018/04/03/menschen-in-der-revolte-burn-warehouse-burn,0.69365895
"http://www.busfreunde.de/read.php?1,960183,960244,quote=1",0.693255
http://buga2029.blog/2020/02/17/zur-buga-2029-auf-dem-rhein-schwimmende-blumenhallen/aufdemrhein,0.69293517
http://sebesta-seklit.net/2018/07/09/neuzugaenge-44-bibliotheca-universitas-phantastica,0.69184583
http://www.sipp.swiss/de/blog-artikel?page=7,0.6918011
http://www.releases.kuk-art.com/de/kuenstler/alan-buribayev,0.6897733
http://www.radioswissclassic.ch/de/musikdatenbank/musiker/97612191962cf535282f423e61064a27bf02c/biography,0.6897469
http://www.pixlpop.de/pearl-the-puppets-kisses,0.68971896
http://janeausten.co.uk/de/blogs/arts-and-entertainments/egyptian-hall,0.6889014
http://www.smartphonepiloten.de/anbieter/tarifhaus-test-erfahrungen,0.68873054
http://gothanjou.blog/2018/10/17/frie%EF%BB%BFdrich-august-herzog-von-oldenburg%EF%BB%BF%EF%BB%BF-1952-2018,0.6880817
http://www.nederland-in-beeld.nl/Noord-Holland/Westzaan.html,0.6847048
http://www.geschiedkundigekringboz.nl/waterschans-2020-iv,0.6847044
http://www.mullewapp.de?cHash=c071f50022e7806229876a609dfac800&tx_web2pdf_pi1%5Baction%5D=&tx_web2pdf_pi1%5Bargument%5D=printPage&tx_web2pdf_pi1%5Bcontroller%5D=Pdf,0.68322974
http://norbert.schepers.info/2008/02/am-16-mai-2008-kommt-der-frhling.html,0.68318987
http://bambuslexikon.at/schaedlinge-und-krankheiten.html,0.6818861
http://scienceblogs.de/zoonpolitikon/2012/05/30/buchbesprechung-ali-h-soufan-the-black-banners,0.6809215
http://evenementennuth.nl/bubuki-buranki-proxer,0.6793011
http://buga2029.blog/jochen_sandner-2,0.6791468
http://www.brakaffebryggare.se/skumma-mjolk-videos-med-tips,0.679051
http://statikerberlin.de/tragwerksplanung-berlin/tragwerksplanung-stahlbau,0.6777723
http://ru.funnygerman.com/2012/06/eine-glucklickliche-familie.html,0.6772838
http://seppelpower.de/sparen/geld-clever-anlegen-und-zinsen-kassieren,0.6769465
http://amsterdam.sp.nl/nieuws/2008/05/sloop-200-huizen-extra-in-nieuwendam-noord-onacceptabel,0.6768118
http://www.globuliwelt.de/tag/unabhangig,0.67621976
http://lekkerhapje.nl/2004/07/11/pasta-alla-norma,0.67552316
http://eycup.eu/archiv/2009/bremen/videos,0.67549837
http://the.greedy.moneymonarchy.international/kapitel/k2-alternatives/optimismus-des-willens,0.6752736
http://filmnoerden.dk/2011/06/paul-2011.html,0.6749139
http://corpora.uni-leipzig.de/es?corpusId=deu_newscrawl-hyphen_2011,0.67424035
http://jackers2cents.de/category/musik/rap-hip-hop/southern-rap,0.6742306
http://www.kartenquiz.de/details?height=400&l=283&width=600,0.6730821
"http://www.guteinfo.com?"">Midsommardagen</span>=&avd=5000&eid=0&erub=%3Cspan+style%3D%22color%3Ared&oid=0&x=2021-01-19&y=2021-02-02",0.6723982
http://www.slow-media.net/digitale-kluft,0.6723942
http://natur-und-kultur.de/countries/country.asp?id=%7B80A37FA4-4A13-4CBD-A462-859820947B71%7D,0.671645
http://geburtstagsfreunde.de/1918/11/22,0.6681911
http://www.releases.kuk-art.com/de/album/kuk74,0.66781104
http://joerg-baltes.de/category/trickfilm,0.66751266
http://anadventurefamily.com/2017/11/13/die-wunderbare-welt-des-oetztals,0.66742915
http://werckmeister.eus/eu/portfolio-item/imvg,0.66615283
http://www.afd-archiv-bodenseekreis.de/2019/03/08/agnieszka-brugger-gruene-fuer-feministische-aussenpolitik,0.66528505
http://britishnewsflashmagazine.org/2018/10/03,0.66491693
http://miss-booleana.de/2015/01/23/person-of-interest-staffel-3-review,0.6648583
http://www.kultur-channel.at/kfj-kaiser-franz-joseph-das-musical,0.66403854
http://myvolk.co.za/siener-van-rensburg.php,0.6592991
http://alexandrabader.wordpress.com/tag/konstantin-wecker,0.6582114
http://www.geuzenpartij.nl?p=6797,0.6557889
http://eco.nomie.nl/2011/02/output-gap,0.6541934
http://dzx2.net/2012/09/10/tagezeitung-taz-kolumne-spiele-und-terror-besuch-beim-israelischen-haus-the-games-and-terror-visiting-the-israeli-house,0.6540134
http://gps-odenwald.de/ebersberg.htm,0.65151644
http://www.rbkweb.no/forum/viewtopic.php?postdays=0&postorder=asc&start=25&t=6659,0.6497374
http://weinfuehrer.wein.plus/weinregion/slowenien?page=3,0.6482866
http://synyx.de/blog/code-gluse,0.64762557
http://wiki.wikirank.net/de/The_Revenant_%E2%80%93_Der_R%C3%BCckkehrer,0.6457082
http://ds.ub.uni-bielefeld.de/viewer/image/2317455_012/8,0.64550966
http://ulrichkasparick.blog,0.64422166
http://www.bremerhaven-marathon.de/ergebnisse,0.64371294
http://www.jobboerse-holstein.de/arbeitgeber/belfor-deutschland-gmbh--5390.html,0.6414226
http://www.sackstark.info/tag/umzug,0.63957286
http://minutesbefore.ch/2019/11/19/mbs022-haarstraehne,0.6393601
http://blog.kulturprodakschn.de/2021/02/15/neu-in-der-fastnachts-ausgabe-der,0.63905823
http://www.automativ.de/vw-beetle-r-concept-2012-id-6540.html,0.63843966
http://puwalski.pl/de/team-de/mariusz-michalczuk-rechtsberater,0.63408494
http://ds.ub.uni-bielefeld.de/viewer/image/1921215_022/81,0.63205975
http://flmr.me/tag/jodie-foster,0.63164407
http://ulrichkasparick.blog/category/climate-change,0.6302923
http://www.sanattanyansimalar.com/yazarlar/tuna-dagdelen/bach-yazilari-iii-bach-kantatlari-uzerine/2460,0.62879765
http://www.warnermusic.de/why-dont-we?page=0%2C0%2C0%2C4%2C0%2C0%2C0%2C0%2C0%2C0%2C6,0.62863755
http://les-enfants-du-cinoche.blog4ever.com/article-sans-titre-31,0.62857485
http://city-cam.nl/arnhem_willemsplein,0.62777436
http://www.strafrechtsblogger.de/4026/2014/10,0.62027055
http://www.luftlinie.org/Recklinghausen/Hannover,0.61699855
http://vodeville.se/hitta-film;med=Frank%20Rooney-593126,0.61525023
http://www.e-rara.ch/bau_1/content/titleinfo/18125874,0.6120478
http://www.classless.org/2009/08/28/wie-ich-bei-den-antideutschen-landete,0.6058742
http://www.mullewapp.de/sv.html?author=9&cHash=d98f53d0943705ea9b8f70798acc3cff&tx_web2pdf_pi1[action]=&tx_web2pdf_pi1[argument]=&tx_web2pdf_pi1[controller]=Pdf,0.6026047
http://blog.thomas-gatzemeier.de/die-galerie-der-neuen-monster-in-dresden,0.591815
http://ds.ub.uni-bielefeld.de/viewer/image/100968/770,0.5846859
http://www.doksite.de/de/personen/1611470-Don_Ellis,0.5608463
http://www.uriasposten.net/archives/104373,0.55572605
http://carlgustafsvingel.redviking.se/in-the-1940s-shadow-carl-gustaf-swings-sturm-und-gesang,0.55404294
