url,centroid_sim
http://mttp.rea.ru/jour/search/index?abstract=&authors=%22i.+a.+aidrous%22&coverage=&dateFromDay=&dateFromMonth=&dateFromYear=&dateToDay=&dateToMonth=&dateToYear=&discipline=&galleyFullText=&journalTitle=&query=&subject=%22%D0%B2%D0%BD%D0%B5%D1%88%D0%BD%D1%8F%D1%8F+%D1%82%D0%BE%D1%80%D0%B3%D0%BE%D0%B2%D0%BB%D1%8F%22&suppFiles=&title=&type=,0.90556943
http://mttp.rea.ru/jour/search/index?abstract=&authors=%22j.+zhang%22&coverage=&dateFromDay=&dateFromMonth=&dateFromYear=&dateToDay=&dateToMonth=&dateToYear=&discipline=&galleyFullText=&journalTitle=&query=&subject=%22%D1%80%D0%BE%D1%81%D1%81%D0%B8%D1%8F%22&suppFiles=&title=&type=,0.90556943
http://smokof.ru/sigary/podarochnye-nabory-sigar,0.8995429
http://www.holmi.ru/forum/viewtopic.php?p=50815,0.89931536
http://kb.cnblogs.com/page/506016,0.89488286
http://smokof.ru/dostavka-oplata,0.89361054
http://m.kaloriabazis.hu/etel/turo_rudi_kcal/1515_0,0.8876822
http://gamefa.com/327139/%D9%87%D9%85%D8%B4%D9%87%D8%B1%DB%8C-%DA%A9%DB%8C%D9%86-%D9%87%D9%86%D8%B1-%D8%B3%D8%B1%DA%AF%D8%B1%D9%85%DB%8C%E2%80%8C%D9%87%D8%A7%D8%9B-%D8%AA%D8%A7%D8%B1%DB%8C%D8%AE%DA%86%D9%87,0.88627625
http://taptrip.jp/11468,0.8858889
http://trynext.com/review/page/b009gcqo6w.php,0.885464
http://servevery.com/2020/08/25/dzen,0.8853764
http://www.ovodarenstvi.cz/clanky/v-bustehradu-nechal-pozemkovy-urad-postavit-novy-rybnik,0.8850651
http://asylornek.kz?query=%D0%B6%D0%B5%D1%82%D0%B8%D0%BC+%D0%B6%D1%83%D1%80%D0%B5%D0%BA+%D0%B8%D0%BD%D0%B4%D0%B8%D0%B9%D1%81%D0%BA%D0%B8%D0%B9+%D1%81%D0%B5%D1%80%D0%B8%D0%B0%D0%BB+%D0%BD%D0%B0+%D1%80%D1%83%D1%81%D1%81%D0%BA%D0%BE%D0%BC+%D1%8F%D0%B7%D1%8B%D0%BA%D0%B5,0.8831862
http://www.nerwica.com/topic/6108-nerwica-a-borelioza,0.88220286
http://vibio-salon.com,0.88169086
http://infologiz.ru/tag/xakeru,0.878373
http://creepozoids.j3qq4.org/viewtopic.php?t=1962&view=previous,0.8777709
http://www.horvatia.info/forums.php?d=90&m=posts&q=1081,0.8774548
http://bela.bg/%D1%82%D0%BE%D0%BB%D1%82%D0%B5%D0%BA%D0%B8%D1%82%D0%B5,0.87646306
http://www.phorum.com.gr/viewtopic.php?f=42&t=29207&view=unread,0.8759015
http://accounting.fa.ru/jour/search/index?abstract=&authors=%22%D1%82%D0%B8%D1%85%D0%BE%D0%BD%D0%BE%D0%B2%D0%B0%2C+%D0%B0%D0%BD%D0%BD%D0%B0+%D0%B2%D0%B8%D1%82%D0%B0%D0%BB%D1%8C%D0%B5%D0%B2%D0%BD%D0%B0%22&coverage=&dateFromDay=&dateFromMonth=&dateFromYear=&dateToDay=&dateToMonth=&dateToYear=&discipline=&galleyFullText=&indexTerms=&orderBy=score&orderDir=desc&query=&searchJournal=1&subject=&suppFiles=&title=&type=,0.87334394
http://www.bonkureblog.com/entry/2019/06/13/083744,0.87298864
http://s-gas.com.ua/gbo-principles/statya-dlya-zhurnala-avto-i-servis,0.87094235
http://m.kaloriabazis.hu/etel/fott_barnarizs_kcal/2311_401,0.8705411
http://pasobo.blog79.fc2.com?charset=utf-8&q=%E3%83%A0%E3%82%AF%E3%83%AD%E3%82%B8,0.8687232
http://gate.lib.rus.ec/a/5843,0.86767644
http://ponett.seesaa.net/category/646128-1.html,0.8675941
http://techplus.kz/magazin/oborudovanie-dlya-fotoknig/fastbind-fotomount-f46e-detail,0.86734
http://www.dawnytczew.pl/forum/viewtopic.php?p=55039,0.8672353
http://www.ovodarenstvi.cz/clanky/mze-vypsalo-vyberove-rizeni-na-generalniho-reditele-povodi-labe,0.8671545
http://research.sinica.edu.tw/liao-james-metabolic-synthetic-biology-co2-obesity,0.86587274
http://wantedwanted.seesaa.net/article/479418294.html,0.8655828
http://www.nyf.hu/tfi,0.8649216
http://www.esfahanrubber.com/%D8%B1%D9%88%DA%A9%D8%B4-%D8%B3%DB%8C%D9%84%DB%8C%DA%A9%D9%88%D9%86-%D8%BA%D9%84%D8%B7%DA%A9,0.8637501
http://kovcheg.ucoz.ru/forum/109-2747-1,0.8633132
http://www.kentavar.net/2018/03/blog-post_256.html,0.8626939
http://animejoy.ru/anime-films/1202-ispolnitelnyy-komitet-priznaniy-v-lyubvi.html,0.8626081
http://starwars.fandom.com/ru/wiki/3642_%D0%94%D0%91%D0%AF,0.86189795
http://srad.jp/story/15/05/08/069212,0.8617998
http://blog.alexkrylov.ru/post126367024,0.8610823
http://orako.ir/%D8%AF%DB%8C%D9%88%D8%A7%D8%B1%D9%BE%D9%88%D8%B4-%D9%BE%D8%AE%D8%B4-%D8%B9%D9%85%D8%AF%D9%87,0.86038405
http://enc.lib.rus.ec/a/32781,0.85989106
http://www.sakeury.com/shiki-osakekaitori,0.8594016
http://ruspoodle.com/8065751.html,0.85833466
http://bantintaichinh24h.com/chung-khoan-chau-a-tiep-tuc-giam,0.85757095
http://kupikupon.kz?p=199,0.8557971
http://ar.health-tourism.com/melanoma-treatments/spain-c-barcelona,0.85572064
http://metior.ru/article/798-konspekt-uroka-agrotehnika-vyraschivanija-kartofelja.html,0.8555776
http://www.kolzchut.org.il/w/he/index.php?oldid=351434&title=%D7%94%D7%A0%D7%97%D7%94_%D7%91%D7%90%D7%A8%D7%A0%D7%95%D7%A0%D7%94_%D7%9C%D7%9E%D7%A9%D7%A4%D7%97%D7%94_%D7%A9%D7%9B%D7%95%D7%9C%D7%94,0.8553413
http://www.enkoplastics.com/bg/markets,0.85373807
http://naszeblogi.pl/comment/275058,0.853343
http://prioritet.ks.ua/category/texnika,0.85307133
http://sarov-school20.ru/main/457-pozdravlyaem.html,0.85300016
http://beye2.com/item_27526.html,0.85237837
http://vseocorgi.ru/accessory/luchshaya-sobachya-dver-dlya-korgi,0.85185826
http://www.kyyeusaigon.com/2017/12/kieu-toc-chup-anh-ky-yeu-cho-cac-ban-gai-dien-ao-dai-xinh-xan.html,0.85154307
http://b-jens.com/product/parmis-khayyam-electric-socket-switch-price,0.851103
http://terminal3.bg/koj-da-rezne-kabela-na-nacitata,0.8500384
http://www.thenewslens.com/tag/%E6%BF%80%E7%B4%A0,0.84936905
http://ecostorepapalagi.com/%EF%BD%8E%EF%BD%90%EF%BD%8F%E6%B3%95%E4%BA%BA%E6%B0%97%E5%80%99%E5%8D%B1%E6%A9%9F%E5%AF%BE%E7%AD%96%E3%83%8D%E3%83%83%E3%83%88%E3%83%AF%E3%83%BC%E3%82%AF,0.8470561
http://www.thenewslens.com/tag/%E5%AE%89%E5%BF%83%E5%87%BA%E8%A1%8C,0.84681904
http://wpedia.goo.ne.jp/wiki/%E7%A5%9E%E5%A5%88%E5%B7%9D%E7%9C%8C%E3%81%AE%E5%BB%83%E6%AD%A2%E5%B8%82%E7%94%BA%E6%9D%91%E4%B8%80%E8%A6%A7,0.8465235
http://jce-paysbasque.com/7320312.html,0.8464203
http://www.urduweb.org/mehfil/members/%D9%81%DB%81%D8%AF-%D8%A7%D8%B4%D8%B1%D9%81.13707?page=2,0.8463192
http://www.printwell.cz/toner-cartridge-barvy-naplne-zliv/bezdrevska-264-dtp11727,0.8462697
http://www.thenewslens.com/tag/%E8%8F%9C%E7%B3%BB/social/week,0.8461584
http://ria.ru/20201220/karabakh-1590092630.html?in=t,0.84589726
http://bsd.neuroinf.jp/wiki/%E3%82%B9%E3%83%91%E3%82%A4%E3%83%B3,0.8453635
http://fenixclub.com/index.php?showtopic=82758,0.84480494
http://yadak360.ir/product/%D9%88%D8%A7%D8%B4%D8%B1-%DA%A9%D8%A7%D9%85%D9%84-%DA%A9%DB%8C%D8%A7-%D8%A7%D9%BE%DB%8C%D8%B1%D9%88%D8%B3,0.84474134
http://cardouga.blog51.fc2.com/blog-entry-541.html,0.8444434
http://www.p1000.co.il/sales/saledetails.aspx?productid=378828,0.84415853
http://bk.tw.lvfukeji.com/baike-%E7%88%9B%E7%95%AA%E8%8C%84,0.84362686
http://diplomlib.ru/work/17,0.8434787
http://ria.ru/20180915/1528623091.html?in=t,0.84329355
http://hananokotoba.com/t0812,0.8430633
http://ttc.kiev.ua/rashodnye-materialy/etiketka-metallizirovannaya-40h25mm-poliester-matovoe-serebr-1,0.8430319
http://www.epidemvac.ru/jour/article/view/255,0.84136117
http://www.thenewslens.com/tag/%E5%A9%A6%E5%A5%B3%E6%96%B0%E7%9F%A5%E5%9F%BA%E9%87%91%E6%9C%83/social/lastYear,0.8412839
http://tentema.blog.jp/tag/%E3%83%98%E3%83%93%E3%82%A4%E3%83%81%E3%82%B4,0.8408156
http://www.herzliyachessclub.com/modules.php?file=viewtopic&name=Forums&t=2259&view=next,0.840371
http://hk.search.yahoo.com/mobile/s?_intl=hk&_lang=zh-hant-tw&_sep=fp&_tsrc=yahoo&ei=UTF-8&p=%E9%A6%99%E6%B8%AF&vs=www.gotokyo.org&vst=0,0.8398663
http://expertvnsk.ru/obekty-jekspertizy,0.8390907
http://forum.xumuk.ru/topic/288875-%D1%8D%D0%BB%D0%B5%D0%BC%D0%B5%D0%BD%D1%82-%D0%B8%D0%BB%D0%B8-%D0%BF%D1%80%D0%BE%D1%81%D1%82%D0%BE%D0%B5-%D0%B2%D0%B5%D1%89%D0%B5%D1%81%D1%82%D0%B2%D0%BE,0.8390002
http://bela.bg/%D0%BD%D0%B5-%D0%B1%D1%8A%D1%80%D0%B7%D0%BE-%D0%BD%D0%B5-%D0%BC%D0%BD%D0%BE%D0%B3%D0%BE-%D0%BD%D0%B5-%D0%B2%D1%81%D0%B8%D1%87%D0%BA%D0%BE,0.8384079
http://www.hib.ru/rejting-neudachnikov-za-nedelyu-30-v-2018-godu,0.8382908
http://isogami.ir/shopping-online-isogam,0.83819675
http://www.fifa55gold.com/%E0%B8%82%E0%B9%88%E0%B8%B2%E0%B8%A7%E0%B8%81%E0%B8%B5%E0%B8%AC%E0%B8%B2%E0%B8%9F%E0%B8%B8%E0%B8%95%E0%B8%9A%E0%B8%AD%E0%B8%A5%E0%B8%A7%E0%B8%B1%E0%B8%99%E0%B8%99%E0%B8%B5%E0%B9%89-%E0%B8%99-12,0.83792126
http://cal.syoboi.jp/tid/4797,0.8370629
http://www.hira2.jp/open/xiang-20181211.html,0.8370557
http://unqa.store/terms,0.8365967
http://p360130.pixnet.net/blog/post/19499206-%E8%AA%8D%E8%AD%98%E6%8C%87%E6%8F%AE%E5%AE%B6%E7%9A%84%E9%A2%A8%E9%87%87(171)-emiliano-patarra-%E5%9F%83%E7%B1%B3%E5%88%A9%E4%BA%9E,0.83641404
http://isranthro.org/2020news/%D7%A7%D7%95%D7%9C-%D7%A7%D7%95%D7%A8%D7%90-%D7%9C%D7%9B%D7%A0%D7%A1-iuaes2020-%D7%90%D7%95%D7%A7%D7%98%D7%95%D7%91%D7%A8-%D7%A7%D7%A8%D7%95%D7%90%D7%98%D7%99%D7%94,0.8362753
http://www.thenewslens.com/tag/%E8%A3%BD%E9%80%A0,0.83583856
http://zelenypodokonnik.ru/gorechavkovye/1574-ekzakum,0.8358034
http://sandiiswahyudi.com/jual-alquran-terjemah-tilawah-cover-sesuai-permintaan-diskon-besar-durian-ii-barangin-sawah-lunto-salimpaung-tanah-datarsupayang-salimpaung-tanah-datartabek-patah-salimpaung-tanah-dataraie-ang,0.83575964
http://www.thenewslens.com/tag/%E5%94%90%E4%BA%BA%E8%A1%97,0.83554864
http://eplus.jp/sf/word/0000001903,0.8350699
http://vlasisarfarablogspot.blogspot.com/2015/10/2015.html,0.83461034
http://gookind.ru/smotret-besplatniy-online/filmy/ujasi,0.8344191
http://rus.ozodlik.org/a/28862884.html,0.8341036
http://www.teleborsa.it/News/2021/02/22/milleproroghe-ok-delle-commissioni-oggi-il-testo-in-aula-alla-camera-17.html,0.83405757
http://artworks-inter.net/2018/07/27/%E4%B8%96%E7%95%8C%E6%9C%80%E5%8F%A4%E7%B4%9A%E3%81%AE%E5%9C%9F%E5%99%A8%E3%81%8C%E9%95%B7%E5%B4%8E%E3%81%8B%E3%82%89%E7%99%BA%E6%8E%98%E3%81%95%E3%82%8C%E3%81%A6%E3%81%84%E3%82%8B%E3%80%80%E7%A6%8F,0.83334935
http://minosegirongyszonyeg.com/v1509,0.8329037
http://cal.syoboi.jp/tid/2011,0.8322356
http://www.njvng.com/2015/10/touring-texas-fort-griffin-doc-holliday.html?showComment=1445832182382,0.8319925
http://nachalka.com/taxonomy/term/2462?page=5,0.83196324
http://vaski.finna.fi/Search/Results?lookfor=Unho%2C+Ilmari&type=Author,0.83127666
http://lisana.ir/%D9%85%D8%B9%D8%B1%D9%81%DB%8C-%DB%8C%DA%A9%DB%8C-%D8%A7%D8%B2-%D8%A8%D9%87%D8%AA%D8%B1%DB%8C%D9%86-%D8%B1%DA%98%DB%8C%D9%85%E2%80%8C%D9%87%D8%A7%DB%8C-%D9%84%D8%A7%D8%BA%D8%B1%DB%8C-%D8%AC%D9%87,0.83090186
http://timecity.ir/best-movies-of-jason-statham,0.83069927
http://hananokotoba.com/t0218,0.83039176
http://vakil-mashhad.com/%D9%88%DA%A9%DB%8C%D9%84-%D8%B4%D8%B1%DA%A9%D8%AA-%D9%87%D8%A7%DB%8C-%D8%AA%D8%AC%D8%A7%D8%B1%DB%8C-%D8%AF%D8%B1-%D9%85%D8%B4%D9%87%D8%AF,0.8295797
http://zstroy.store/Gas-holder-autonomous-gas-supply/gas-capacity,0.82858247
http://www.17-minute-languages.com/pl/nauka-majorka%C5%84skiego?id=JR90641,0.8281664
http://bbs.demonition.com/board/119,0.8281564
http://blog.i-mas.jp/category/game/game-cg/page/3,0.8276672
http://seascape.seesaa.net/article/234219468.html,0.8274604
http://cal.syoboi.jp/tid/3535/subtitle,0.8272426
http://bjs.city/vtoraja-opiumnaja-vojna-izmenivshaja-kitaj,0.82627726
http://conoscitestesso.ipself.it/forum/viewtopic.php?p=26659,0.8258002
http://bigread.slib.ru/lyubov-k-zhizni/khronika?vsig1_0=7&vsig1_3=6&vsig1_7=3,0.8254826
http://bigread.slib.ru/lyubov-k-zhizni/khronika?vsig1_0=10&vsig1_1=8&vsig1_2=1&vsig1_3=14&vsig1_7=3,0.8254826
http://forum.ugcc.org.ua/viewtopic.php?p=23755,0.8253814
http://www.pralineparadicsom.hu/2011/02/csokifalatok-izgalmas-feltetekkel.html?showComment=1297798607776,0.82526565
http://eload24.com/5166071.html,0.82522523
http://yororo.bulog.jp/topic/38350,0.8249432
http://www.enallaktikos.gr/Article/55420/skepseis-gia-ton-korwno%CF%8Ao-thn-diadosh-kai-tis-epiptwseis-toy,0.8245164
http://www.partkeresek.hu/tarskereso/telepules/kisleta,0.82393086
http://vaski.finna.fi/Search/Results?lookfor=Heyman%2C+David&type=Author,0.82380545
http://www.the-truths.com/2017/10/cobra-benjamin-fulford-goldfish-interview.html,0.8235421
http://www.naturfoto.cz/orel-morsky-fotografie-24014.html,0.8230097
http://m.36on.ru/magazine/province/95426-plenochnye-redkosti-voronezhets-sobral-kollektsiyu-iz-soten-vintazhnyh-fotoapparatov,0.82300484
http://votana-olympos.gr/product/%CE%B1%CE%BA%CE%AC%CE%B9-%CE%BC%CF%80%CE%AD%CF%81%CE%B9-%CF%83%CE%BA%CF%8C%CE%BD%CE%B7,0.822834
http://www.persian-music.org/tags/rbna,0.82255924
http://t-knit.or.jp/media/community-school-about,0.82232606
http://tranhgophongthuy.com/tranh-go-tay-ninh?add-to-cart=977,0.8219058
http://mediag.jp/foreign-movie/driving-missdaisy-douga,0.8215861
http://security.srad.jp/story/21/01/28/1656229,0.82136494
http://www.playpcesor.com/2016/02/super-mario-maker-wakkpaper.html,0.8211646
http://www.akb48matomemory.com/archives/1029604944.html,0.82103205
http://wpedia.goo.ne.jp/wiki/%E4%B8%AD%E8%A5%BF%E5%8A%9F,0.8210246
http://jdwiki.hkdyukkuri.space/wiki/syntax,0.8209348
http://www.cartongessofaidate.eu/shop/pialletto-angolare-in-acciaio-per-cartongesso,0.8207455
http://teh98.ir/%D8%AF%D8%A7%D9%86%D9%84%D9%88%D8%AF-%D8%A7%D9%86%DB%8C%D9%85%DB%8C%D8%B4%D9%86-%D8%B9%D9%85%D9%84%DB%8C%D8%A7%D8%AA-%D8%A2%D8%AC%DB%8C%D9%84%DB%8C-2-the-nut-job-2-2016,0.82025445
http://www.printwell.cz/toner-cartridge-barvy-naplne-kolin/antonina-dvoraka-1101-dtp9963,0.8198819
http://shuruqalshshams.com/cities/%D8%B4%D8%B1%D8%A8%D9%8A%D9%86,0.81970733
http://a.pr-cy.ru/www.gonghao.co,0.81940055
http://fallout.fandom.com/ru/wiki/%D0%9F%D0%BE%D0%BB%D0%B8%D1%82%D0%B5%D1%85%D0%BD%D0%B8%D1%87%D0%B5%D1%81%D0%BA%D0%B0%D1%8F_%D1%88%D0%BA%D0%BE%D0%BB%D0%B0_%D0%A6%D0%B5%D0%BD%D1%82%D1%80%D0%B0%D0%BB%D1%8C%D0%BD%D0%BE%D0%B3%D0%BE_%D0%91%D0%BE%D1%81%D1%82%D0%BE%D0%BD%D0%B0,0.818967
http://wpedia.goo.ne.jp/wiki/%E6%9E%9C%E8%82%89,0.818908
http://www.waldorf-school.org/2016_10_22_archive.html,0.81833935
http://forum.hari-katha.org/index.php?mode=threaded&s=6662f3bdd9e9b0c997c9d3bf9fc716c1&showtopic=16416,0.81750953
http://imas-db.jp/song/creator/224.html,0.81734324
http://www.partkeresek.hu/tarskereso/telepules/gyorasszonyfa,0.81662333
http://naceka-online.ru/comments/by_user_AlexInsh,0.8165418
http://fnamp.gr?Gantz-10.pdf=,0.81624293
http://offshoreview.eu/2019/01/27/pozhar-na-tankerah-chto-proizoshlo-v-kerchenskom-prolive-i-chem-vse-zakonchilos,0.81601393
http://wpedia.goo.ne.jp/wiki/%E5%8D%97%E5%8F%AC%E7%9C%8C,0.8159619
http://demarket.com.ua/uk-ua/produktsiya/%D1%81%D0%BF%D0%B8%D1%80%D1%82%D0%B8/11-produktsiia/atsetaty/12-metylatsetat.html,0.8157167
http://disney.estranky.cz/clanky/komiksy-online-4.html,0.81525207
http://www.top-antropos.com/history/21-century/item/145-samaja-krasivaja-negritjanka-oluchi-onweagba,0.8150665
http://www.thg.ru/forum/member.php?s=3334d566ca7deb13b15b09244a84f314&u=140305,0.81412494
http://sababaaba.wordpress.com/category/uncategorized,0.8140956
http://golden-irbis.ru/bilety-poezd/bilety-na-poezd-finlyandiya.html,0.81392133
http://cqlltkd.com/2012/06/15/readwriteweb-deathwatch,0.813871
http://vissel-fan.com/column/4118,0.81319535
http://ar.health-tourism.com/cervical-conisation/spain-c-torrevieja-alicante,0.81303865
http://mathematica.gr/forum/search.php?author_id=11610&sr=posts,0.813007
http://utajovobe.eu/hirek/varos-kozlekedes/8371-a-falu-ahol-mindenki-gazdag,0.81231517
http://www.tinami.com/keyword/valentinesday,0.81212044
http://cartoonblues.com/forum/viewtopic.php?p=103864,0.8119039
http://www.hapitoma.work/entry/2019/05/26/084240,0.81190217
http://www.youdict.com/tags/%E6%A0%91,0.8118273
http://blog.b92.net/text/27415/Slucaj-Natase-Jeremic,0.811726
http://flaneur.moscow/guide/29-neklessa-ne-ukrashenie,0.8116717
http://criemouscron.be?RessourcesCollecteesParLesAuteursDuLivre=,0.8115531
http://global.udn.com/global_vision/story/8663/5176672,0.8113141
http://www.teleborsa.it/News/2021/01/22/fos-informativa-su-azioni-proprie-115.html,0.8092036
http://www.naplnedotiskaren.cz/naplne-pro-tiskarnu-BROTHER-MFC%209330CDW.html,0.809162
http://medhouse-mc.com/index.php/endocrynologiya,0.8091548
http://wiki.rpgverse.ru/wiki/%D0%9E%D0%BB%D0%B8%D0%B4%D0%B0%D0%BC%D0%BC%D0%B0%D1%80%D0%B0,0.8087824
http://dictionnaire.sensagent.leparisien.fr/Arithm%C3%A9tique%20modulaire/fr-fr,0.80870634
http://spetz-market.ru/catalog/obshchestroitelnye_materialy/blok_khaus_el_sosna_sort_ab_6000_kh_135_kh_28_mm_4,0.8076396
http://niebezpiecznik.pl/post/zanim-wgrasz-wakacyjne-zdjecia-do-sieci,0.80757636
http://ria.ru/20201202/obman-1587266471.html?in=t,0.8073311
http://sarantakos.wordpress.com/category/%CE%B1%CE%BB%CF%86%CE%AC%CE%B2%CE%B7%CF%84%CE%BF,0.80624557
http://yamakyu-fukuya.co.jp/6978332.html,0.805991
http://namlimxanhthiennhien.com/huong-dan-cach-lam-sach-nam-lim-xanh-don-gian.html,0.8059187
http://z4y.pl/user/profile-107082,0.804877
http://wmmail.ru/index.php?bezo=0&cat=0&cf=otvet-viewallvopros&i_name=&i_search=1&p=15&subcat=0&type=50&uid=873,0.8046363
http://toyswhep.blog.jp/archives/14262852.html,0.8040625
http://ajaib.co.id/indikator-teknikal-saham-yang-paling-penting-bagi-pemula,0.8038558
http://ria.ru/20201223/kleveta-1590541469.html?utm_medium=desktop&utm_source=yxnews,0.8035505
http://www.jobsbeam.com/toan-thoi-gian/133201608150055286/be-group-nhan-vien-cskh-truc-tong-dai-quan-2.html,0.80307895
http://pr-park.com/today/8232,0.8029661
http://www.thg.ru/forum/showthread.php?goto=nextoldest&s=c8de56d50a6a3c7a2840fa1a17727a64&t=101774,0.80285716
http://rsport.ria.ru/20200820/1576022483.html,0.80239105
http://mopsjaslo.pl/2018/08/22/kursy-zawodowe,0.80238134
http://turk.expert/airports/airport-dalaman.html,0.8023625
http://alltorrents.net/viewtopic.php?t=102001,0.8021235
http://www.nikaria.gr/pages/%CE%A4%CE%BF%CF%80%CE%B9%CE%BA%CE%AE_%CE%91%CF%81%CF%87%CE%B9%CF%84%CE%B5%CE%BA%CF%84%CE%BF%CE%BD%CE%B9%CE%BA%CE%AE.html,0.801798
http://time.is/ar/Saint_Lucia,0.8017448
http://ensound.blog.fc2.com/blog-date-201604.html,0.8016472
http://www.pruvodkynenaceste.cz/ockovani-3-pred-cim-chranime-mmr,0.8015231
http://www.spletnik.ru/blogs/govoryat_chto/172928_astrologicheskie-novosti-na-vykhodnye,0.8012386
http://giacaphe.com/31018/xay-dung-thuong-hieu-ca-phe-buon-ma-thuot,0.80120766
http://naceka-online.ru/novosti-pchelovodstva/janvar-na-paseke.html,0.80072635
http://ssimas.blog.fc2.com?tag=%E3%82%8A%E3%81%A3%E3%81%A1%E3%82%83%E3%82%93,0.8004578
http://kramola.info/vesti/metody-genocida/sovetskij-jumor-byl-evrejskim,0.8000824
http://wiki.laic.workers.dev/wiki/Category:1053%E5%B9%B4%E5%87%BA%E7%94%9F,0.7987132
http://www2.hcmuaf.edu.vn/contents.php?ids=6662&n2=740&ur=hoangkim,0.79867077
http://www.jongsori.org/data/member/news/37.html,0.79856026
http://www.zmrzlina-zmrz.cz,0.79836535
http://www.infoq.com/jp/articles/architecture-trends-2019,0.7983489
http://timviec.com.vn/marketing-pr?utm_campaign=Organic&utm_medium=content&utm_source=timviecbaohiem,0.798197
http://psihiatr-narcolog.ru/narcolog-na-dom-mo,0.7979473
http://archiv.seredonline.sk/clanky/zbierka-plastovych-vrchnakov-pre-choreho-samka-zberne-miesto-je-zs-jfandlyho-v-seredi/index.html,0.79773
http://muta-bor.com/%D0%BF%D0%BE%D0%BB%D0%B5%D0%B7%D0%BD%D0%B0%D1%8F-%D0%B8%D0%BD%D1%84%D0%BE-%D0%BD%D0%B0-%D0%BA%D0%B0%D0%B6%D0%B4%D1%8B%D0%B9-%D0%B4%D0%B5%D0%BD%D1%8C-127,0.79762954
http://voshod-solnca.ru/moon/%D0%BF%D0%B0%D0%BB%D0%B5%D0%BD%D0%BA%D0%B5_(%D1%8D%D0%BA%D0%B2%D0%B0%D0%B4%D0%BE%D1%80),0.79728496
http://dacsanmientay.site/san-pham/kho-nhai-vu-nu-chan-dai-500gr-dac-san-mien-tay,0.7969475
http://pochinowa.sblo.jp/category/1655490-1.html,0.7968967
http://newsphere.jp/national/20181009-3,0.7968745
http://tabakos.ru/catalog-sigar/kofe/kubinskij-kofe/kubinskij-kofe-caracolillo/cafe-caracolillo-tradicional-460-gr,0.7965945
http://cal.syoboi.jp/tid/4794,0.7963479
http://ar.videotutorial.ro/inregistrare-apeluri-cu-acr-setari-optime-si-versiunea-unchained,0.79596794
http://www.sigap88.com/kpu-kabupaten-kediri-gelar-simulasi-nasional-pemilukada.html,0.7958499
http://qebres.ir/30-%D8%B3%D8%A7%D8%AE%D8%AA-%D9%88-%D8%B3%D8%A7%D8%B2-%D8%A7%D9%86%D9%88%D8%A7%D8%B9-%D9%85%D9%84%DA%A9-%D8%AF%D8%B1-%D9%82%D8%A8%D8%B1%D8%B3-%D9%88%DB%8C%D9%84%D8%A7%DB%8C-%D9%84%D8%A7%DA%A9%DA%86%D8%B1%DB%8C-%DA%A9%D8%AF-l08.html,0.7957216
http://hitchwiki.org/ru/%D0%9D%D0%B8%D0%B6%D0%BD%D0%B5%D0%B0%D0%BD%D0%B3%D0%B0%D1%80%D1%81%D0%BA,0.79570067
http://dictionnaire.sensagent.leparisien.fr/%E9%84%AD%E8%80%80%E5%AE%97/zh-zh,0.7952472
http://89698.red/unknown%EF%BC%88%E3%82%A2%E3%83%B3%E3%83%8E%E3%82%A6%E3%83%B3%EF%BC%89%E3%81%9D%E3%81%AE%E6%84%8F%E5%91%B3%E3%81%A8%E3%81%AF%EF%BC%9F%E6%B0%97%E3%81%AB%E3%81%AA%E3%82%8B%E8%8B%B1%E6%96%87%E3%83%BB,0.7951189
http://jpopgirls.com/artist/Risa_Hirako,0.7948526
http://japanese.simutrans.com/index.php?openfile=SmuTrns35.html&plugin=attach&refer=%A5%B9%A5%EC%A5%C3%A5%C9%A4%CE%A4%DE%A4%C8%A4%E1,0.7946764
http://www.upatras.gr/el/copyright,0.7945024
http://ria.ru/20181028/1531632969.html,0.7941017
http://historystack.com/event/3890-%D0%B0%D0%BD%D0%B3%D0%BB%D0%B8%D1%87%D0%B0%D0%BD%D0%B5_%D0%BD%D0%B0%D0%BD%D0%BE%D1%81%D1%8F%D1%82_%D0%BF%D0%BE%D1%80%D0%B0%D0%B6%D0%B5%D0%BD%D0%B8%D0%B5_%D1%88%D0%BE%D1%82%D0%BB%D0%B0%D0%BD%D0%B4%D1%86%D0%B0%D0%BC_%D0%B2_%D0%B1%D0%B8%D1%82%D0%B2%D0%B5_%D1%88%D1%82%D0%B0%D0%BD%D0%B4%D0%B0%D1%80%D1%82%D0%BE%D0%B2?lang=ru,0.7940397
http://namba.net/people/72629576-ellen-etten,0.7936847
http://soba.txt-nifty.com/zatudan/2009/08/post-f4ff.html,0.7933949
http://dict.crazyenglish.org/%E5%96%B7%E5%B8%A6---28a8211c,0.79333913
http://ritkanlathatotortenelem.blog.hu/2016/09/25/napi_erdekes_501?token=0d627d4fcaa11ee63f9fbbf39c1d41ec,0.7933037
http://kramola.info/vesti/protivostojanie/kak-rossiyane-reagiruyut-na-epidemiyu-istorii-oprosov?page=1,0.79298216
http://www.naplnedotiskaren.cz/naplne-pro-tiskarnu-BROTHER-MFC%201810.html,0.7919183
http://imas-db.jp/song/creator/195.html,0.7916949
http://infosemarang.co.id/jobs/loker-staff-hrd-di-pt-barnasujana-putra-februari-2021,0.7911929
http://www.doronamit.co.il/%D7%9E%D7%94-%D7%A2%D7%93%D7%99%D7%A3-%D7%97%D7%91%D7%A8%D7%94-%D7%90%D7%95-%D7%99%D7%95%D7%A2%D7%A5-%D7%A2%D7%A1%D7%A7%D7%99-%D7%A4%D7%A8%D7%98%D7%99,0.7911259
http://hocboivietnam.com/hoc-boi-cho-nguoi-lon-o-thu-dau-mot,0.79110485
http://rainbowalley.club/saransk,0.791009
http://yocheki.info/post-3977-3977,0.7895877
http://gathletics.com.ua/2016/08/12/rio_news_2,0.7891527
http://www.mmtmm.net/ent/key.cgi?word=%93%A1%93c%82%A2%82%EB%82%CD,0.78887886
http://www.watariyoichi.net/2018/09/08/review_journal016,0.7882863
http://z4y.pl/topic-88001,0.78779185
http://cinema.gamefa.com/1832/%D8%B4%D8%A7%D9%87%D8%AF-%D8%AA%D8%B5%D9%88%DB%8C%D8%B1%DB%8C-%D8%A7%D8%B2-%D8%B9%D9%88%D8%A7%D9%85%D9%84-%D9%81%DB%8C%D9%84%D9%85-fast-8-%D8%A8%D8%A7%D8%B4%DB%8C%D8%AF,0.7870982
http://cnm365.wordpress.com/category/chao-ngay-moi-28-thang-10,0.78709817
http://iranmehrmachine.com,0.7870009
http://vplace.vn/dich-vu/setup-hoi-truong-theo-chu-de.html,0.78696185
http://aqicn.org/city/poland/opolski/k-kozle/jp,0.7864877
http://www.adicare.cz/zavislosti/terapeuticky-program-kontrolovana-konzumace-alkoholu,0.78640616
http://realty.ria.ru/20150911/406114207.html,0.7862998
http://xoso5h.com/blog/mo-thay-mi-tom-la-diem-bao-xau,0.7862753
http://www.siamarcheep.com/%E0%B8%97%E0%B8%B8%E0%B9%80%E0%B8%A3%E0%B8%B5%E0%B8%A2%E0%B8%99%E0%B9%80%E0%B8%8A%E0%B8%B7%E0%B9%88%E0%B8%AD%E0%B8%A1-%E0%B8%A7%E0%B8%B4%E0%B8%98%E0%B8%B5%E0%B8%97%E0%B8%B3%E0%B8%97%E0%B8%B8%E0%B9%80%E0%B8%A3%E0%B8%B5%E0%B8%A2%E0%B8%99%E0%B9%80%E0%B8%8A%E0%B8%B7%E0%B9%88%E0%B8%AD%E0%B8%A1-%E0%B8%96%E0%B8%99%E0%B8%AD%E0%B8%A1%E0%B8%97%E0%B8%B8%E0%B9%80%E0%B8%A3%E0%B8%B5%E0%B8%A2%E0%B8%99.html,0.78619754
http://newspicks.com/news/5539546?ref=user_2006,0.7855661
http://bn.globalvoices.org/2013/10/05/39313,0.78544223
http://www.drogcge.by/e/97094-temperaturnyiy-rezhim-soblyudaem,0.7854421
http://www.komornik.pl?page_id=197,0.7853295
http://lingua.lnu.edu.ua/course/praktyka-druhoji-inozemnoji-movy-i-perekladu-nimetsko-ukrajinskyj-pereklad,0.78527725
http://hizauti.com/osaka-nap,0.7843547
http://cloudy-days.info/entry/2020/11/01/000100,0.78353024
http://www.azg.am/AM/2013032324,0.7833626
http://www.dobryslovnik.cz/anglictina?-acious=,0.78328586
http://php.ru/forum/members/marille.63415/trophies,0.7830473
http://cen.lib.rus.ec/comment/344356,0.78292555
http://www.xenotypetech.com/hukuoka18/miyamah.html,0.782715
http://z-tune.jp/blog-entry-74.html,0.7825595
http://www.lamparendeles.hu/1-ipari-iroda-uzlet-hotel-vilagitas/433-sinrendszeres-vilagitas,0.7818532
http://www.cucikarpet-jakarta.com/harga-cuci-sofa-rumah-kantor-pela-mampang-murah,0.781657
http://www.exploring-umbria.com/attivita/trekking-sui-monti-sibillini-tra-paesaggi-lunari,0.7815237
http://ortografia4.appspot.com/wiki/Reprezentacja_Ugandy_w_pi%C5%82ce_siatkowej_kobiet,0.78108937
http://gyorstolmacs.net/roman-tolmacs,0.7802724
http://m.traditio.wiki/%D0%94%D0%B8%D1%82%D1%80%D0%B8%D1%85_%D0%91%D0%BE%D0%BD%D1%85%D1%91%D1%84%D1%84%D0%B5%D1%80,0.7799343
http://www.teleborsa.it/News/2021/02/23/pesante-sul-mercato-di-new-york-discovery-311_TLB-1LINER.html,0.7797648
http://inosmi.ru/thisislondon_co_uk,0.7797492
http://auction.website-creator.ru/auction/31/376,0.77973855
http://russian.rt.com/russia/article/540969-ekranoplan-rossiya-orlan,0.77967286
http://dic.nicovideo.jp/b/a/115%E7%B3%BB/61-?from=look_pcver&v=pc,0.7791636
http://www.tokyodeasobo.com/archives/110,0.77913594
http://ria.ru/20180521/1520972964.html,0.77859485
http://freebg.eu/free-bulgaria-blog/koli-motori-avtomobili,0.77807486
http://shop.inpraise.cz/webkamery-2/c-tech-webkamera-cam-07hd--720p--cerna,0.77760303
http://gpsolar.vn/nang-luong-mat-troi.html,0.77692914
http://wolovehealth.com/breastfeeding-tool,0.7768434
http://forum.burek.com/tagged/4718869/jere,0.77684045
http://autosale.online.ua/uk/newauto/marka-renault/fuel-diztoplivo?page=1,0.7765293
http://vatangol.ir/product/albuca-spiralis?add_to_wishlist=14435&page=&post_type=product&product=albuca-spiralis,0.7765081
"http://forum.burek.com/index.php/topic,241010.0.html",0.7763339
http://krasnal.sklep.pl/ready2robot-boty-niespodzianka-mga-zestaw,0.776277
http://slo-tech.com/script/arhivnovice?arhivdo=22.04.2011&arhivod=22.04.2011,0.7762674
http://communalnews.com/ps/%D8%AF%D9%88%D9%87-%D9%85%D8%B4%D9%87%D9%88%D8%B1-%D9%86%D9%88%D9%8A-%D8%B3%D9%BC%D8%A7%DA%A9%D9%88%D9%86%D9%87-%D8%AE%D9%BE%D9%84-%D8%A2%DB%8C-%D9%BE%D9%88%D8%B3%D9%BC%D9%88%D9%86%D9%87-%DA%81%D9%86%DA%89%D9%88%D9%8A,0.7762124
http://s3blog.org/comment/otzyvy-i-predlozhenija.html?answer=3132,0.77599627
http://www.forum.theravada.ru/viewtopic.php?p=115645,0.7757096
http://wpedia.goo.ne.jp/wiki/Category:%E3%82%A4%E3%82%BF%E3%83%AA%E3%82%A2%E3%81%AE%E8%88%AA%E7%A9%BA%E4%BC%9A%E7%A4%BE,0.77529573
http://umpzjfm.asia/index.html,0.7752894
http://www.cougar.cz/pletove-serum-obohacene-o-enzym-proteinu,0.7751394
http://popaganda.gr/newstrack/stis-17-ianouariou-1940-vgeni-stis-othones-to-osa-perni-o-anemos,0.7743584
http://www.mirf.ru/news/scenarij-half-life-3,0.7742871
http://www.spletnik.ru/blogs/chto_chitaem/47384_nekotorye-zabavnye-kommenty-iz-izvestnogo-vsem-sayta,0.77376324
http://www.root.cz/clanky/vycistete-si-debian-pryc-s-nepotrebnymi-balicky-a-dalsim-neporadkem/nazory,0.77374464
http://www.jobtiger.bg/obiavi-za-rabota/quality-conusltant-220045-2,0.7733579
http://zapytajfizyka.fuw.edu.pl/pytania/dlaczego-na-wysokich-szczytach-niebo-jest-niebieskie-choc-jest-tam-mniej-powietrza,0.77322584
http://pl.unionpedia.org/Ryby,0.7731621
http://www.poriyut-guide.com/doctors/dr-kahane,0.7728978
http://wiki.leba.eu/start?do=media&image=turystyka%3Atrasa-11.jpg&ns=turystyka&tab_details=view&tab_files=files,0.7721993
http://boxnews.gr/%CE%BC%CF%8C%CF%81%CE%B9%CE%B1%CF%82-%CE%BC%CF%85%CF%84%CE%B9%CE%BB%CE%AE%CE%BD%CE%B7-%CE%BD%CE%B5%CE%BA%CF%81%CE%BF%CE%AF-%CE%BA%CE%B1%CE%B9-%CF%84%CF%81%CE%B1%CF%85%CE%BC%CE%B1%CF%84%CE%AF%CE%B5,0.7720908
http://sega.po-link.com/1826,0.7719914
http://vazduhoplovnetradicijesrbije.rs/index.php/clanak/393-ur-f-r-fun?layout=default&page=&print=1&tmpl=component,0.77155125
http://www.stroyteh.ru/wiki/NANTE,0.7715151
http://dep21.com/da-sau-mun-nen-cham-soc-nhu-the-nao-cho-dung,0.7714734
http://sakanaclub.xsrv.jp/player.php?bcmin=1&between_d=all&bsort=&bsort2=0&circle=sakana&circletab=1&d=29&id=%E3%81%93%E3%81%8C&id2=%E3%81%93%E3%81%8C&lang=ja&lout=1l2&m=11&mode=status2&show=b&show2=member&t=pc&y=2011,0.77011764
http://hongnganmedia.com/dich-vu-live-stream-facebook-youtube-chuyen-nghiep-tai-da-nang,0.7699082
http://www.extreme-bg.com/izsushitel-za-obuvki-alpenheat-circulation-ad10,0.7698951
http://forum.protestanci.info/viewtopic.php?f=15&p=560658&t=17953,0.76936525
http://phantom-knowledge.com/archives/tag/pts,0.7689952
http://www.cosmo.ru/stars/biography/MONATIK,0.7680941
http://www.kempor.com/2013/02/permainan-tradisional-tenggelam-menyelam.html?m=0&showComment=1360896307511,0.76782966
http://faraz121.com/%D8%AE%D8%B1%DB%8C%D8%AF-%DA%AF%D9%86%D8%AC-%DB%8C%D8%A7%D8%A8,0.7677087
http://w-kawara.jp/making-efficient/method-of-information-gathering,0.7670534
http://dic.nicovideo.jp/b/a/%E3%83%8D%E3%82%A4%E3%83%86%E3%82%A3%E3%82%AA/121-,0.76568216
http://fallout.fandom.com/ru/wiki/%D0%95%D0%B2%D1%80%D0%BE%D0%BF%D0%B5%D0%B9%D1%81%D0%BA%D0%BE%D0%B5_%D1%81%D0%BE%D0%B4%D1%80%D1%83%D0%B6%D0%B5%D1%81%D1%82%D0%B2%D0%BE,0.76504755
http://seesaawiki.jp/harmony-gold_japan/d/%A5%D0%A5%EB%A5%AD%A5%EA%A1%BC%A1%CAVF-2%20Jotun%20%A5%B7%A5%EA%A1%BC%A5%BA%A1%CB,0.76503175
"http://vseokino.ru/index.php/%D0%9F%D1%80%D0%B8%D0%BA%D0%BB%D1%8E%D1%87%D0%B5%D0%BD%D0%B8%D0%B5_%D0%A2%D0%B0%D1%80%D0%B7%D0%B0%D0%BD%D0%B0_%D0%B2_%D0%9D%D1%8C%D1%8E-%D0%99%D0%BE%D1%80%D0%BA%D0%B5_(%D1%84%D0%B8%D0%BB%D1%8C%D0%BC,_1942)",0.76472354
http://www.poiskotel.ru/ivanovo/taxi.html,0.764498
http://ru.globalvoices.org/2020/09/30/98492,0.76394975
http://voshod-solnca.ru/difference/%D0%BE%D1%85%D0%BE%D1%81,0.7638782
http://gutserievmedia.ru/events/1518/attachment/12-1,0.76371336
http://www.blemilo.com/2011/01/blog-post_23.html?showComment=1295818754283,0.7632913
http://easytorich.com/senior-social-worker-experience,0.7629939
http://eugene.kaspersky.ru/2019/11/26/vyshe-kryshi-mira-polyot-nad-tibetom,0.7627234
http://chronica-note.com/forums/topic/%E3%80%90%E6%9C%AC%E5%AE%B6or%E6%A1%83%E3%81%A0%E3%82%8D%E3%81%86%EF%BC%9F%E3%81%A8%E3%81%8B%E3%80%91%E6%9B%B4%E6%96%B0%E3%81%A7%E3%81%99%EF%BE%9F%E2%88%80%EF%BE%9F%E3%80%80%E3%83%88%E3%83%94?_wpnonce=e593201588&bbp_reply_to=4496,0.76235884
http://sakkatsu.com/notpubcontest/detail/210/1992,0.7620966
http://www.e-vima.gr/social-profile/zoa/diaswsh-delfiniou-kavala,0.7616841
http://furigana.info/u/%E3%82%B8%E3%83%A7%E3%83%B3%E3%83%BB%E3%83%9F%E3%83%AB%E3%83%88%E3%83%B3,0.7616141
http://www.babymetal-darake.com/entry/2018/05/16/014941/13801,0.7615415
http://ria.ru/20210123/partii-1594273129.html,0.76067597
http://rp-wow.ru/events/13061.html,0.7605096
http://wpedia.goo.ne.jp/wiki/V-STATION,0.76050067
http://cpdho.go.th/index.php/2013-10-14-03-30-48/165-ita/1039-ita,0.76043403
http://autorama.co.uk/8040362.html,0.76043236
http://spuspu.jp/100yen-tablet-woodstand,0.75965834
http://monarchism.blog.bg?day=28&month=8-10,0.7595988
http://aazarsat.ir/forums/1768-%D8%A7%DB%8C%D8%B3%D8%AA%D8%A7%D8%B1-istar-A900?s=ce1e79459f9ee884f50ecc65704b6939,0.75948954
http://rus.ozodlik.org/a/27485432.html,0.7594221
http://dictionnaire.sensagent.leparisien.fr/Kognitiv/sv-sv,0.7591765
http://gamin.me/games?filter=1&genre[]=24,0.7591559
http://www.lugpol.pl/forum/viewtopic.php?t=31369,0.7591279
http://dekanekonews.blog.jp/archives/5505997.html,0.75908476
http://archeus.ro/lingvistica/CautareDex?query=%C4%82,0.7588477
http://www.myavanet.ir/movies/the-one-and-only-ivan-2020,0.75879264
http://ar.unionpedia.org/%D8%A5%D9%86%D8%B3%D9%88%D9%84%D9%8A%D9%86,0.75835216
http://www.spletnik.ru/blogs/pro_zvezd/48289_dzhessika_alba,0.75831604
http://thomosv388.net/ok368,0.75815976
http://ssd.eff.org/ur/module/%D9%85%D8%A7%D9%84%D9%88%DB%8C%D8%A6%D8%B1-%D8%B3%DB%92-%D9%85%DB%8C%DA%BA-%D8%A7%D9%BE%D9%86%D8%A7-%D8%AF%D9%81%D8%A7%D8%B9-%DA%A9%DB%8C%D8%B3%DB%92-%DA%A9%D8%B1%D9%88%DA%BA%D8%9F,0.7576961
http://dictzone.com/magyar-angol-szotar/bakt%C3%B6visf%C3%A9l%C3%A9k,0.7575986
http://fbp.uniag.sk/sk/kch,0.7575656
http://temples.ru/iconography.php?TerminID=1474,0.75738037
http://catooya.com/tag/daftar-situs-judi-slot-online-terpercaya,0.7572273
http://proagent.hr/ru/realestate/305/land-1330-m2-for-sale-lupoglav-semic,0.75676024
http://journal.pulmonology.ru/pulm/article/view/2012/1508,0.7566997
http://www.hituji.jp/comret/articles/6314,0.75666237
http://www.wikizero.com/pl/%C5%9Awi%C4%99to_Tr%C3%B3jcy_%C5%9Awi%C4%99tej,0.75654787
http://kino.mail.ru/person/458738_david_schwimmer?from=newsmore,0.75567776
http://ednyvolunteers.wixsite.com/edny/notios-ymhttos,0.7549423
http://forbot.pl/blog/kurs-budowy-robotow-swiatlolub-sterowanie-latarka-id19362,0.75454545
http://synonyme.woxikon.de/synonyme/defilieren.php,0.75421
http://ryamada22.hatenablog.jp/entry/20070424/1177399797,0.75409627
http://ru-sfera.online/threads/kakoj-to-sledjaschij-trojan-help.2215,0.7536677
http://gturismo5.net/forum/viewtopic.php?t=8528,0.752725
http://www.jobtiger.bg/FeaturedEmpl.php?back_url=/showJob.php?job_id%3D219490%26ln%3D2&infid=42691,0.7525872
http://www.midorinco.ir/showthread.php?tid=689,0.7522384
http://www.namlimxanh.com/nam-lim-xanh-co-gay-ngo-doc-khong,0.75201005
http://smotret-anime.online/catalog/nanatsu-no-taizai-seisen-no-shirushi-13881/3-seriya-188238/russkie-subtitry-3362566,0.75194293
http://synonyme.woxikon.de/synonyme/gew%C3%A4hren.php,0.7518404
http://www.taohui.tech/2020/12/23/nginx/%E4%BB%8E%E9%80%9A%E7%94%A8%E8%A7%84%E5%88%99%E4%B8%AD%E5%AD%A6%E4%B9%A0nginx%E6%A8%A1%E5%9D%97%E7%9A%84%E5%AE%9A%E5%88%B6%E6%8C%87%E4%BB%A4,0.7507851
http://kritisches-netzwerk.de/page/1,0.750366
http://www.brandpedia.ru/brand-364.html,0.75004053
http://anywhere.potolki-elite.ru/kompaniya/lending-setevaya-kompaniya.php,0.7497748
http://eugene.kaspersky.com.cn/2014/03/21/%E7%BD%91%E7%BB%9C%E8%AF%88%E9%AA%97,0.7494564
http://www.amplecat.ro/despre?replytocom=423156,0.74923193
http://eload24.com/2798603.html,0.74919343
http://www.infowatch.ru/resources/blog/pm/25032,0.7491348
http://nafidurmus.com/baalbek-antik-kenti,0.7485503
"http://time.is/ru/Ptuj,_Ptuj",0.7484174
http://pl.distance.to/Bu%C5%82garia/Gdynia,0.7482541
http://anond.hatelabo.jp/keyword/%E3%82%A2%E3%82%A6%E3%83%88%E3%82%B5%E3%82%A4%E3%83%80%E3%83%BC%E3%83%BB%E3%82%A2%E3%83%BC%E3%83%88,0.74821603
http://morehnevochim.wordpress.com/2019/02/09/11-%D7%94%D7%A2%D7%A8%D7%95%D7%AA-%D7%A7%D7%A6%D7%A8%D7%95%D7%AA-%D7%A2%D7%9C-%D7%94%D7%A4%D7%A9%D7%98-%D7%A9%D7%9C-%D7%9E%D7%95%D7%A8%D7%94-%D7%A0%D7%91%D7%95%D7%9B%D7%99%D7%9D-%D7%9C%D7%A4%D7%99,0.7480053
http://anniversaire-celebrite.com/gilberto-rodriguez-orejuela-c9520,0.74710655
http://alyomhost.com/%D8%A3%D9%81%D8%B6%D9%84-%D8%B4%D8%B1%D9%83%D8%A9-%D9%87%D9%88%D8%B3%D8%AA-%D9%81%D9%8A-%D8%A7%D9%84%D8%B3%D8%B9%D9%88%D8%AF%D9%8A%D8%A9,0.7469425
http://aazarsat.ir/forums/1692-%D9%85%D8%AF%DB%8C%D8%A7%D8%A7%D8%B3%D8%AA%D8%A7%D8%B1-MediaStar-ms-4000?s=ce1e79459f9ee884f50ecc65704b6939,0.74662536
http://bela.bg/%D0%B7%D0%B0%D1%89%D0%BE-%D0%B8%D1%81%D0%BA%D0%B0%D0%BC%D0%B5-%D0%B4%D0%B5%D1%86%D0%B0%D1%82%D0%B0-%D0%B4%D0%B0-%D0%B2%D1%8F%D1%80%D0%B2%D0%B0%D1%82-%D0%B2-%D0%B4%D1%8F%D0%B4%D0%BE-%D0%BA%D0%BE%D0%BB,0.74616456
http://www.thenewslens.com/tag/Rich%2520Man,0.74570006
http://www.centrovirtual.org/%E0%B8%8A%E0%B8%B5%E0%B8%A7%E0%B8%9B%E0%B8%A3%E0%B8%B0%E0%B8%A7%E0%B8%B1%E0%B8%95%E0%B8%B4/%E0%B9%82%E0%B8%88%E0%B9%82%E0%B8%89,0.7455877
http://www.negitaku.org/news/n-5975,0.7455552
http://fd-ranking.com/2021/01/18/post-586,0.7453172
http://46hodoniav.blog.jp/archives/1043494464.html,0.7452268
http://yocheki.info/rkpzxe-5398,0.74502033
http://mariuver.com/2019/03/26,0.74491286
http://megakeys.info/soft/win-8.php,0.74467623
http://onibi.cocolog-nifty.com/alain_leroy_/2010/09/post-b8eb.html,0.7446053
http://beassistance.com/ru/%D0%BC%D0%B5%D1%81%D1%82%D0%B0-%D0%BD%D0%B0%D0%B7%D0%BD%D0%B0%D1%87%D0%B5%D0%BD%D0%B8%D1%8F/%D0%B0%D1%84%D1%80%D0%B8%D0%BA%D0%B5/%D1%80%D0%B5%D0%BF%D0%B0%D1%82%D1%80%D0%B8%D0%B0%D1%86%D0%B8%D1%8F-%D1%83%D0%BC%D0%B5%D1%80%D1%88%D0%B8%D1%85-%D0%B2-%D0%BC%D0%B0%D0%B4%D0%B0%D0%B3%D0%B0%D1%81%D0%BA%D0%B0%D1%80,0.7443453
http://tolearnall.ru/na-pensiyu-v-35-let,0.74407816
http://marjorie-wiki.de/w/index.php?from=Bu&title=Kategorie%3ADrama,0.743881
http://www.armadaboard.com/viewtopic.php?start=15&t=40325,0.7438074
http://ziplin.ir/%D8%AE%D9%88%D8%A7%D8%B5-%D8%A2%D8%A8-%D8%A8%D8%B1%D9%86%D8%AC,0.74374187
http://owa.as.wakwak.ne.jp/zope/labs/bbs/201/131,0.7437041
http://www.encyklopedia.sk/knihy?autor=Mari%C3%A1n+Kubicsko&oddelenie=Knihy+viazan%C3%A9+%7C+Podporen%C3%A9+Fondom+na+podporu+umenia,0.7436198
http://www.nextsetup88.com,0.7435672
http://caodang.fpt.edu.vn/tin-tuc-poly/dau-la-moi-truong-thuc-tap-phu-hop-doi-voi-sinh-vien-nganh-du-lich-khach-san.html,0.7431365
http://synonyme.woxikon.de/synonyme/in%20geschriebener%20form.php,0.7428349
http://gmgen.lib.rus.ec/a/13269,0.7423818
http://www.heraldik-wiki.de/index.php?pagefrom=A&title=Kategorie%3AGestorben_1636,0.7421335
http://www.toyz.ro/jocuri-interactive/beleduc/joc-1-2-3-stai-beleduc,0.7418399
http://moment-veuillezleur.xyz/wiki/Cyrille_de_Moscou18k3056j3l,0.74166065
http://voshod-solnca.ru/difference/%D0%BF%D0%B0%D0%BD%D0%B0%D1%80%D1%83%D0%BA%D0%B0%D0%BD,0.74162096
http://4869taku.com/archives/22646232.html,0.7411599
http://www.neonics.co.th/thermometers/%E0%B9%80%E0%B8%97%E0%B8%AD%E0%B8%A3%E0%B9%8C%E0%B8%A1%E0%B8%B4%E0%B8%AA%E0%B9%80%E0%B8%95%E0%B8%AD%E0%B8%A3%E0%B9%8C-thermistor-%E0%B8%84%E0%B8%B7%E0%B8%AD%E0%B9%80%E0%B8%8B%E0%B9%87%E0%B8%99%E0%B9%80%E0%B8%8B%E0%B8%AD%E0%B8%A3%E0%B9%8C%E0%B8%A7%E0%B8%B1%E0%B8%94%E0%B8%AD%E0%B8%B8%E0%B8%93%E0%B8%AB%E0%B8%A0%E0%B8%B9%E0%B8%A1%E0%B8%B4.html,0.7409854
http://www.keibafan.net/2012/09/17,0.740952
http://bs-wiki.de/mediawiki/index.php?hidetrans=1&limit=250&title=Spezial%3ALinkliste/Kategorie%3AWiki,0.7408659
http://www.wgi.cloud/2019/05/whatsapp-groups-5619814.html,0.74056935
http://maydopro.com/tin-tuc/chi-tiet/mach-nuoc-phun-.wikipedia.org,0.74036086
http://www.zzzzz.de/lexikon/6/60/60.html,0.74028206
http://www.april.org/monetisation-des-donnees-la-data-aux-oeufs-d-or-la-methode-scientifique,0.7400666
http://sideblue.net/archives/813,0.73997724
http://comazakki.com/2020/10/17/%E3%82%A2%E3%83%B3%E3%83%8F%E3%82%B5%E3%82%A6%E3%82%A7%E3%82%A4%EF%BD%96%EF%BD%93%E3%82%A2%E3%83%B3%E3%82%B8%E3%82%A7%E3%83%AA%E3%83%BC%E3%83%8A%E3%82%B8%E3%83%A7%E3%83%AA%E3%83%BC,0.73911625
http://www.experten-beraten.de/haushalt-und-wohnen/schokoladen-adventskalender,0.73863
http://synonyme.woxikon.de/synonyme/nicht%20unterschrieben.php,0.7385218
http://www.sinifmucadelesi.net/spip.php?lang=tr&rubrique254=,0.73822176
http://batles.xii.jp/modules/piCal?action=View&caldate=2015-7-12&event_id=0000000370&smode=Monthly,0.738201
http://a.yamagata-u.ac.jp/amenity/electrochem/Astronomy/ConstellationIndex.aspx?Text=%E3%82%88%E3%81%A6%E3%82%86%E3%82%8C%E3%81%A8%E3%82%8A%E3%81%AE%E3%81%A1%E3%82%9C&kana=48&letter=%E3%82%9C&next=%E2%86%90,0.7372725
http://residence.hr/sl/realestate/19/stanovanje-82-m2-prodaja-medulin-banjole,0.7372192
http://www.net-maquettes.com/sr/pictures/sdkfz-9-famo,0.7370924
http://www.putushima.com/meja-makan-mewah-jati-minimalis,0.7366147
http://lagash.blogs.sapo.pt/tag/espelho,0.73650897
http://www.uanglama.com/2012/02/misteri-rp100-perahu-layar.html?showComment=1407580040622,0.73632455
http://blogs.sch.gr/12gym-pa/%CF%80%CF%81%CE%BF%CE%B3%CF%81%CE%AC%CE%BC%CE%BC%CE%B1%CF%84%CE%B1/%CE%B5%CE%BA%CF%80%CE%BA%CE%B1-%CF%80%CF%81%CE%BF%CE%B3%CF%81%CE%AC%CE%BC%CE%BC%CE%B1%CF%84%CE%B1-2016-2017/%CE%AD%CE%BD%CE%B1-%CF%83%CF%87%CE%BF%CE%BB%CE%B5%CE%AF%CE%BF-%CF%80%CE%B9%CE%BF-green-%CE%B3%CE%B9%CE%B1-%CE%BC%CE%B9%CE%B1-%CE%B6%CF%89%CE%AE-%CF%80%CE%B9%CE%BF-clean/%CE%B2%CF%81%CE%AC%CE%B2%CE%B5%CF%85%CF%83%CE%B7,0.7359906
http://eload24.com/138722.html,0.7359797
http://voshod-solnca.ru/prayer/%D0%BF%D0%B0%D1%81%D0%BE-%D0%BA%D0%B0%D1%80%D1%80%D0%B0%D1%81%D0%BA%D0%BE,0.73579526
http://www.cougar.cz/makeup,0.73521614
http://www.a-hospital.com/w/%E9%BB%91%E7%B2%89%E8%8F%8C,0.7350986
http://www.vair-journal.com/jour/issue/view/3,0.73470616
http://ciawifi.ru/ru/partners/reselling-program,0.73446876
http://th.uncyclopedia.info/wiki/%E0%B9%80%E0%B8%A1%E0%B9%82%E0%B8%AA%E0%B9%82%E0%B8%9B%E0%B9%80%E0%B8%95%E0%B9%82%E0%B8%95%E0%B9%89%E0%B8%8A%E0%B8%B4%E0%B8%9B,0.7341795
http://www.sagliknet.gen.tr/389-gumushane-devlet-hastanesi,0.73343873
http://www.stork19.com/tag/link,0.7329267
http://ikemenpress.com/tag/%E8%8F%8A%E6%B1%A0%E9%A2%A8%E7%A3%A8,0.7324771
http://auction.website-creator.ru/auction/36/391,0.7322984
http://www.sjaakjansen.nl/2020/09/14/terugblik-op-een-weekje-nachtwacht,0.73200655
http://slow-snow.seesaa.net/archives/200803-3.html,0.7318857
http://www.isjaee.com/jour/article/view/329,0.7313389
http://sin0nime.com/dex/index.php?cheie=stare&m=0,0.73081815
http://battrangmynghe.vn/am-chen-ve-truc-lam-that-hien-ke-chi-vang-cao-cap,0.73077846
http://wpedia.goo.ne.jp/wiki/Category:1895%E5%B9%B4%E8%A8%AD%E7%AB%8B%E3%81%AE%E7%B5%84%E7%B9%94,0.7307573
http://neerc.ifmo.ru/wiki/index.php?curid=6373&oldid=79052&title=%D0%90%D0%BD%D0%B0%D0%BB%D0%B8%D0%B7_%D0%B2%D1%80%D0%B5%D0%BC%D0%B5%D0%BD%D0%BD%D1%8B%D1%85_%D1%80%D1%8F%D0%B4%D0%BE%D0%B2,0.7307042
http://annuaireradio.fr/details.php?bande=radio_da&code=857,0.72936076
http://krist2ps.lv/2017-07-20/mediji/seriali-ko-verts-redzet.html,0.72904176
http://lowch.com/archives/9483,0.72841823
http://wiki.iteach.com.ua/index.php?diff=prev&oldid=67480&title=%22%D0%90%D0%B2%D1%82%D0%BE%D1%80%22_%D0%B7%D0%B0_%D0%BF%D1%80%D0%BE%D0%B5%D0%BA%D1%82%D0%BE%D0%BC_%22%D0%9A%D0%BB%D0%B8%D0%BC%D0%BA%D0%BE%22_%D0%93%D1%80%D0%B8%D0%B3%D0%BE%D1%80%D0%B0_%D0%A2%D1%8E%D1%82%D1%8E%D0%BD%D0%BD%D0%B8%D0%BA%D0%B0%2C_%D1%83%D0%BA%D1%80%D0%B0%D1%97%D0%BD%D1%81%D1%8C%D0%BA%D0%B0_%D0%BB%D1%96%D1%82%D0%B5%D1%80%D0%B0%D1%82%D1%83%D1%80%D0%B0%2C_7_%D0%BA%D0%BB%D0%B0%D1%81%2C_%D1%88%D0%BA%D0%BE%D0%BB%D0%B0_168,0.72829247
http://xoso5h.com/blog/vietlott-mo-rong-dia-ban-kinh-doanh-tai-tinh-hau-giang,0.7278349
http://blog.ohtan.net/archives/cat_50044882.html,0.7265481
http://onibi.cocolog-nifty.com/alain_leroy_/2016/01/post-ed3b.html,0.72597706
http://www.koupelny-besteco.cz/sortiment/umyvadlove-sety/1703-drevena-sestava-toledo.html,0.7258758
http://labeet.dk/tag/captain-fantastic,0.72558504
http://a.yamagata-u.ac.jp/amenity/electrochem/Astronomy/ConstellationIndex.aspx?Text=%E3%82%88%E3%81%B5%E3%82%93%E3%81%8D%E3%81%99%E3%81%AF%E3%81%97%E3%81%9F%E3%81%8F&kana=8&letter=%E3%81%8F&next=%E3%81%91,0.72553325
http://www.minoci.net/1361,0.7251482
http://www.1812db.simvolika.org?action=card&cursor=4&id=14294&query=%28Sday%3D24+AND+Smonth%3D12%29+OR+%28Eday%3D24+AND+Emonth%3D12%29&sort=ORDER+BY+Syear+ASC%2C+Eyear+ASC%2C+Smonth+ASC%2C+Emonth+ASC%2C+Type+ASC%2C+Name+ASC&step=40&table=Subject&title=%D0%93%D0%BE%D0%BB%D0%B5%D0%BD%D0%B8%D1%89%D0%B5%D0%B2-%D0%9A%D1%83%D1%82%D1%83%D0%B7%D0%BE%D0%B2+%D0%9C%D0%B8%D1%85%D0%B0%D0%B8%D0%BB+%D0%98%D0%BB%D0%BB%D0%B0%D1%80%D0%B8%D0%BE%D0%BD%D0%BE%D0%B2%D0%B8%D1%87+%E2%80%A2+%D0%97%D0%B0%D0%BF%D0%B8%D1%81%D0%BA%D0%B0+%D0%9C.%D0%98.+%D0%9A%D1%83%D1%82%D1%83%D0%B7%D0%BE%D0%B2%D0%B0+%D0%9F.%D0%92.+%D0%A7%D0%B8%D1%87%D0%B0%D0%B3%D0%BE%D0%B2%D1%83+%D0%BE+%D0%BF%D1%80%D0%B5%D0%B4%D1%81%D1%82%D0%BE%D1%8F%D1%89%D0%B8%D1%85+%D0%B4%D0%B5%D0%B9%D1%81%D1%82%D0%B2%D0%B8%D1%8F%D1%85+%D0%B2+%D0%9F%D1%80%D1%83%D1%81%D1%81%D0%B8%D0%B8+%E2%80%A2+%D0%91%D0%BB%D0%B8%D0%B7%D0%BA%D0%B8%D0%B5+%D0%BF%D0%BE+%D0%B4%D0%B0%D1%82%D0%B5&type=5,0.7250439
http://sahafatak.com/w/thearabnow,0.7230998
http://a.yamagata-u.ac.jp/amenity/electrochem/Astronomy/ConstellationIndex.aspx?Text=%E3%82%88%E3%81%B5%E3%82%93%E3%82%86%E3%81%AB%E3%81%9F%E3%81%8A%E3%81%8A%E3%81%AF&kana=26&letter=%E3%81%AF&next=%E3%81%B2,0.7229525
http://www.media.io/jp/convert/dv-to-wmv.html,0.7226776
http://namlimxanhthiennhien.com/thac-mac-ve-bang-gia-nam-lim-xanh.html/bang-gia-nam-lim-xanh1,0.72267616
http://a.yamagata-u.ac.jp/amenity/electrochem/Astronomy/ConstellationIndex.aspx?Text=%E3%81%BC%E3%81%8F%E3%81%9B%E3%81%91%E3%82%82%E3%81%A2%E3%81%B2&kana=27&letter=%E3%81%B2&next=%E3%81%B5,0.72241735
http://blogodat.com/blog/tag/damyan-tenev,0.7219712
http://goferma.ru/zhivotnovodstvo/korovy/mastit-u-korovy-mozhno-li-pit-moloko.html,0.7218598
http://storaordboken.se/words/0a/_0161antl.html,0.7216758
http://rs.rbth.com/science/82784-zastave-raznih-rodova-vojske,0.7211932
http://bhub.com.ua/lekarstvo-ot-koronavirusa-rekomendatsii-vrachej-i-uchenyh,0.7210233
http://stage.co.il/Stories/591617,0.7209724
http://wiki.kfd.me/wiki/%E6%96%87%E6%A3%AE%E7%89%B9%C2%B7%E8%BF%AA%E7%BB%B4%E5%B0%BC%E5%A5%A5,0.72065026
http://a.yamagata-u.ac.jp/amenity/electrochem/Astronomy/ConstellationIndex.aspx?Text=%E3%81%BC%E3%81%8F%E3%81%9B%E3%81%BB%E3%81%AF%E3%82%8B%E3%81%84%E3%82%81&kana=34&letter=%E3%82%81&next=%E3%82%82,0.7199426
http://starwars.fandom.com/ru/wiki/Star_Wars:_The_Clone_Wars:_Republic_Heroes,0.7192904
http://gnomi.news/leitourgia-task-force-dorean-elegchou-covid-19-gia-ekpaideytikous-mathites-ano-ton-16-eton-8865,0.71923673
http://rtvi.com/news/6239,0.7181421
http://www.ronnenweinberger.com/tag/%D7%9E%D7%97%D7%A9%D7%91%D7%95%D7%AA,0.71812654
http://cen.lib.rus.ec/a/706,0.71732366
http://auto.ria.com/uk/reviews/hyundai/elantra/year/2013,0.71705455
http://www.sugarless-time.com/entry/2021/02/05/211119,0.71646637
http://a.yamagata-u.ac.jp/amenity/electrochem/Astronomy/ConstellationIndex.aspx?Text=%E3%82%88%E3%81%B5%E3%82%93%E3%81%86%E3%81%99%E3%81%97%E3%81%95%E3%82%88%E3%81%AB&kana=22&letter=%E3%81%AB&next=%E3%81%AC,0.71601045
http://a.yamagata-u.ac.jp/amenity/electrochem/Astronomy/ConstellationIndex.aspx?Text=%E3%82%89%E3%81%99%E3%81%A1%E3%82%80%E3%81%A8%E3%81%8B%E3%81%B8%E3%82%8C%E3%82%9B&kana=47&letter=%E3%82%9B&next=%E3%82%9C,0.7158679
http://mixi.jp/view_community.pl?id=134617&view_mode=feed,0.7156896
http://pseudology.org/people/Kotovsky2.htm,0.7156326
http://instytutfundraisingu.pl/2019/03,0.7154627
http://www.nopengeluaran.com/pengeluaran-hk-data-result-togel-hk-hari-ini,0.7146268
http://dict.cn/excluded,0.71400374
http://torbichki-za-prahosmukachki.bg/stoka/aeg_org_gr_26/380,0.7134819
http://a.yamagata-u.ac.jp/amenity/electrochem/Astronomy/ConstellationIndex.aspx?Text=%E3%81%BB%E3%81%AB%E3%82%80%E3%81%86%E3%82%82%E3%82%82%E3%81%AA%E3%81%82%E3%82%80&kana=33&letter=%E3%82%80&next=%E3%82%81,0.71336734
http://dictzone.com/dictionar-maghiar-englez/f%C3%A1radoz%C3%A1s,0.7133485
http://nextnolollabr.com/559479.html,0.7130594
http://a.yamagata-u.ac.jp/amenity/electrochem/Astronomy/ConstellationIndex.aspx?Text=%E3%82%89%E3%81%B2%E3%81%A1%E3%82%8A%E3%81%8F%E3%82%8C%E3%81%AC%E3%81%86%E3%81%AC&kana=23&letter=%E3%81%AC&next=%E3%81%AD,0.7129442
http://mazda-danang.com/mazda-pham-hung,0.71286464
http://biblia.ortodoxa.info/biblia/versiuni_paralele/vbor/7/20,0.7124784
http://ruthamcauquan2.info/thong-cau-cong-nghet-quan-thu-duc,0.7120621
http://www.chembase.cn/cas3_page_151.html,0.7119912
http://fingram-history.oc3.ru/contents/sotsialynaya-otvetstvennosty-gollandskih-gilydiy,0.71181035
http://a.yamagata-u.ac.jp/amenity/electrochem/Astronomy/ConstellationIndex.aspx?Text=%E3%82%8D%E3%81%AB%E3%82%88%E3%81%8B%E3%81%9B%E3%81%AD%E3%81%8F&kana=8&letter=%E3%81%8F&next=%E3%81%91,0.71116364
http://chauxuannguyen.wordpress.com/2012/11,0.71115065
http://www.kinovoid.com/2013/10/blog-post_8673.html,0.7110316
http://a.yamagata-u.ac.jp/amenity/electrochem/Astronomy/ConstellationIndex.aspx?Text=%E3%81%BB%E3%82%84%E3%81%AD%E3%81%A6%E3%81%AC%E3%81%AB%E3%81%AC%E3%81%93%E3%81%84&kana=2&letter=%E3%81%84&next=%E3%81%86,0.7107838
http://www.wonderzine.com/wonderzine/entertainment/entertainment-news/197069-the-other-woman-trailer,0.7105292
http://morilloindonesia.com/kami-harga-membran-bakar-di-wilayah-kraksaan-telepon-082-136-369-988,0.70938027
http://a.yamagata-u.ac.jp/amenity/electrochem/Astronomy/ConstellationIndex.aspx?Text=%E3%82%88%E3%81%88%E3%82%82%E3%82%89%E3%81%91%E3%81%91%E3%81%AC%E3%81%A1%E3%81%B5&kana=28&letter=%E3%81%B5&next=%E3%81%B8,0.7093396
http://auto.ria.com/uk/reviews/hyundai/grace,0.7089445
http://selenejapan.wordpress.com/tag/%E5%A4%A7%E9%98%AA%E5%BA%9C,0.70811874
http://namba.net/people/306026-philippe-reinhardt,0.7075411
http://www.telecomnews.co.il/site/detail/detail/detailDetail.asp?detail_id=4266859&seaWordPage=%D7%A0%D7%99%D7%A6%D7%9F,0.7072015
http://www.dinarskogorje.com/romanija.html,0.7071475
http://pakozoic.com/stargate-galactica-los-antiguos-y-el-error-del-direccionalismo,0.70707524
http://www.astrology.gr/zodia/hioymor-quiz/story/16686/to-disekto-den-einai-gia-ta-12-zodia,0.7070066
http://a.yamagata-u.ac.jp/amenity/electrochem/Astronomy/ConstellationIndex.aspx?Text=%E3%81%BB%E3%81%97%E3%81%BF%E3%82%9C%E3%81%95%E3%82%86%E3%81%BE%E3%81%AD%E3%81%86&kana=3&letter=%E3%81%86&next=%E3%81%88,0.70613205
http://www.noze-nuz.com/damaskove_noze/DM1236BK.php,0.70571804
http://www.noze-nuz.com/flytanium/FLY066.php,0.70571804
http://a.yamagata-u.ac.jp/amenity/electrochem/Astronomy/ConstellationIndex.aspx?Text=%E3%82%88%E3%81%8F%E3%82%81%E3%82%92%E3%82%9B%E3%81%A8%E3%81%86%E3%81%AC%E3%82%93&kana=46&letter=%E3%82%93&next=%E3%82%9B,0.7049582
http://wiki.bystrze.pl/w_1_17_0/index.php?oldid=5290&title=Waikato,0.7048671
http://cal.syoboi.jp/tid/3369,0.7045907
http://global8.or.jp/posts/post25.html,0.70456696
http://eplus.jp/sf/word/0000127908,0.70446503
http://storaordboken.se/words/va/vaken.html,0.7027231
http://le9j.jufukj.com/gmmdafplsynoumq.html,0.70242584
http://hack-marines55.info/archives/cat_141326.html,0.70235777
http://ukrainianmountaintop.org/podcast/%D0%BF%D1%80%D0%BE%D0%BF%D0%BE%D0%B2%D1%96%D0%B4%D1%8C-31-%D1%81%D1%96%D1%87%D0%BD%D1%8F-2015-31-january-2016-sermon,0.7023207
http://tudosnaptar.kfki.hu/localhost/webdok.php?namenev=dempster&nev5=Dempster%2C+Arthur+Jeffrey,0.7022089
http://www.soltimesegment.com/publikacijos/vestuviu-datos-parinkimas,0.70209897
http://bookcites.hatenadiary.com/entry/2012/06/18/%E3%80%8C%E6%B0%B8%E9%81%A0%E3%81%AE%E3%82%B7%E3%83%A5%E3%83%BC%E3%83%AB%E3%80%8D_1994,0.7020545
http://www.ochdagarnagar.se/2017/03/21/ett-brackligt-liv-trilogin-ar-all?replytocom=2168,0.70203424
http://www.berlingske.dk/kultur/korea-hitter-k-pop-fans-moedes-paa-oesterbro-for-at-dyrke-deres-idoler,0.7017007
http://www.ohirugohan.fun/entry/2013/08/05/031845,0.70158374
http://tolearnall.ru/koronavirus-instrukciya-po-vyzhivaniyu,0.7015159
http://www.hantrainerpro.com/chino/diccionario/chino-espanol/traduccion-laohuqian_vise.htm,0.70150715
http://ria.ru/20190828/1557993463.html,0.70122707
http://kalamdamai.blogspot.com/2013/06,0.70035714
http://pavel.blog.siol.net/category/jaz-sem-ali-biti-ali-imeti/iskanje-partnerja,0.69989836
http://eplus.jp/sf/word/0000002539,0.6996771
http://movieandtv.blog85.fc2.com/blog-date-201708.html,0.6992004
http://totalnewsjp.com/2020/12/02/trump-225,0.6985042
http://cre.fm/cre086-usb?replytocom=70248,0.69847804
http://show-biz.by/monetochka/uploaded_audio/5803/%D0%BD%D0%B0-%D0%B7%D0%B0%D1%80%D0%B5,0.6976596
http://utazom.com/utazas/regio/marokko,0.69753385
http://astronet.pl/index.php/2018/02/03,0.6973376
http://dictzone.com/dictionar-englez-maghiar/aligning,0.6963327
http://bloger-leno.hatenablog.com/entry/worst.characters,0.69534075
http://auto.molbuk.ua/uk/newauto/marka-rio/model-sport-coupe-44/fuel-benzin,0.6946131
http://ebraika.ru/tag/pesenniki,0.69297063
http://robbiewilliamsmusic.ru/2014/05/repeticii-high-hopes-s-detmi,0.6928911
http://wiki.teamfortress.com/wiki/Medic's_Mountain_Cap/ru,0.69268215
http://www.e-vima.gr/vima-koinonia/kougias-ypothesh-lignadh-motivo-drashs-paidia,0.69226515
http://creativehorizonsmusic.com/2468439.html,0.69206
http://teo.cocolog-nifty.com/column/2006/03/ipwikipedia_9302.html,0.69184387
http://karenbookingstyle.com/hulu-friends,0.69148684
http://tudosnaptar.kfki.hu/localhost/webdok.php?namenev=puskasf&nev5=Pusk%C3%A1s+Ferenc,0.6914599
http://lowch.com/archives/705,0.6910032
http://www.esbooks.co.jp/kanshashimasu/27175,0.6909726
http://blog.dnevnik.hr/toco1980foto/2020/04/1632285404/rafael-sanz-lobato.html,0.6908519
http://saludcanina.net/diarrea-en-perros-en-pdf,0.6907079
http://mobile.www.uniforminsignia.org/index.php/zh/component/insigniasearch?result=2294,0.6897962
http://emdadservice.com/%D8%AA%D8%B9%D9%85%DB%8C%D8%B1-%D9%85%D8%A7%D8%B4%DB%8C%D9%86-%D8%B8%D8%B1%D9%81%D8%B4%D9%88%DB%8C%DB%8C-%D8%A7%D9%84-%D8%AC%DB%8C,0.6892444
http://kalamdamai.blogspot.com/2011/06,0.6887278
http://pharma360.vn/huong-nghiep/chien-luoc-marketing-cua-mot-so-hang-duoc-4012,0.6886282
http://auto.ria.com/newauto/marka-yto/model-x/year-2020,0.6882646
http://edx.edu.vn/sinh-vien/cam-nghi,0.687997
http://satoshi.pl/tag/liczba,0.687709
http://hpx.tw/archives/4493,0.6872149
http://ria.ru/20160131/1367920523.html,0.68691546
http://www.geschichtsforum.de/thema/wie-legitimierten-die-merowinger-ihre-herrschaft.29113/page-2,0.68653935
http://dict.cn/turbulence,0.6861491
http://help.keenetic.com/hc/ru/articles/360000867260-%D0%9F%D0%BE%D0%BB%D1%8C%D0%B7%D0%BE%D0%B2%D0%B0%D1%82%D0%B5%D0%BB%D0%B8-%D0%B8-%D0%B4%D0%BE%D1%81%D1%82%D1%83%D0%BF-%D0%BA%D0%B0%D0%BA-%D0%B8%D0%B7%D0%BC%D0%B5%D0%BD%D0%B8%D1%82%D1%8C-%D0%BF%D0%B0%D1%80%D0%BE%D0%BB%D1%8C-%D0%B0%D0%B4%D0%BC%D0%B8%D0%BD%D0%B8%D1%81%D1%82%D1%80%D0%B0%D1%82%D0%BE%D1%80%D0%B0-,0.68505824
http://cvdvn.net/2020/06/19/khung-hoang-trieu-tien-dien-va-diem,0.6831181
http://www.tab4u.com/tabs/artists/640_%D7%99%D7%95%D7%A0%D7%AA%D7%9F_%D7%A8%D7%96%D7%90%D7%9C.html,0.68291175
http://coronavirus-monitoring.info/koronavirus-v-sankt-peterburge-na-16-iyunya-2020,0.6825514
http://namba.net/people/13729147-gregory-linington,0.6812856
"http://time.is/ka/Chaiyaphum,_Chaiyaphum",0.68127465
http://souzou.net/wp-4?page_id=6876,0.68081445
http://auto.bizua.com.ua/newauto/marka-mercedes-benz/model-vito-gruz/year-2021,0.680748
http://doncho.net/tag/plugin,0.6807367
http://dict.cn/avenges,0.6793257
http://philosophystorm.org/persona/uillard-van-orman-kuain,0.67806196
http://it.vikidia.org/wiki/Malesia,0.67755157
http://voshod-solnca.ru/time/%D0%BF%D0%B0%D0%BB%D0%B8%D1%81%D0%B5%D0%B9%D0%B4%D1%81_(%D0%BD%D1%8C%D1%8E-%D0%B9%D0%BE%D1%80%D0%BA),0.6773702
http://auto.ria.com/uk/reviews/hyundai/getz-hatchback-5d,0.6770351
http://kiwix.demo.ideascube.org/wikipedia.fr/A/2006_en_hockey.html,0.6764472
http://namba.net/people/618714-martin-bats-bradford,0.676348
http://infomarathi.in/shatrugna-dethe-inspirational-story,0.6761803
http://www.heraldik-wiki.de/index.php?pagefrom=V&title=Kategorie%3AGestorben_1796,0.67580473
http://mapio.net/wiki/Q976199-ar,0.6757902
http://www.azg.am/AM/20151016,0.6756421
http://www.kourosfitness.gr/categories?cat=98&id=742,0.67555815
http://ortopedianew.appspot.com/wiki/1973_w_sztukach_plastycznych,0.67547727
http://lyricstranslate.com/es/murat-kekilli-lyrics.html,0.675251
http://aviadejavu.ru/Site/Crafts/Craft28280.htm,0.6749091
http://newseo.gr/genethlia-diasimon-simera-12-dekemvriou,0.6745689
http://www.fablegame.info/lunarium_pounder,0.67444646
http://lophoc.thuvienvatly.com/mod/glossary/view.php?id=334&mode=author&sortkey=FIRSTNAME&sortorder=desc,0.67359716
http://dictzone.com/madarcina-japoncina-slovnik/tal%C3%A1lomra,0.67337334
http://www.digiportal.hu/tag/melyik-robotporszivot-vegyem,0.6733092
http://pt.globalvoices.org/2007/10/07/tropa-de-elite-provoca-policia-piratas-e-antenados,0.6732623
http://2gymnelveniz.blogspot.com/2019/05,0.67311865
http://www.kkwschool.com/kkw/page/15,0.6722331
http://devbhoomidarshan17.com/uttarakhand-news-rudraprayag-anubhav-shukla-became-scientist-in-isro,0.67102885
http://truyen24.com/ta-voi-su-mon-khong-hop,0.67064106
http://info.baiscopelk.com?p=11178,0.669702
http://voshod-solnca.ru/time/%D0%BF%D0%B0%D0%B4%D0%B5%D0%BD_%D1%81%D0%B8%D1%82%D0%B8,0.66885823
http://www.uto-shinju.com/single-post/%E5%AE%87%E5%9C%9F%E7%9C%9F%E7%8F%A0%E3%81%AE%E3%83%8B%E3%83%A5%E3%83%BC%E3%83%95%E3%82%A7%E3%82%A4%E3%82%B9,0.66865647
http://hoangkimlong.blogspot.com/2013/01/phan-chi-thang.html,0.6684937
http://bafybeicgmdpvw4duutrmdxl4a7gc52sxyuk7nz5gby77afwdteh3jc5bqa.ipfs.dweb.link/wiki/%C4%B0bn_Nefis.html,0.66797656
http://time.is/pl/Yogyakarta,0.6677664
http://shine.seesaa.net/article/84298259.html,0.6677547
http://www.ellegirl.ru/articles/pravda-o-betmene-9-mifov-o-supergeroe-v-kotoryie-veryat-daje-predannyie-poklonniki,0.6676758
http://www.kourosfitness.gr/categories?cat=87&id=592,0.6658522
http://agenparabolajakarta.com/joe-hart-pindah-ke-chelsea-musim-depan,0.66573745
http://japaneseclass.jp/trends/about/%E9%80%83%E3%81%92%E5%87%BA%E3%81%9B%E3%81%AA%E3%81%8B%E3%81%A3%E3%81%9F%E5%90%9B%E3%81%B8,0.66570175
http://indienova.com/game/earthbound-beginnings,0.6655024
http://shugyokai.org/2020/04/14/%E6%A4%8D%E8%8A%9D%E7%9B%9B%E5%B9%B3%E5%85%88%E7%94%9F%E3%81%8C%E3%81%A4%E3%81%8F%E3%82%89%E3%82%8C%E3%81%9F%E9%81%93%E6%AD%8C,0.6654684
http://avto.serv.co.ua/newauto/marka-mercedes-benz/model-gla-class/fuel-benzin,0.6651499
http://es.globalvoices.org/2019/10/24/incursion-policial-en-centro-de-rehabilitacion-en-trinidad-revela-inhumanas-condiciones,0.6650779
http://absurdopedia.wiki/%D0%9F%D0%B5%D0%BB%D0%B8%D0%BA%D0%B0%D0%BD,0.6641343
http://www.mmtmm.net/ent/key.cgi?word=%94%92%90%EC%82%E4%82%AB%82%C8,0.6639276
http://www.jcstudiotw.com/products/campus-milktea-rollerball,0.6638672
http://www.amaiworkshop.com/product-page/piscor%E4%B8%AD%E7%A7%8B%E6%87%89%E7%AF%80%E6%9E%9C%E7%B1%83-%E9%80%B2%E5%8F%A3%E6%99%82%E4%BB%A4%E7%94%9F%E6%9E%9C-size-l,0.6634391
http://th.player.fm/series/decorative-vegetable/qatsi,0.66300577
http://auto.lvivport.com/newauto/marka-hyundai/model-azera/fuel-benzin,0.6621007
http://pl.distance.to/Brisbane/Bydgoszcz,0.6616465
http://edictumbk.blogspot.com/2015/05,0.66147465
http://anniversaire-celebrite.com/full-metal-jacket-mc28,0.6608342
http://perm-doctor.ucoz.ru/video/chp/146/sport,0.6587526
http://www.lugpol.pl/forum/viewtopic.php?t=19000&view=previous,0.65863144
http://2gymnelveniz.blogspot.com/2020/04,0.65833294
http://interbilgi.com/kamagra-jel,0.65803814
http://vron.jp/2019/06/20/favric,0.6578129
http://auto.odessa-life.od.ua/newauto/marka-hyundai/model-kona/year-2021,0.6577045
http://packages.altlinux.org/ru/p9/maintainers/glebfm/watch,0.6575241
http://wi-ki.ru/wiki/Tokyo_Electric_Power_Company,0.6574761
http://kritikustomeg.org/muvesz/433/billy-bob-thornton,0.6571369
http://lidmanarkivet.se?id=172&page=profile,0.6562276
http://www.17-minute-languages.com/it/imparare-lituano?id=KT53174-AW59,0.65576255
http://xn--dbouchage-b4a.be/debouchage-egouts-verviers,0.6557026
http://kfujito2.asablo.jp/blog/2019/12/07/9186255,0.6554636
http://www.jiqizhixin.com/articles/2018-08-29-12,0.655288
http://pasinic.com/18677/%D8%AE%D8%B1%D9%88%D8%AC-%D8%B4%D8%A7%D9%87-%D8%A7%D8%B2-%D8%A7%DB%8C%D8%B1%D8%A7%D9%86.html,0.6550571
http://fa.everybodywiki.com/%D9%BE%D9%88%D8%AF%D9%85%D8%A7%D9%86:Infobox_gene,0.6548005
http://es.globalvoices.org/2011/08/18/blogueando-en-portugues-sobre-educacion-especial,0.6538429
http://www.wikidata.org/wiki/Q873901?uselang=yue,0.6535362
http://jp.globalvoices.org/2017/06/26/45258,0.65339243
http://www.telecomnews.co.il/site/detail/detail/detailDetail.asp?detail_id=5741204&seaWordPage=%D7%A4%D7%95%D7%98%D7%A8,0.6518884
http://www.slashcam.de/forum/viewtopic.php?p=1081333&t=151703,0.65124595
http://nl.everybodywiki.com/Lightspeed_(bedrijf),0.65115154
http://du-lich.net/review-di-buon-me-thuot,0.6509969
http://auto.informat.com.ua/newauto/marka-jaguar/model-xf/year-2019,0.64990854
http://xn--dbouchage-b4a.be/debouchage-evier-wiltz,0.64854896
http://allbhajanlyrics.com/lakshmi-stuti-lakshmi-ji-ki-stuti,0.6480481
http://gastrotourismos.gr/category/%CF%84%CE%B1%CE%BE%CE%B9%CE%B4%CE%B9%CE%B1/taxidia-ston-kosmo,0.64766586
http://es.everybodywiki.com/Categor%C3%ADa:Italia_en_2006,0.6476642
http://malay.wiki/content/Edward%20VIII%20dari%20United%20Kingdom/Laman_Utama.html,0.64753175
http://www.wonderzine.com.ua/wonderzine/culture/movies,0.6474772
http://www.whoisbg.com/domain/programata.bg,0.64437056
http://cack.vn/download-unikey,0.64272386
http://www.super-ligue.com/blogue?p=69155,0.64191556
http://gnomi.news/patra-vrefos-2-minon-sto-panepistimiako-nosokomeio-me-thetiko-test-9135,0.6412905
http://thaikhuongpump.com/may-bom-chim/may-bom-chim-chiu-nhiet,0.6405946
http://eplus.jp/sf/word/0000000617,0.6392901
http://www.charanisahity.in/2017/12/Sonal-bij-2017.html,0.63782877
http://trustsales.vn/blog/phan-mem-quan-ly-don-hang-lazada-267,0.637346
http://depotairminum.co.id/terdekat-merauke-papua,0.6370883
http://assaut6.blogspot.com/2010/11,0.6360359
http://www.baiscopelk.com/overlord-2018-sinhala-subtitles?replytocom=773121,0.6348895
http://sweet-things.bg/tag/%D0%BA%D1%80%D0%B5%D0%BC-%D0%B1%D1%80%D1%8E%D0%BB%D0%B5,0.6346084
http://anlagegold24.blog/2018/09/28/inflation-in-deutschland-steigt-auf-hoechsten-stand-seit-7-jahren,0.63448197
http://emojipedia.org/man-firefighter-medium-dark-skin-tone,0.6338656
http://carbonatic.com/4823184.html,0.63377786
http://reactos.org/forum/viewtopic.php?p=112488,0.6332155
http://wiki-offline.jakearchibald.com/wiki/Ministry_of_Defence_(Yugoslavia),0.63321126
http://www.wonderzine.com.ua/tags/%D0%93%D0%BB%D0%BE%D1%80%D1%96%D1%8F%20%D0%A1%D1%82%D0%B0%D0%B9%D0%BD%D0%B5%D0%BC,0.6332086
http://auto.marshrutka.com.ua/uk/newauto/marka-fast/model-8218/year-2020?page=1,0.63168347
http://www.jiqizhixin.com/articles/2019-02-25-6,0.63091207
http://www.kredivekarti.com,0.63058865
http://chrisadas.com/2008/01/27/%E0%B8%84%E0%B8%A7%E0%B8%B2%E0%B8%A1%E0%B9%81%E0%B8%A1%E0%B9%88%E0%B8%99%E0%B8%A2%E0%B8%B3%E0%B8%82%E0%B8%AD%E0%B8%87%E0%B8%81%E0%B8%B2%E0%B8%A3%E0%B8%84%E0%B8%B3%E0%B8%99%E0%B8%A7%E0%B8%93%E0%B9%80,0.63055086
http://thereaderwiki.com/ar/%D8%A8%D9%88%D9%84%D9%86%D8%AF%D8%A7,0.63002014
http://fcalv.org/fingered-voirfilm-143519,0.62850887
http://www.milkandcookiestories.com/%E9%AB%98%E7%9F%A5%E7%9C%8C/%E5%A4%A7%E8%B1%8A%E7%94%BA,0.62838537
http://pt.everybodywiki.com/Portal_TexBR,0.62774974
http://jantrish.com/sekreti-uspeha,0.6267657
http://planforest.com/home/service,0.6261408
http://opac.mbu.ac.th/Author/Home?author=%E0%B8%9E%E0%B8%A3%E0%B8%B0%E0%B8%98%E0%B8%A3%E0%B8%A3%E0%B8%A1%E0%B9%82%E0%B8%81%E0%B8%A8%E0%B8%B2%E0%B8%88%E0%B8%B2%E0%B8%A3%E0%B8%A2%E0%B9%8C&filter[]=topic_facet%3A%22%E0%B8%9E%E0%B8%B8%E0%B8%97%E0%B8%98%E0%B8%A8%E0%B8%B2%E0%B8%AA%E0%B8%99%E0%B8%B2%22&filter[]=topic_facet%3A%22%E0%B9%80%E0%B8%97%E0%B8%A8%E0%B8%99%E0%B8%B2%22&view=grid,0.6260209
http://www.the-village.me/village/city/dezhurniy-po-gorodu/271029-twit-guvd-02,0.62581503
http://publius.co.il/2020/03/25/%D7%94%D7%95%D7%A0%D7%90%D7%AA-%D7%94%D7%93%D7%9E%D7%95%D7%A7%D7%A8%D7%98%D7%99%D7%94-%D7%94%D7%9E%D7%94%D7%95%D7%AA%D7%99%D7%AA,0.6247252
http://wreferat.baza-referat.ru/%D0%9A%D0%BD%D0%B8%D0%B3%D0%B0_%D0%A1%D1%83%D0%BD,0.62383366
http://verankurssit.blogspot.com/2015/05,0.62181085
http://w.atwiki.jp/konosu/pages/1.html,0.62171364
http://www.dailyjagaran.com/national/news/52846,0.6197084
http://trunghuethethao.vn/blogs/news/dac-diem-buong-xong-hoi-sauna-9101c,0.61836815
http://www.mahasattasangli.com/2020/11/2.html,0.6172683
http://www.unicornstorm.de/tom-scott-faehrt-die-strecke-eines-videospiels,0.6167336
http://www.the-village-kz.com/village/children/children-guide,0.6147343
http://www.sasayama.or.jp/wordpress?p=338,0.6141764
http://korps.jp/corporations/137,0.6133065
http://us13.campaign-archive.com?id=a7366469f4&u=484a08d5a4a25e38c7f08553a,0.6112015
http://blog.pacobobo.nl?tag=oosten-2,0.609427
http://www.cinematheque.ru/movie/11332,0.60923517
http://kidneyeducation.com/vietnamese/Ch%E1%BA%BF-%C4%91%E1%BB%99-%C4%83n-trong-b%E1%BB%87nh-th%E1%BA%ADn-m%E1%BA%A1n/976,0.60787857
http://fa.everybodywiki.com/%D8%A8%D8%A7%D8%B2%DB%8C_%D8%A8%D8%B3%DA%A9%D8%AA%D8%A8%D8%A7%D9%84_Blitz,0.60750544
http://newspicks.com/company/SPD19RFYUOXTN692?ref=news-summary_3035747,0.6073587
http://fsbgames.ru/load/arhiv/mods/legend_of_the_galactic_heroes/1-1-0-40,0.6071192
http://www.gameofthrones-grfans.com/2016/04/game-of-thrones-spoilers.html,0.6062174
http://comicslate.org/ja/sci-fi/freefall/d0231,0.6042541
http://wiki-linki.ru/Page/75765,0.60096973
http://www.arctosia.com/archives/category/%E4%B8%AD%E5%9B%BD,0.6002296
http://ja.dbpedia.org/page/%E6%9D%89%E6%9C%AC%E6%B2%99%E7%B9%94,0.59893364
http://data.suikawiki.org/datetime/2020-W34,0.5947285
http://o-nekros.blogspot.com/2014/02/blog-post_9510.html,0.5947043
http://ro.globalvoices.org/2021/02/3293,0.59360415
http://www.baiscopelk.com/fender-bender-2016-with-sinhala-subtitles,0.59341544
http://geolines.ru/research/research_472.html,0.5927974
http://www.english-bangla.com/dictionary/%EC%9D%B8%EC%B2%9C%EC%B6%9C%EC%9E%A5%ED%99%88%20%ED%83%80%EC%9D%B4%EF%BC%BBkatalk:Za32%EF%BC%BD%EB%B0%A9%EB%B0%B0%EC%B6%9C%EC%9E%A5%EB%A7%88%EC%82%AC%EC%A7%80%E3%85%8B%ED%86%A1%EF%BF%A0%E3%80%82%E2%91%A1%EB%B0%A9%EB%B0%B0%EC%B6%9C%EC%9E%A5%EC%83%B5%EB%B0%A9%EB%B0%B0%ED%9C%B4%EA%B3%84%ED%85%94%EB%B0%A9%EB%B0%B0%EC%98%A4%ED%94%BC%EB%B0%A9%EB%B0%B0%EB%85%B8%EB%9E%98%EB%B0%A9%EB%B0%A9%EB%B0%B0%ED%82%A4%EC%8A%A4%EB%B0%A9%EB%B0%A9%EB%B0%B0%EA%B5%BF%EB%8D%B0%EC%9D%B4%EC%95%84%EB%A1%9C%EB%A7%88%EB%B0%A9%EB%B0%B0%EC%95%88%EB%A7%88,0.5913637
http://invertirencriptomonedas.es/glosario-de-criptomonedas.html,0.5861181
http://en.everybodywiki.com/List_of_victims_of_the_Bazar_de_la_Charit%C3%A9_fire,0.5849629
http://es.globalvoices.org/2015/07/12/la-cancion-de-un-musico-han-destroza-los-estereotipos-de-la-region-de-china-xinjiang,0.58250326
http://gulbargapolice.blogspot.com/2014_03_31_archive.html,0.58236635
http://www.whoisbg.com/domain/cardboard.bg,0.58194774
http://dict.cn/thrust%20its%20roots,0.57928205
http://enteprisejubilee.com/2020/12,0.57626873
http://thatsmovietalk.com/thebagman,0.575347
http://rockfaces.ru/b/blackcountrycommunion.htm,0.5753425
http://keptar.oszk.hu/kereses/reszletes.phtml?id=34315,0.57533586
http://shuruqalshshams.com/cities/sharm_el-sheikh,0.5718305
http://emojipedia.org/man-judge-dark-skin-tone,0.5710631
http://aqicn.org/station/kyrgyzstan/city-of-osh/aarhus,0.5687019
http://findmygov.in/en/assam/karbi-anglong,0.5673414
http://jisho.org/search/%E6%AF%8D%E5%B1%8B%20%E3%81%8A%E3%82%82%E3%82%84,0.5667947
http://jisho.org/word/%E3%81%B6%E3%82%8A%E3%81%A3%E5%AD%90,0.56345403
http://jisho.org/sentences/51866c8dd5dda7e98100e09b,0.56345403
http://www.artifactofinstant.com/baby-im-a-star,0.56271875
http://jisho.org/search/%E8%88%9E%E3%81%84%E9%99%8D%E3%82%8A,0.5622822
http://diana212m.blogspot.com/2012/09/one-place-16-lakes.html?showComment=1347489480680,0.5587708
http://yiff.ru/forum.yiff?mid=417120&tid=95,0.55835617
http://hinosamurai.org/The_Life_with_my_Hino,0.557302
http://emojipedia.org/twitter/twemoji-2.5/woman-rowing-boat-medium-light-skin-tone,0.5559423
http://dict.cn/profusion,0.55316055
http://blaque.cocolog-nifty.com/blog/2008/05/index.html,0.54941994
http://www.new-can.net/blog/archivesf/2007/09/post_775.php,0.54788315
http://architecturephoto.net/19965,0.54536635
http://www.ataleof2monkeys.net/2008/09/you-dont-know-what-youve-got-until-you.html,0.53602034
http://www.jiqizhixin.com/articles/2018-11-20-5,0.53516626
http://m.habr.com/en/post/310492?mobile=yes,0.53081423
http://findmygov.in/en/odisha/koraput/boipariguda-block,0.5304934
http://www.medilldev.net/%E7%A6%8F%E5%B3%B6%E7%9C%8C/%E5%B7%9D%E4%BF%A3%E7%94%BA/%E5%AD%A6%E7%94%9F%E3%81%AEM%E5%AD%97%E3%83%8F%E3%82%B2%E6%B2%BB%E7%99%82,0.5260439
http://pzgik.geoportal.gov.pl/prng/ObiektFizjograficzny/PL.PZGiK.204.PRNG.00000000-0000-0000-0000-000000239320-363011,0.52599275
http://pzgik.geoportal.gov.pl/prng/Miejscowosc/PL.PZGiK.204.PRNG.00000000-0000-0000-0000-000000009655-7230,0.5203731
http://english.tebyan.net/newindex.aspx?pid=26500,0.5162087
http://www.animecharactersdatabase.com/jp/source.php?id=106139,0.51577806
http://sr.rodovid.org/wk/%D0%9F%D0%BE%D1%81%D0%B5%D0%B1%D0%BD%D0%BE:Tree/33115,0.51507235
http://gulbargapolice.blogspot.com/2016_09_09_archive.html,0.51131666
http://jiten.obfusk.dev/jmdict?query=%2B%231417780,0.5083943
http://jiten.obfusk.dev/jmdict?query=%2B%231001140,0.5083943
http://vigore.co.jp/news/%E3%82%B3%E3%83%A9%E3%83%A0/%E3%83%A9%E3%83%B3%E3%83%89%E3%83%8A%E3%83%BC%E3%81%AE%E6%AD%A3%E5%BD%93%E9%80%B2%E5%8C%96%E3%81%AE%E3%81%8B%E3%81%9F%E3%81%A1,0.50703144
http://www.miasto.zgierz.pl/en/ciekawostki/42,0.5040247
http://zellarkhabor.in/alo-stands-by-needy-family-before-pujo,0.50176
http://keita2016.jp/blog-entry-4550.html,0.49889714
http://jiten.obfusk.dev/kanji?query=%E5%95%8F,0.48906967
http://opensiddur.org/readings-and-sourcetexts/weekly-torah-readings/annual-cycle/sefer-shemot/parashat-vayaqhel/parashat-vayaqhel-color-coded-according-to-its-narrative-layers,0.4870081
http://www.miasto.zgierz.pl/en/node/21747,0.46959853
http://pt.distance.to/Hiroxima/Braga,0.45640078
http://www.whoispopulartoday.com/year/2021/us,0.4441042
http://pakmag.net/history.php?pid=353,0.42860574
http://soundbitesnyc.com/tag/david-arnold,0.41627118
