url,centroid_sim
http://delicious.com?url=http%25253A%25252F%25252Frbphotographic.co.uk%25252Folympus-om-d-m10-high-iso-with-a-consumer-zoom%25252F,0.713045
http://delicious.com?notes=Real%252520Mardid%252520masih%252520mempunyai%252520permain%252520muda%252520berbakat%252520yang%252520masih%252520belum%252520begitu%252520banyak%252520yang%252520memberikan%252520Jese%252520Rodriguez.%252520Bahwa%252520Jese%252520di%252520lihat%252520oleh%252520Zidane%252520yang%252520menilai%252520bahwa%252520Jese%252520mempunyai%252520kemampuan%252520yang%252520bagus%252520dan%252520akan%252520memberikan%252520kesempatan%252520lebih%252520banyak%252520lagi.%25250D&title=Zidane%252520Salut%252520Dengan%252520Jese&url=http%25253A%25252F%25252Fbolagalaxy.com%25252Fzidane-salut-dengan-jese%25252F,0.7130449
http://delicious.com?notes=&title=N%2525C3%2525BAmero%25252049&url=http%25253A%25252F%25252Fwww.grupvivo.es%25252Fdistribuidora-bebidas%25252Frevista-burbujas%25252Fnumero-49%25252F,0.7130449
http://delicious.com?jump=close&noui=&title=%2525E2%252580%252599China%252527s%252520Top%252520Billionaires%2525E2%252580%252599&url=%2525E2%252580%252599https%25253A%25252F%25252Fwealthymatters.com%25252F2013%25252F09%25252F12%25252Fchinas-top-billionaires%25252F+%2525E2%252580%252599&v=5,0.7130449
http://delicious.com?title=Online+Yellow+Pages+Abu+Dhabi+providing+complete+details+of+companies+dealing+in+fire+safety+training+in+Abu+Dhabi.+Find+out+more+information+on+fire+safety+training+in+Abu+Dhabi+on+Yellow+Pages+Abu+Dhabi&url=http%25253A%25252F%25252Fwww.yellowpages-uae.com%25252Fuae%25252Fabu-dhabi%25252Ffire-safety-training,0.7130449
http://delicious.com?title=Golden%252520Goose%252520Superstar%252520Womens%252520Sneaker%252520Outlet%252520Archimedes%252520%252526%2525238211%25253B%252520How%252520In%252520Which%252520To%252520Make%252520Dollars%252520Doing%252520Naught&url=http%3A//www.panus.me/2020/05/03/golden-goose-superstar-womens-sneaker-outlet-archimedes-how-in-which-to-make-dollars-doing-naught/,0.7130449
http://delicious.com?jump=close&title=2019-New-Women-s-Anti-Theft-Backpack-PU-Leather-Waterproof-Female-Shoulder-Bag-Large-Capacity-Travel-4.jpg&url=https%3A//womenbag.xyz/2019-new-women-s-anti-theft-backpack-pu-leather-waterproof-female-shoulder-bag-large-capacity-travel-4-jpg/&v=5,0.7130449
http://delicious.com?notes=DIY%252520Mini%252520Press%252520Drill%252520Making%252520Rotary%252520Tools%252520Homemade%252520CNC%252520Tools%252520Home%252520Built%252520Circuit%252520Board%252520PCB%252520Drilling%252520Rebuild%252520Battery%25252018650%252520Fix%252520Power%252520Cordless%252520Wood%252520Plant%252520Table%252520Plans%252520%252520Guild%252520Power%252520Tools%252520Projects%252520Chuck%252520Spindle%252520Collet%252520ER11source&title=Homemade%252520Mini%252520Press%252520Drill%252520Milling%252520Mill%252520Router%252520Wood%252520Lathe%252520Headstock%252520DIY%252520Spindle%252520Slide%252520Machine%252520CNC%2525202&url=https%25253A%25252F%25252F3d4diy.com%25252Fhomemade-mini-press-drill-milling-mill-router-wood-lathe-headstock-diy-spindle-slide-machine-cnc-2.html,0.7130449
http://delicious.com?title=Simple+Way+to+Send+Money+to+India+-+When+you+send+money+online+to+India%25252C+just+do+a+quick+lookup+of+the+current+exchange+rate.+Use+this+number+as+the+baseline+comparison+for+each+provider+for+sending+money+to+India&url=http%25253A%25252F%25252Fwww.onlinearticlesdirectories.com%25252Fsimple-way-to-send-money-to-india,0.7130449
http://delicious.com?noui=&title=Noticias%252520e%252520im%2525C3%2525A1genes%252520de%252520Gears%252520Of%252520Wars%2525203&url=http%3A//sinfanboys.com/2010/05/08/noticias-e-imagenes-de-gears-of-wars-3/&v=5,0.7130449
http://delicious.com?notes=The%2520entire%2520roof%2520of%2520Lucas%2520Oil%2520Stadium%2520will%2520be%2520inspected%2520after%2520three%2520fans%2520were%2520injured%2520by%2520a%2520falling%2520bolt%2520Thursday%2520night%2520at%2520the%2520Colts%2520preseason%2520game.%2520Twitter%2520user%2520Amber%2520Meranda%252C%2520who%2520was%2520sitting%2520near%2520where%2520the%2520object%2520fell%252C%2520said%2520she%2520heard%2520%2522two%2520separate%2520clanking%2520Located%2520in%2520the%2520center%2520of%2520downtown%2520Indianapolis%252C%2520this%2520hotel%2520is%2520connected&title=Hotels%2520Near%2520Lucas%2520Oil%2520Stadium&url=https%3A//www.konaktepehotel.com/hotels-near-lucas-oil-stadium/,0.7130449
http://delicious.com?jump=close&noui=1&provider=WinInizio&title=Elsa%252520Microlink%25252056k&url=http%3A//forum.wininizio.it/index.php%253F/topic/18039-elsa-microlink-56k/%252526do%3DfindComment%252526comment%3D136886&v=5,0.7130449
http://delicious.com?title=%2525DA%2525A9%2525D9%252586%2525DA%2525A9%2525D8%2525A7%2525D8%2525B4%2525DB%25258C-%2525D8%2525AF%2525D8%2525B1-%2525D8%2525B3%2525DA%2525A9%2525D9%252588%2525D8%2525AA-%2525D8%2525B9%2525D9%252584%2525D9%252585%2525D8%2525A7%2525D8%2525A1&url=http%3A//asrislam.com/fa/news/20884/%2525DA%2525A9%2525D9%252586%2525DA%2525A9%2525D8%2525A7%2525D8%2525B4%2525DB%25258C-%2525D8%2525AF%2525D8%2525B1-%2525D8%2525B3%2525DA%2525A9%2525D9%252588%2525D8%2525AA-%2525D8%2525B9%2525D9%252584%2525D9%252585%2525D8%2525A7%2525D8%2525A1,0.7130449
http://delicious.com?title=%2525D8%2525B9%2525D9%252584%2525D8%2525A7%2525D9%252585%2525D9%252587%252520%2525D8%2525B3%2525D9%25258A%2525D8%2525AF%2525D9%252585%2525D8%2525AD%2525D9%252585%2525D8%2525AF%2525D8%2525AD%2525D8%2525B3%2525D9%25258A%2525D9%252586%2525E2%252580%25258C%252520%2525D8%2525B7%2525D8%2525A8%2525D8%2525A7%2525D8%2525B7%2525D8%2525A8%2525D8%2525A7%2525DB%25258C%2525DB%25258C&url=http%3A//irdc.ir/fa/news/5324/%2525D8%2525B9%2525D9%252584%2525D8%2525A7%2525D9%252585%2525D9%252587-%2525D8%2525B3%2525D9%25258A%2525D8%2525AF%2525D9%252585%2525D8%2525AD%2525D9%252585%2525D8%2525AF%2525D8%2525AD%2525D8%2525B3%2525D9%25258A%2525D9%252586%2525E2%252580%25258C-%2525D8%2525B7%2525D8%2525A8%2525D8%2525A7%2525D8%2525B7%2525D8%2525A8%2525D8%2525A7%2525DB%25258C%2525DB%25258C,0.7130449
http://delicious.com?jump=close&noui=&title=Businesses+in+this+state+face+a+%2525249+billion+tax+increase&url=https%3A//www.whatreallyhappened.com/content/businesses-state-face-9-billion-tax-increase&v=5,0.7130449
http://delicious.com?jump=close&noui=&title=The+Democrat-Big+Tech+censorship+alliance+just+ran+a+masterclass+in+media+control+for+dictators+around+the+world&url=https%3A//www.whatreallyhappened.com/content/democrat-big-tech-censorship-alliance-just-ran-masterclass-media-control-dictators-around-wo&v=5,0.7130449
http://delicious.com?title=International&url=http%3A//www.kultur-macht-schule.de/international.html,0.7130449
http://delicious.com?notes=Sandra+Ceciarini+Advice+Soci%2525C3%2525A9t%2525C3%2525A9+par+Actions+simplifi%2525C3%2525A9e+%252528Soci%2525C3%2525A9t%2525C3%2525A9+%2525C3%2525A0+associ%2525C3%2525A9e+unique%252529%25250D%25250A%25250D%25250ASi%2525C3%2525A8ge+social+%25253A+42+Rue+de+l%2525E2%252580%252599Annonciation+75016+Paris%25250D%25250A%25250D%25250Atel.+33+%2525280%2525291+45+24+57+53+e-mail%25253A+sc%252540international-advice.org%25250D%25250A%25250D%25250ASAS+au+capital+de+10.000+euros+SIRE&title=Legal+Mention&url=http%25253A%25252F%25252Fen.international-advice.org%25252Flegal-mention,0.7130449
http://delicious.com?notes=&tags=&title=Out+With+a+Bang%25253A+A+Checklist+for+End-of-Year+Marketing+Initiatives&url=https%3A//clenchmedia.com/out-with-a-bang-a-checklist-for-end-of-year-marketing-initiatives/&v=2,0.7130449
http://delicious.com?notes=Tad%2525C4%2525B1na+bakar+bakmaz+tarifini+kom%2525C5%25259Fumdan+al%2525C4%2525B1p+hemen+denedim.%25250AMuhte%2525C5%25259Fem+bir+kek.+Denemenizi+%2525C5%25259Fiddetle+tavsiye+ederim.%25250A%25250A%25250A%25250A%25250A%25250AMalzemeler%25253A%25250A%25250A4+adet+yumurta%25250A%25250A1+su+barda%2525C4%25259F%2525C4%2525B1+toz+%2525C5%25259Feker%25250A%25250A%2525C2%2525BD+%2525C3%2525A7ay+barda%2525C4%25259F%2525C4%2525B1+s%2525C4%2525B1v%2525C4%2525B1ya%2525C4%25259F+%252528ufak+boy%252529%25250A%25250A%2525C2%2525BD+%2525C3%2525A7ay+barda%2525C4%25259F%2525C4%2525B1+su%25250A%25250A1+paket&title=TAH%2525C4%2525B0NL%2525C4%2525B0+NEF%2525C4%2525B0S+KEK&url=https%25253A%25252F%25252Fwww.semraninmutfagi.com%25252Ftahinli-nefis-kek%25252F,0.7130449
http://delicious.com?jump=close&noui=&title=Synonymes+de+taupe&url=https%253A%252F%252Ftrovami.altervista.org%252Ffr%252Fsinonimi%252Ftaupe&v=5,0.7130449
http://delicious.com?notes=&tags=&title=Programming+examples&url=https%3A//www.mathcadhelp.com/programming-examples-12710&v=2,0.7130449
http://delicious.com?jump=close&title=feature-box-2.png&url=https%3A//womenbag.xyz/feature-box-2-png/&v=5,0.7130449
http://delicious.com?jump=close&noui=&title=Advising+Appointments+Resume+June+15%252521&url=https%25253A%25252F%25252Fpublish.illinois.edu%25252Fprelawadvising%25252F2020%25252F06%25252F11%25252Fadvising-appointments-resume-june-15%25252F&v=5,0.7130449
http://delicious.com?title=%2525DB%25258C%2525DA%2525A9+%2525D9%252586%2525D9%252585%2525D8%2525A7%2525DB%25258C%2525D9%252586%2525D8%2525AF%2525D9%252587+%2525D9%252585%2525D8%2525AC%2525D9%252584%2525D8%2525B3%25253A+%2525D8%2525AF%2525D9%252588%2525D9%252584%2525D8%2525AA+%2525D8%2525A7%2525D9%252582%2525D8%2525AF%2525D8%2525A7%2525D9%252585+%2525D9%252581%2525D9%252588%2525D8%2525B1%2525DB%25258C+%2525D8%2525A8%2525D8%2525B1%2525D8%2525A7%2525DB%25258C+%2525D9%2525BE%2525D8%2525B1%2525D8%2525AF%2525D8%2525A7%2525D8%2525AE%2525D8%2525AA+%2525D9%2525BE%2525D8%2525A7%2525D8%2525AF%2525D8%2525A7%2525D8%2525B4+%2525D9%2525BE%2525D8%2525A7%2525DB%25258C%2525D8%2525A7%2525D9%252586+%2525D8%2525AE%2525D8%2525AF%2525D9%252585%2525D8%2525AA+%2525D8%2525A8%2525D8%2525A7%2525D8%2525B2%2525D9%252586%2525D8%2525B4%2525D8%2525B3%2525D8%2525AA%2525DA%2525AF%2525D8%2525A7%2525D9%252586+%2525D8%2525A7%2525D9%252586%2525D8%2525AC%2525D8%2525A7%2525D9%252585+%2525D8%2525AF%2525D9%252587%2525D8%2525AF&url=http%3A//www.avayeparsian.ir/index.php/2017-05-15-07-07-03/4598-2019-09-02-07-36-23/%2525DB%25258C%2525DA%2525A9+%2525D9%252586%2525D9%252585%2525D8%2525A7%2525DB%25258C%2525D9%252586%2525D8%2525AF%2525D9%252587+%2525D9%252585%2525D8%2525AC%2525D9%252584%2525D8%2525B3%25253A+%2525D8%2525AF%2525D9%252588%2525D9%252584%2525D8%2525AA+%2525D8%2525A7%2525D9%252582%2525D8%2525AF%2525D8%2525A7%2525D9%252585+%2525D9%252581%2525D9%252588%2525D8%2525B1%2525DB%25258C+%2525D8%2525A8%2525D8%2525B1%2525D8%2525A7%2525DB%25258C+%2525D9%2525BE%2525D8%2525B1%2525D8%2525AF%2525D8%2525A7%2525D8%2525AE%2525D8%2525AA+%2525D9%2525BE%2525D8%2525A7%2525D8%2525AF%2525D8%2525A7%2525D8%2525B4+%2525D9%2525BE%2525D8%2525A7%2525DB%25258C%2525D8%2525A7%2525D9%252586+%2525D8%2525AE%2525D8%2525AF%2525D9%252585%2525D8%2525AA+%2525D8%2525A8%2525D8%2525A7%2525D8%2525B2%2525D9%252586%2525D8%2525B4%2525D8%2525B3%2525D8%2525AA%2525DA%2525AF%2525D8%2525A7%2525D9%252586+%2525D8%2525A7%2525D9%252586%2525D8%2525AC%2525D8%2525A7%2525D9%252585+%2525D8%2525AF%2525D9%252587%2525D8%2525AF,0.7130449
http://delicious.com?notes=&tags=&title=satellite-P845T-S4305-600-02&url=http%3A//www.westernoffice.net/%253Fattachment_id%3D2678&v=2,0.7130449
http://delicious.com?jump=close&noui=&title=Synonymes+de+estomp%25C3%25A9&url=http%253A%252F%252Ftrovami.altervista.org%252Ffr%252Fsinonimi%252Festomp%2525C3%2525A9&v=5,0.7130449
http://delicious.com?jump=close&noui=&title=LOST+DEADPOOL+%252528no+spoilers%252529&url=https%25253A%25252F%25252Fthe-w.com%25252Flost-deadpool-no-spoilers&v=5,0.7130449
http://delicious.com?title=Izzo%252520appointed%252520environmental%252520health%252520and%252520safety%252520director&url=http%3A//www.princetonpublicevents.org/2013/02/28/izzo-appointed-environmental-health-and-safety-director/,0.7130449
http://delicious.com?title=Hillbilly+Elegy&url=https%3A//moviecuriosities.fmuk.org.uk/%253Fp%3D9772,0.7130449
http://delicious.com?url=http%25253A%25252F%25252Frbphotographic.co.uk%25252Fbbc-at-its-best-stargazing-live-2015%25252F,0.7130449
http://delicious.com?title=Don%252526%252523039%25253Bt+Be+Misled+By+These+Assumptions%25252C+Carbs+Are+Very+Necessary+For+The+Body%25252C+And+They+Are+An+Important+Part+Of+A+Balanced+Diet&url=http%25253A%25252F%25252Ffingerelevenonethingmeaning.soup.io%25252Fpost%25252F645288656%25252FDont-Be-Misled-By-These-Assumptions-Carbs%25253Fp%25253D789,0.7130449
http://delicious.com?title=Rebirth%252520of%252520Honor%252520%28English/European%252520Windows%252520edition%29&url=https%3A//videogamegeek.com/videogameversion/186454/englisheuropean-windows-edition,0.7130449
http://delicious.com?title=Bringing+a+brand-new+infant+residence+is+a+time+for+wonderful+pleasure+and+occasion.+There+are+so+a+lot+of+amazing+experiences+awaiting+the+pleased+family.+Yet%25252C+it+does+not+take+long+for+mom+and+father+to+uncover+that+taking+care+of+a+newborn+infant%25252C+whil&url=http%25253A%25252F%25252Fwww.dailystrength.org%25252Fpeople%25252F3657263%25252Fjournal%25252F8693819,0.7130449
http://delicious.com?jump=close&noui=&title=Russia+Contagion+Spreads+To+European+Banks+%25253A+French+SocGen%25252C+Austrian+Raiffeisen+Plummet&url=https%3A//www.whatreallyhappened.com/content/russia-contagion-spreads-european-banks-french-socgen-austrian-raiffeisen-plummet&v=5,0.7130449
http://delicious.com?notes=&tags=&title=940x480_1&url=http%3A//www.fincloud.tv/portfolio-item/yle-live/940x480_1-6/&v=2,0.7130449
http://delicious.com?jump=close&noui=&title=%2525E3%252583%252591%2525E3%252583%252581%2525E3%252583%25259E%2525E3%252582%2525ACGIGAWARS%2525E8%2525B6%252585+%2525E3%252582%2525B7%2525E3%252583%2525BC%2525E3%252582%2525BA%2525E3%252583%2525B33+%2525EF%2525BC%25258312+%2525E5%25258A%2525A9%2525E5%252585%2525AD%2525EF%2525BC%252586%2525E3%252582%2525B7%2525E3%252583%2525AB%2525E3%252583%2525B4%2525E3%252582%2525A3%2525E3%252583%2525BC%2525EF%2525BC%252586%2525E3%252583%25259D%2525E3%252582%2525B3%2525E7%2525BE%25258E+%2525E5%2525BE%25258C%2525E5%25258D%25258A%2525E6%252588%2525A6+%2525E5%25258B%252595%2525E7%252594%2525BB%2525EF%2525BC%25259A%252540nifty%2525E3%252582%2525A8%2525E3%252583%2525B3%2525E3%252582%2525BF%2525E3%252583%2525A1&url=https%3A//entame.nifty.com/cs/catalog/entame_contents/catalog_r05hob180509330937930_1.htm&v=5,0.7130449
http://delicious.com?jump=close&noui=&title=EL+ARTE+DE+LA+GUERRA&url=%25252Flibro%25252Fver%25252Fid%25252F2249364%25252Ftitulo%25252FEL-ARTE-DE-LA-GUERRA.html&v=5,0.7130449
http://www.delicious.com?title=%25C2%25AB%25D8%25A8%25D8%25B1%2520%25D8%25A8%25D9%2584%25D9%2586%25D8%25AF%25D8%25A7%25DB%258C%2520%25D8%25AD%25D9%2584%25D8%25A8%25C2%25BB%25D8%259B%2520%25D8%25B1%25D9%2588%25D8%25A7%25DB%258C%25D8%25AA%25DB%258C%2520%25D8%25A7%25D8%25B2%2520%25D8%25AA%25DA%25A9%25D8%25A7%25D9%2588%25D8%25B1%25D8%25A7%25D9%2586%2520%25D9%2585%25D8%25AF%25D8%25A7%25D9%2581%25D8%25B9%2520%25D8%25AD%25D8%25B1%25D9%2585%2520%25D8%25A7%25D8%25B1%25D8%25AA%25D8%25B4%2520%25D8%25A7%25DB%258C%25D8%25B1%25D8%25A7%25D9%2586%2520%25D9%2585%25D9%2582%25D8%25A7%25D8%25A8%25D9%2584%2520%25D8%25AF%25D8%25A7%25D8%25B9%25D8%25B4&url=https%3A//navideshahed.com/fa/news/495508/%25D8%25A8%25D8%25B1-%25D8%25A8%25D9%2584%25D9%2586%25D8%25AF%25D8%25A7%25DB%258C-%25D8%25AD%25D9%2584%25D8%25A8-%25D8%25B1%25D9%2588%25D8%25A7%25DB%258C%25D8%25AA%25DB%258C-%25D8%25A7%25D8%25B2-%25D8%25AA%25DA%25A9%25D8%25A7%25D9%2588%25D8%25B1%25D8%25A7%25D9%2586-%25D9%2585%25D8%25AF%25D8%25A7%25D9%2581%25D8%25B9-%25D8%25AD%25D8%25B1%25D9%2585-%25D8%25A7%25D8%25B1%25D8%25AA%25D8%25B4-%25D8%25A7%25DB%258C%25D8%25B1%25D8%25A7%25D9%2586-%25D9%2585%25D9%2582%25D8%25A7%25D8%25A8%25D9%2584-%25D8%25AF%25D8%25A7%25D8%25B9%25D8%25B4,0.7130449
http://delicious.com?title=Consider%252520These%252520Options%252520To%252520Help%252520Grow%252520Your%252520Organization&url=http%3A//www.realunifi.com/2018/04/20/consider-these-options-to-help-grow-your-organization-2/,0.7130449
http://delicious.com?notes=&tags=&title=Working+With+The+Partial+Differential+Equation+Toolbox&url=https%3A//www.homeworkaustralia.com/working-with-the-partial-differential-equation-toolbox-assignment-help-23023&v=2,0.7130449
http://delicious.com?notes=&tags=&title=New%252520Michael%252520Jackson%252520single%252520debuts%252520online&url=http%25253A%25252F%25252Fwww.sfltimes.com%25252Funcategorized%25252Fnew-michael-jackson-single-debuts-online&v=2,0.7130449
http://delicious.com?jump=close&noui=&title=Music+Tastes+Good+Festival+tickets+on+TicketSolutions.com%21&url=http%25253A%25252F%25252Fwww.ticketsolutions.com%25252FMTQ2MjcyNjE&v=5,0.7130449
http://delicious.com?notes=&tags=&title=Lluvia+de+piedras+sobre+L%252526%2525238217%25253BAigle&url=https%25253A%25252F%25252Flapiedradesisifo.com%25252F2018%25252F01%25252F22%25252Flluvia-piedras-laigle%25252F&v=2,0.7130449
http://delicious.com?notes=&tags=&title=Maximising+Your+Rental+Income+Potential&url=https%3A//www.cbba.es/news/maximising-your-rental-income-potential/&v=2,0.7130449
http://delicious.com?title=PAKET+TOUR+LOMBOK+MURAH+DAN+TERBUKTI+MEMUASKAN+-+Anda+Lupa%25253F%25253F%25253F+Kami+punya+banyak+Paket+Tour+Lombok+Murah+dan+sudah+Terbukti+Memuaskan+ke+ribuan+tamu+kami+selama+ini.+HARGA+MURAH+MESKI+TANPA+DISKON+%252521%252521%252521%252521&url=https%25253A%25252F%25252Ftravelagentlombok.com%25252Fpaket-tour-lombok-murah,0.7130449
http://delicious.com?notes=Bahahahahaha%25250A%25250Ago%252520play%252520this.%25250A%25250ATry%252520to%252520get%252520to%252520at%252520least%252520level%2525205%252520-%252520it%252527s%252520worth%252520it%252521&title=a%252520%252522Thrilling%252522%252520waste%252520of%252520time&url=http%25253A%25252F%25252Fwww.worldwidewatercooler.com%25252F2004%25252F02%25252F16%25252Fa-thrilling-waste-of-time%25252F,0.7130449
http://www.delicious.com?title=%25D8%25AC%25D8%25A7%25D9%2586%2520%25D9%2585%25D8%25A7%25D8%25AF%25D8%25B1%25D8%259B%2520%25D8%25AE%25D8%25A8%25D8%25B1%25D9%2587%25D8%25A7%25DB%258C%2520%25D8%25AC%25D8%25AF%25DB%258C%25D8%25AF%25DB%258C%2520%25D8%25AF%25D8%25B1%2520%25D8%25B1%25D8%25A7%25D9%2587%2520%25D8%25A7%25D8%25B3%25D8%25AA%21&url=https%3A//navideshahed.com/fa/news/494925/%25D8%25AC%25D8%25A7%25D9%2586-%25D9%2585%25D8%25A7%25D8%25AF%25D8%25B1-%25D8%25AE%25D8%25A8%25D8%25B1%25D9%2587%25D8%25A7%25DB%258C-%25D8%25AC%25D8%25AF%25DB%258C%25D8%25AF%25DB%258C-%25D8%25AF%25D8%25B1-%25D8%25B1%25D8%25A7%25D9%2587-%25D8%25A7%25D8%25B3%25D8%25AA,0.7130449
http://delicious.com?jump=close&noui=&title=%2525E3%252582%2525A4%2525E3%252583%252588%2525E3%252582%2525B7%2525E3%252583%2525B3%2525E3%252583%2525BB%2525E7%2525A7%25258B%2525E5%2525B1%2525B1%2525E3%252581%2525AE%2525E5%252585%2525A8%2525E9%252596%25258B%2525EF%2525BC%252581%2525E6%2525BF%252580%2525E3%252581%252597%2525E3%252581%25258F%2525E3%252582%2525B9%2525E3%252583%2525AD%2525E3%252583%252583%2525E3%252583%252588%2525E3%252583%2525AB%2525EF%2525BC%252581+%2525EF%2525BC%2525836+%2525E5%25258B%252595%2525E7%252594%2525BB%2525EF%2525BC%25259A%252540nifty%2525E3%252582%2525A8%2525E3%252583%2525B3%2525E3%252582%2525BF%2525E3%252583%2525A1&url=https%3A//entame.nifty.com/cs/catalog/entame_contents/catalog_o05hob150403330872153_1.htm&v=5,0.7130449
http://sirex.lt/posts/2020/duomenu-atverimo-vyriausiasis-specialistas,0.69756806
http://www.digital-monkey.it/realizzazione-siti-web-albizzate,0.6955141
http://www.pdfstall.online/2019/05/intelligent-systems-control-and.html,0.69414
http://hoplaebay.co.il/%D7%90%D7%99%D7%91%D7%99%D7%99-%E2%80%93-%D7%94%D7%AA%D7%A4%D7%AA%D7%97%D7%95%D7%AA-%D7%95%D7%A9%D7%99%D7%A0%D7%95%D7%99.html,0.68274516
http://www.wikimedan.com/read/startup-tanihub-group-toreh-pertumbuhan-bisnis-6x-lipat-sepanjang-2020,0.6804114
http://tweakers.net/nieuws/92384/aftappen-van-google-gebeurde-vanuit-verenigd-koninkrijk.html,0.6767396
http://seoresellerprogram.co/2021/01/05,0.66271704
http://tudigitale.it/ip-dedicato-serve-sito-web-si-no,0.66206354
http://reviewaja.com/bor-listrik-terbaik,0.661929
http://smasoku.blog.jp/archives/2018-06.html,0.6548667
http://teorisaham.com/begini-loh-cara-main-saham-buat-pemula-supaya-terhindar-dari-kerugian-yang-harus-kamu-ketahui,0.6547799
http://www.stmarysnuneaton.org/author/administrator,0.64924484
http://www.livetekno.com/3-aplikasi-android-anti-lemot-terbaru-dan-terpopuler,0.6471257
http://asikliga.com/desktop/forgot-password,0.6367205
http://blogs.mdaemon.com/index.php/category/email-best-practices,0.62732667
http://impactaacademy.com/4-tips-para-usar-imagenes-en-las-redes-sociales,0.6270706
http://www.dropshippingwebs.com/products/proveedores-que-ofrecen-productos-de-inteligencia-de-negocios,0.6250935
http://profdigitale.com/trashware,0.62477714
http://skillupurlife.com/2021/02/08/denkfehler,0.6236919
http://www.abijita.com/multiple-vulnerabilities-found-in-fiberhome-hg6245d-routers,0.622648
http://larcona.se/stories,0.62250245
http://www.led.micros.pl,0.61812896
http://es.gizmodo.com/esta-es-la-mayor-replica-en-lego-jamas-creada-de-una-na-509504019,0.6178503
http://www.techbang.com/posts/4647-ces-2011-blackberry-playbook-7-inch-flat-panel-black-horse,0.61596125
http://thenextweb.com/security/2019/09/04/hackers-are-now-attacking-android-users-with-advanced-sms-phishing-techniques,0.61592364
http://blog.apt-secure.ca/2020/06,0.6132333
http://www.pulseconferences.com/conference/snyk-orange-cyberdefense-ciso-360-roundtable-2021,0.61236405
http://tenera-it.be,0.6097796
http://bijijitu.org?content=slot,0.6079967
http://blog.deurainfosec.com/growing-social-networks-and-widening-threats,0.60782963
http://www.rfqsoftware.com/2020/05/08/computer-software-development-for-your-business,0.6062714
http://computerrepairssutherlandshire.com.au/tech-support-sutherland-shire,0.60533637
http://www.turnaround.design/news/tag/interface,0.6040609
http://rimzy.net/category/scaling,0.60017896
http://www.onthebeach.co.uk/destinations/turkey/bodrum/gumbet?u_allocation=72,0.59942865
http://tudorfair.com/blogs/the-tudor-fair-blog/old-music-monday-the-colorful-life-of-francesco-maria-veracini,0.5989806
http://www.onthebeach.co.uk/hotels/turkey/antalya/belek/port-nature-luxury-resort-hotel-spa,0.5982866
http://ithelpsupport.com/what-is-routing-protocols,0.5974299
http://www.absolutejobs.be/fr/blog-detail/nieuwe-website,0.597155
http://www.amystevensonline.com/2020/03/14/orkut-hello?replytocom=1041,0.59687644
http://cleverchance.com/kravitz-legal-sports-gambling-in-indiana-is-generating-big,0.5959055
http://cloud.google.com/service-mesh/docs/gke-on-prem-install-multicluster-vmware?hl=es-419,0.5938492
http://www.ceritaomith.com/2017/06/nasib-industri-gula-indonesia.html,0.5936198
http://marcocassol.com.br/implante-de-silicone,0.5934782
http://coindoo.com/daostack-catalyzing-the-future-of-collaboration,0.5926156
http://m.ilive.com.ua/health/sheechnaya-i-peresheechno-sheechnaya-beremennost_107764i15953.html,0.59228504
http://cleverchance.com/betway-becomes-official-betting-partner-of-efc,0.5912208
http://junkersroma.it/assistenza-caldaie-junkers-giustiniana,0.59100854
http://sweedly.se/webbyra-monsteras,0.5898186
http://brisbanehousing.com/tag/slip-and-fall,0.5897075
http://dosenonline.id/cara-mengatasi-laptop-blank-hitam-saat-dinyalakan,0.58912736
http://nicolavernici.com/it/farbelast.html,0.5887189
http://www.onthebeach.co.uk/hotels/greece/santorini/imerovigli/andronis-concept-wellness-resort,0.58322275
http://inblurbs.de/blog/category/webseiten-erstellung,0.58299965
http://www.imli.com/imlog/archivi/001456.html,0.5824617
http://bithub.pl/wiadomosci/kryptowaluty-sa-paliwem-dla-nowego-internetu-powiedzial-wspolzalozyciel-reddita,0.58182836
http://www.airjordans.us.org/pemahaman-serta-panduan-main-judi-poker-online,0.58179843
http://www.stephensonstrategies.com/category/health/page/2,0.5798118
http://securelist.com/it-threat-evolution-q1-2017/78452,0.5791144
http://www.sendilo.it/migliore-cuffie-iphone-7-senza-fili-recensioni-e-prezzi,0.5787744
http://www.nosolocodigo.com/la-neutralidad-de-la-red-amenazada-en-espana,0.5782777
http://h1bdata.info/index.php?city=NEW+PORT+RICHEY&year=2020,0.5768963
http://www.cozily.it/blog/dipendenza-dal-lavoro-sempre-piu-connessi-con-lo-smartworking,0.57434964
http://gizmodo.uol.com.br/este-robo-usa-ultrassom-para-acertar-corretamente-sua-veia-ao-coletar-sangue,0.57393837
http://www.readability.com?url=https%3A//www.lit-across-frontiers.org/resources/sidekick-books/,0.5736577
http://www.readability.com?url=https%3A//kwerfeldein.de/2016/06/06/rezension-fotografen-a-z-taschen/,0.5736577
http://ipstrategy.com/2018/06/04/culture-eats-strategy-for-breakfast,0.57329184
http://pengi.co/el-servicio-al-cliente-se-ha-salido-de-control-2,0.5731855
http://blog.mid.as/tag/v4-12,0.572898
http://www.nmap-corp.com/2020/11/role-of-technology-in-revolutionizing-e-commerce-for-the-beauty-industry,0.57115114
http://reltix.net/an-introduction-to-the-most-used-crypto-currencies.html,0.57114595
http://boingboing.net/2019/10/03/john-wilcock-establishing-the.html,0.57088476
http://www.smart-rechner.de/lumen_watt_umr/infothek/energiesparlampe_led.php,0.5703313
http://www.q-israel.com/post/%D7%98%D7%99%D7%95%D7%9C-%D7%90%D7%9C-%D7%97%D7%95%D7%A8-%D7%A9%D7%97%D7%95%D7%A8,0.5695831
http://enviwiki.cz/w/index.php?oldid=17134&title=Efektivnost_soukrom%C3%BDch_projekt%C5%AF_na_ochranu_%C5%BEivotn%C3%ADho_prost%C5%99ed%C3%AD,0.5690434
http://knightglen.com/new-building-a-continuous-integration-workflow-with-step-functions-and-aws-codebuild,0.5684396
http://5bn.wiki/wiki/Sammelrohr-SBS,0.56625384
http://teia.bio.br/artigos/archives_month:feb_2021,0.56609786
http://www.enerjigundemi.net/abdde-en-hizli-buyuyen-meslekler-gunes-ve-ruzgar-teknisyenligi,0.5659903
http://forum.bebac.at/forum_entry.php?id=21710&order=time,0.565953
http://128.199.138.199/trik-jitu-menang-taruhan-situs-sabung-ayam-online,0.5629065
http://blog.eero.com/the-evolution-of-communications-from-morse-code-to-140-characters,0.56252843
http://scitech.blogs.cnn.com/category/online-news,0.56216276
http://www.absoluteplacementtoday.com/2011/08/31/seo-explained,0.56202877
http://techtoday.lenovo.com/nz/en/solutions/smb/internet-things-iot-future-interconnectivity,0.55917597
http://www.webhostingsecretrevealed.net/bn/blog/web-tools/torguard-review,0.5586618
http://www.myspsolution.com/news-events/rest-vs-messaging-for-microservices-which-one-is-best,0.5586306
http://www.durreryorkies.com/author/GABRIEL,0.55849385
http://fuhrer-luftwaffe.blogspot.com/2009/09,0.558275
http://sarimanggisvip.com/penjual-permen-hamer-wonosari,0.5576245
http://www.pinjamanuangtanpajaminan.tk/2019/05/aplikasi-pinjaman-uang-terbaru-tanpa.html,0.5569185
http://westlandpeppers.blogspot.com/2017/08,0.5564176
http://sejatual.com.br/o-futuro-do-dolar,0.55586374
http://www.yoorshop.hosting/announcements/346/Update-website-YOORshop.html,0.55585134
http://www.drivetraffictomywebsite.com/mo/st.-joseph/internet-marketing-services,0.5548161
http://m.ilive.com.ua/health/peritonealnyy-dializ_105462i15988.html,0.5544979
http://wiki.ezvid.com/best-electric-shoe-polishers,0.5540037
http://inspiration.cricut.com/tag/cardstock,0.5536826
http://www.geenstijl.nl/3098511/kos_bos_los_hos_flos_mos_achgos,0.5525075
http://www.darkmatter.radio/blogs/blog/crop-destroying-armyworm-major-threat-world-farming,0.5524542
http://activators4windows.com/2021/01/06/nordvpn-crack-free-download,0.5522579
http://theinfolist.com/php/SummaryGet.php?FindGo=Fiber_optic,0.5522357
http://www.yoorshop.hosting/announcements/2811/Site-officiel-des-Gilets-Jaunes.html,0.55204505
http://nl.wikihow.com/Deskundigen?name=susanstocker,0.55054975
http://semnastek.polinema.ac.id?cat=2538,0.5503174
http://www.giraffic.co.il/%D7%97%D7%A9%D7%95%D7%91-%D7%9C%D7%93%D7%A2%D7%AA-%D7%A2%D7%9C-%D7%9E%D7%99%D7%AA%D7%95%D7%92,0.5486855
http://www.2017wholesalenfljerseys.com/%D9%86%D8%AD%D9%88%D9%87-%DB%8C-%D8%AA%D8%BA%DB%8C%DB%8C%D8%B1-%D8%B1%D9%86%DA%AF-%D8%AF%D8%A7%D8%AF%D9%86-%D9%84%D8%A8-%D9%87%D8%A7-%D8%AF%D8%B1-adobe-photoshop,0.5485722
http://www.portaldopoker.com/melhores-sites-de-poker-para-jogar-online,0.54795253
http://neovents.fr/voyance/pliable.htm,0.54787254
http://proteksupport.com/security-alert-mimecast,0.546968
http://smartercamping.de/zeltstoff-polyester-nylon-baumwolle,0.54681706
http://www.dvtechniques.fr/01-electricite/devis-electricite-allier-03/renovation-electrique-colombier-03-03081.html,0.54614085
http://www.burning-glass.com/building-bots-how-artificial-intelligence-demand-is-shaking-up-financial-services-hiring,0.54587436
http://digiconomist.net/the_future_of_payment_systems,0.5455296
http://www.webizen.net.au/semantic-web-an-intro,0.54546404
http://sen-seo.it/consulente-seo-ostuni,0.54542077
http://glass-door.us/doors/sliding-barn-doors/sliding-glass-barn-doors/2406/sliding-glass-barn-door-sgd-v1000-0237,0.5453329
http://liputanusaha.com/ini-langkah-langkah-dalam-analisa-potensi-pasar-buat-pebisnis-pemulabagi-para-wiraswasta,0.5448433
http://www.cleantechblog.com/blog/2008/09/first-impressions-of-china.html,0.5446147
http://blog.luigimengato.com/2010/08/un-telefono-senza-fili-outdoor.html,0.54451025
http://www.newsdemon.com/blog/sos-still-healthy-and-active-at-100,0.5439197
http://www.schlagerpinglan.se/blog/2021/02/20/snabbguide-kvallens-esc-shower-2021-02-20,0.54272723
http://profvesti.org/author/theo,0.54267097
http://omkling.com/kak-podnjat-samoocenku,0.5424757
http://www.skyrim.4fan.cz/forum/viewthread.php?pid=108537&thread_id=4139,0.54239535
http://techmaza.org/tag/tinder-the-app-for-your-mobil-e,0.54144293
http://webseodps.com/membuat-web-tanpa-coding-informasi-terbaru-untuk-anda,0.54138017
http://corporalfrisk.com/2015/10/08/mta-2020-bigger-hulls-and-added-capabilities?msg=fail&shared=email,0.5413068
http://www.saibaworld.com/2017/07,0.54070795
http://move2nj.com/category/blog,0.5401145
http://www.dominagoldy.org/2019/04/il-consenso.html,0.53998244
http://upge.wn.com?activate=0&ads=1&author=system&auto=Team+player+online&from=teamplayeronline.com&pagenum=2&query=Team+player+online&template=cheetah-photo-search/index.txt&title=Team+player+online,0.53990704
http://www.cinemocion.es/2017/10/jobs-vs-steve-jobs-5-claves-para.html,0.5396425
http://habr.com/en/post/217387,0.53952813
http://blog.privateinvestmentsnetwork.com/tag/crowdfunding-en,0.53927207
http://bankeronfire.com/revealed-the-guaranteed-method-to-lose-money-in-the-stock-market,0.5391201
http://defendersanddisciples.com/training-targets-defenders-and-disciples,0.5388769
http://freedomproxy.org/bp/eos-asia,0.5385449
http://greg-satell.medium.com?source=post_page-----ed2c927a439b--------------------------------,0.5368593
http://greg-satell.medium.com?source=post_internal_links---------2----------------------------,0.5368593
http://agility-research.com/2016,0.5364005
http://de.directmailmac.com/support/article/544-about-the-general-data-protection-regulation-gdpr,0.53616846
http://stanyanakiev.com/author/stanyanakiev,0.53609556
http://blog.alexandralevit.com/wcw/money,0.53557223
http://www.aplimouse.com/cara-mendiagnosa-kerusakan-power-supply,0.5354623
http://www.caoquefuma.com/2020/05/devido-crise-auto-viacao-1001-estaria.html,0.53534865
http://www.numerama.com/magazine/23225-cyberdefense-les-routeurs-chinois-accuses-d-etre-un-risque.html,0.53434956
http://leblog.indexacapital.com/tag/indices,0.53427523
http://www.jewiki.net/wiki/Flotter_Dreier,0.53425694
http://elifesciences.org/articles/7956,0.5340378
http://www.marketing-chine.com/communication-en-chine/le-british-museum-fait-un-carton-plein-sur-le-e-commerce-en-chine-grace-a-taobao-et-tmall,0.5327839
http://newspicks.com/news/5395657?block=side-news-similar,0.5325879
http://www.fitrian.net/2013/12/jam-dindin-anak.html?showComment=1386727702942,0.5323312
http://cubusregio.com/tag/schatzkiste,0.5320178
http://unenumerated.blogspot.com/2017/02/money-blockchains-and-social-scalability.html?showComment=1486711366564,0.5311903
http://topslotreviews.com/internet-sweepstakes-software-famous-sweepstakes-include,0.530947
http://www.siddharthsarda.com/p/reliability-theatre,0.5307837
http://www.basicthinking.de/blog/2008/04/30/jajah-deal-mit-yahoo,0.53054535
http://www.dailydot.com/debug/fcc-municipal-broadband-ban-vote,0.53041893
http://www.forbes.com/sites/williamarruda/2021/02/21/how-to-create-compelling-content-for-online-presentations,0.53032184
http://miamipool.se/produkt/lock-for-viskan-spa-210-x-210-cm-svart?add-to-cart=24354,0.52971584
http://edit.co.uk/blog/how-bath-salts-polarised-the-uk-serps,0.5293418
http://www.helenduring.com/art-advisory-projects/view/2122755/1/2122777/2172613,0.5288808
http://ipglaboratory.com/category/publications,0.5288147
http://conceptosclaros.com/intervalo-confianza,0.5280919
http://www.cgi.com/fi/fi/mita-on-tekoaly,0.52706873
http://rss1.tonyallaway.com/category/i2i-funding,0.52702695
http://toponlinetool.com/blog/top-14-iot-mobile-app-development-trends-to-expect-in-2020,0.52700114
http://www.extenze.life,0.5261092
http://marketopia.newswire.com/news/lead-generation-and-marketing-agency-marketopia-to-speak-to-msps-21124774,0.52571124
http://www.salemlutheranrockford.org/sap-calculate-planned-delivery-time,0.5255246
http://tophatrank.com/glutenfree-seo-lol,0.5248976
http://www.universmartphone.com/black-shark-4-4-pro-and-their-120w-fast-charger-get-certified-by-the-3c,0.52332646
http://mobile.smallbusinesscomputing.com/tipsforsmallbusiness/market-testing-on-a-shoestring.html,0.5230059
http://www.etsysf.com/blog/archives/03-2016,0.522975
http://sumptergonzalez.com/2010/06/17/scram-devices-lindsay-lohan-and-google-analytics,0.52279925
http://oncobites.blog/2019/10/15/making-new-connections-possible-cross-talk-between-tumors-and-the-brain,0.5227444
http://www.bloglovin.com/@davidscott44/how-to-use-online-banking,0.5225723
http://techstuff.news/uncategorized/2021/02/07/calling-belfast-vcs-be-featured-in-the-great-techcrunch-survey-of-european-vc,0.5225202
http://daypowermedia.com/technology-news/uk-still-leads-the-way-in-specialist-engineering,0.5220543
http://cafepkvgames.net/tips-bermain-poker-qq-pkv-games-terbaik,0.52096593
http://opentiles.org,0.52022773
http://www.imediagame.com,0.5200875
http://prominstal.com/tag/painel-solar,0.5195503
http://promomagazine.club/your-guide-to-discovering-the-most-effective-on-line-betting-tips,0.5194963
http://arkysoft.com/2019/10/28/tips-to-build-a-marketing-agency,0.5186398
http://www.susana.org/en/knowledge-hub/resources-and-publications/library/details/3588?pgrid=1,0.5182255
http://thisisnotaketubah.com/gallery/subte-de-buenos-aires,0.5181161
http://www.jacopotagliabue.it,0.5177915
http://dev.null.org/blog/tags/facebook,0.51776433
http://nationalebabymassagebon.nl/page/2,0.51772046
http://www.ncsheds.org.uk/about-us,0.51669586
http://www.beargryllsgear.org/2021/01,0.51639545
http://docs.cloudera.com/HDPDocuments/HDP1/HDP-1.3.2/bk_cluster-planning-guide/content/conclusion.html,0.5162933
http://www.agoranet.es/blog/desarrollo-y-diseno-web-eficiente,0.51600677
http://www.acepeakinvestment.com/united-states-area-codes-list/gloucester-area-code-978,0.5148368
http://teshcrunch.com/alexa-games,0.51463723
http://www.teknoids.com/2015/03/16/incuriosity-will-kill-your-infrastructure,0.5146221
http://ripple.2chblog.jp/archives/26464920.html,0.5142821
http://support.disruptive-technologies.com/hc/en-us/articles/360012510839-Events,0.5137873
http://www.coppolacomment.com/2013/06/the-zero-sum-trade-in-people.html?showComment=1370788318334,0.5137335
http://bitcoinist.com/vwo-students-read-bitcoin-article-for-english-exam,0.5133522
http://www.lecciones-aprendidas.info/2020/08,0.5127331
http://eduardopvjz098.theburnward.com/7-simple-secrets-to-totally-rocking-your-elektrologos-1,0.5125799
http://francoisderbaix.com/2008/06/12/openbravo-vs-microsoft-dynamics-nav?_wpnonce=e5d9924af4&like_comment=34061,0.5121579
http://frankdimora.typepad.com/the_last_chronicles/2012/04/the-rebuilding-of-babylon-up-dated-for-2012.html?cid=6a00d83534afe169e20263e9571cdd200b,0.51154023
http://bhc3.com/tag/customer-insight,0.5111538
http://www.redbankgreen.com/2013/05/sea-bright-storm-tossed-treasures,0.51042014
http://www.bios-mep.info?m=202011,0.5102518
http://postdigitalnode.com/category/biohacking,0.5099702
http://hardscapeimagingsoftware.com/is-an-online-casino-is-a-trustworthy-site-for-the-players,0.5099059
http://brock.mclellan.no/2021/02/20/wind-turbines-in-cold-weather,0.50861776
http://www.ucl.ac.uk/sts/sts-current-students/prizes-undergraduate-students,0.50826883
http://www.liveiptvx.com/2018/01/livenettvv46-for-watching-live-tv-in.html,0.50816727
http://om.co/gigaom/losses-are-mounting-for-livingsocial,0.5078353
http://giovanna.top/financial-planning-for-your-health-care-business,0.507733
http://www.wopular.com/newsracks/florida+primary,0.5077312
http://seoresellerprogram.co/from-cold-sores-to-sprained-ankles-the-flexibility-of-todays-urgent-care-facility-healthy-huntington,0.50762415
http://sportsthenandnow.com/2017/06/08/latest-golf-technology-to-improve-your-game,0.50756454
http://blog.howtoremoveit.info/most-destructive-computer-viruses,0.50754714
http://missosology.com/miss-world-2019-top-7-early-favourites.html,0.5072886
http://www.gabrielcampisi.com/new-hollywood-book?lightbox=dataItem-k4wbgfzl__item1,0.50564307
http://www.knivestoolsandart.se/2013/03/crossnar-wood-penknife-10649.html,0.5054298
http://www.theautomaticearth.com/tag/black-holes,0.50521994
http://www.debian-srbija.iz.rs/2019/11/blog-post.html,0.50512105
http://www.instructables.com/community/turn-cable-connections-into-wireless-internet,0.5045577
http://a-eremin.ru/rus/works/show?itemid=152&print=1,0.5045546
http://pokazalka.info/category/tehnika,0.5044849
http://www.tptk.xyz/2020/11/whatsapp-users-statistics-ll-whatsapp.html,0.5041995
http://www.jordicals.com/tag/estados-unidos-tiene-libre-acceso-a-google,0.50315744
http://technoinfoplus.com/after-giving-the-worst-performance-trevor-lawrence-losses-heisman-trophy,0.50312006
http://ipkitten.blogspot.com/2003/11/bayonne-bleeder-sues-but-does-his.html,0.5028956
http://www.bedfordshire-escorts.net/areas-covered/shefford-escorts,0.5027896
http://www.jewiki.net/wiki/Gehirnentz%C3%BCndung,0.5025704
http://www.dwpia.com/2020/12/25/the-new-year-brings-end-for-adobe-flash-player,0.5022539
http://www.devicetricks.com/ninja-theorys-bleeding-edge-multiplayer-battler-releasing-in-march,0.5016923
http://www.bart-konieczny.com/fr/blog/securite-des-applications-web/attaques-dos-et-ddos,0.50025535
http://nopornnorthampton.org/2009/04/09/porn-and-escort-ads-an-exploitation-team-explicit-language?msg=fail&shared=email,0.50011784
http://kids.kiddle.co/St_Mary's_Stadium,0.50010747
http://wiki-offline.jakearchibald.com/wiki/Venice_TV_Awards,0.49989802
http://gametren.com/2019/08/27/cara-buat-akun-moonton-mobile-legends?replytocom=761,0.4987786
http://dropshippingit.com/shopify-review,0.49866772
http://ck-wissen.de/ckwiki/index.php?title=Diskussion%3ACluster-Kopfschmerz_Behandlung,0.49851272
http://www.getusb.info/darth-sidious-is-first-of-four-in-new-star-wars-usb-series,0.49845874
http://www.your-critic.com/2011/06/marketing-change-before-our-eyes.html?showComment=1601288850047,0.49832037
http://om.co/gigaom/sprint-super-fast-evdo-this-fall,0.4981334
http://watchmenministries.info/home,0.49776548
http://www.nexuslyseis.co.za/how-does-search-engine-optimisation-help-your-business,0.4971343
http://hackaday.com/2020/12/17/remoticon-video-how-to-use-max-in-your-interactive-projects?replytocom=6304172,0.49704498
http://www.burstcoin.community/fr/burstcoin-software-library,0.496929
http://foreignpolicyi.org/fifa-20-will-need-these-5-changes-according-to-the-players,0.49691248
http://breakingnewslog.com/mib-the-promise-of-5g,0.49608156
http://www.theyworkforyou.com/msp/13960/gavin_brown,0.49602222
http://fritz-aviewfromthebeach.blogspot.com/2020/04/tanlines-thursday.html,0.49600062
http://hackaday.com/tag/tablet-stand,0.49595708
http://de.yunomi.life/ja/collections/japanese-shincha-green-tea-2020?currency=EUR,0.49575388
http://www.ukgameshows.com/ukgs/Your_Face_Sounds_Familiar,0.49540532
http://blog.lofar-uk.org/2009/12,0.4952559
http://allaboutshipping.co.uk/2015/06/11/new-iacs-unified-requirement-ur-for-large-container-ships-further-improves-the-safety-regime-for-these-vessels,0.49442482
http://theduran.com/us-air-force-could-be-biggest-obstacle-to-f-35s-success,0.49441683
http://wasmachendieda.de/2015-02-24/johannes-korten-markencoach-gls-bank?replytocom=720,0.49382854
http://wasmachendieda.de/2015-02-24/johannes-korten-markencoach-gls-bank?replytocom=725,0.49382854
http://sen-seo.it/consulente-seo-surano,0.49359798
http://upge.wn.com?activate=details&pagenum=2&query=Lng+stock&standalone=1&template=cheetah-photo-search/index.txt&title=Lng+stock,0.49352238
http://escapablelogic.com/2007/03/19/the-people-law-trumps-the-power-law,0.49347532
http://www.ottoheijst.com/some-changes-that-you-can-see-in-online-casinos,0.49309945
http://newcomputermuseum.org/guide/supercomputer,0.49309608
http://id.dbpedia.org/page/Sony,0.49288446
http://merehead.com/amp/blog/difference-sto-ico,0.49285525
http://urbansurvival.com/bitcoin-now-bigger-1929-bubble,0.4926366
http://www.contentpress.sk/tvorba-webstranok-contentpress,0.49262756
http://www.pereylaw.com/2014/11/25/the-meaning-of-negligence,0.49240127
http://www.immigration.ca/fr/investment-immigration-singapore,0.49228802
http://hksar.org/signal-and-telegram-messaging-apps-are-seeing-a-sudden-increase-in-users-telegram-founder-explains,0.49213693
http://digitalgardening.com/blog,0.49206048
http://onlinetestpad.com/ru/test/657723-osnovnoj-test-po-fizicheskoj-kulture-dlya-10-11-klassov,0.49204308
http://techpinions.com/quad-core-smartphones-what-it-will-take-to-become-relevant/3931,0.4903728
http://bob.ryskamp.org/brain/category/simplicity,0.4902882
http://culturemob.com/desktop/sport/sbo-virtual-sports,0.4899062
http://tcecbayeselo.chessdom.org/2019/02/23/tcec-season-14-superfinal-game-99-lczero-v20-2-32930-stockfish-190203,0.48989308
http://www.ransbiz.com/2015/05/use-your-computer-as-your-android-phone.html,0.489534
http://www.sdiarticle3.com/review-history/50516,0.48921913
http://endofthegame.net/2012/05/09/psychedelic-mushrooms-and-you?_wpnonce=680373a727&like_comment=2270,0.48900878
http://cloud.google.com/compute/docs/instances/suspend-resume-instance?hl=id,0.48850715
http://libn.com/2012/01/12/stony-brook-opens-911-health-center-at-winthrop,0.48815697
http://e-discoveryteam.com/doc-review/car?_wpnonce=15915e8bd2&like_comment=183117,0.48797753
http://www.bigozmarket.com/australian-capital-city-offers-40-free-vouchers-every-day?replytocom=50,0.4873643
http://donations.vipulnaik.com/donorDonee.php?donee=International+Sephardic+Education+Foundation+%28ISEF%29&donor=Andrea+%26+Charles+Bronfman+Philanthropies,0.48727882
http://www.luro.io/articles/why-shadow-on-a-raspberry-pi-4-would-be-a-complete-game-changer,0.48696616
http://www.diageohotlinepoll.com/a-word-from-our-sponsor-on-how-to-secure-business-insurance-in-new-jersey,0.486526
http://gosyuin-map.seesaa.net/archives/201712-1.html,0.48607153
http://www.dailysahafatquetta.com/22/02/2021/51832,0.48592055
http://blog.angenieux.com/capturing-the-wild-with-ez2-for-the-new-ram-1500,0.48573804
http://linkaaty.org/50,0.48528373
http://eclhost.com,0.48523736
http://webandprintteam.com/make-your-business-card-a-beneficial-marketing-tool,0.4848463
http://www.globalwoodmarketsinfo.com/new-zealand-log-export-prices-china-high-levels-january,0.48481518
http://turbinect.com/failed-commercial-purple-mattress,0.48475593
http://www.chagallgiardini.com/realizzazione-biopiscine-biolaghi/rocca-canavese,0.48463586
http://www.cat-bus.com/2010/10/breakthrough-of-the-longest-tunnel-in-the-world,0.48449183
http://www.katsu-sawano.net/2020/09/blog-post.html,0.4843079
http://www.ai4business.it/intelligenza-artificiale/machine-learning/machine-learning-cosa-e-applicazioni,0.48420912
http://turbinect.com/purple-mattress-with-free-sheets,0.48343858
http://encicloblog.info/gambling-at-internet-casino-web-sites,0.48327798
http://www.spyparty.com/about/comment-page-2?replytocom=4084&replytomove=2095,0.48263305
http://virtualdutchman.com/2019/11/03/plm-and-pim-the-complementary-value-in-a-digital-enterprise?_wpnonce=d7af1b7492&like_comment=22062,0.48257118
http://www.bajanreporter.com/2007/08/evil-thrives-in-barbados-cats-dogs-remain-victims-until-animal-control-given-right-to-search-prosecute-warning-disturbing-images-nc-17,0.48198342
http://camnangnuoitrong.com/ghep-cap-chim-chao-mao,0.4818424
http://mybookie.lv/soccer/arsenal-vs-everton,0.48178375
http://www.dignited.com/8682/3-silly-ways-get-hit-speeding-truck,0.48109138
http://www.genetherapy.me/ips-cell-therapy/stem-cell-derived-cells-market-to-expand-at-a-healthy-cagr-of-xx-between-and-2019-2029-eurowire.php,0.48107713
http://www.areopago21.org/2011/02,0.4809916
http://healthier.stanfordchildrens.org/es/un-estudio-de-stanford-revela-que-la-fibrosis-quistica-es-mas-letal-para-los-pacientes-hispanos,0.48073208
http://www.contargo.net/en/newsarchive/2016-12-28_update__kranausfall_in_b,0.4802203
http://taifor.se/kurdi-film,0.48012352
http://news-oceanacidification-icc.org/2017/09/29/new-version-of-seacarb-functions-for-processing-seafet-ph-data,0.4801163
http://de.pluspedia.org/wiki/Wirtschaft,0.48004782
http://echoesproj.eu,0.48004675
http://www.vivifyhealth.com/company/customers,0.47886083
http://list.casino/best-online-casinos,0.47862715
http://www.cssnolanche.com.br?3247742508391581489cdbffb3b5gijdiucy/aaebzen8r28ehsael20efab.htm=,0.4777798
http://yoschi.cc/copyright-privacy/team-xecuter-beschuldigt-nintendo-der-zensur-und-der-legal-scare-tactics,0.4776202
http://www.greenexplored.com/2012/04/fracking-and-elkader-iowa.html,0.4774555
http://www.docstar.com/enterprise-content-management/ap-automation/benefits-by-role/cfo,0.47715187
http://news.bitcoin.com/companies-denies-having-bitcoin-or-blockchain-services-amid-chinas-clampdown-concerns,0.47660264
http://www.narconon.org/ja/drug-abuse/effects-of-sedatives.html,0.4765905
http://edzardernst.com/2016/07/common-tricks-of-the-quackery-trade-part-1,0.476348
http://www.unseen64.net/tag/konami,0.47631243
http://hra-hlas.com/cat/7/848j5bm1453puzwu3,0.47595084
http://zvuk-po.com/veda-technika/krevni-test-odhalujici-vsechny-typy-rakoviny-je-na-dosah-7lp600a5zb,0.47578922
http://www.theyworkforyou.com/msp/14020/alex_johnstone,0.475405
http://www.miltonmarketing.com/news/microsoft-describes-how-government-hackers-stole-large-sums-from-financial-firms,0.4753943
http://www.capitalspectator.com/us-retail-sales-june-2013-preview,0.4753765
http://professorelam.typepad.com/my_weblog/economy,0.47523105
http://www.westderbycarpetsblinds.co.uk/cheap-laminate-flooring-in-whiston,0.47485355
http://www.spacedog.lv,0.47475767
http://www.medfrau.com/geschlechtskrankheit/chlamydien/doxycyclin,0.4745665
http://www.synonym.com/synonyms/crash-programme,0.47420222
http://www.temperaturecontroluk.com/2020/11/28,0.47386706
http://cointelegraph.com/news/with-new-crypto-hardware-wallet-evercoin-takes-aim-at-trezor-and-ledger/amp,0.4737256
http://www.kingstonlisle.net/charity-2,0.47322682
http://askthepublicadjuster.blogspot.com/2015/12,0.47318047
http://www.yourlifechoices.com.au/grief-and-loss/the-five-stages-of-grief,0.47309446
http://www.thesleuthjournal.com/satanic-ritual-abuse-its-real-but-it-can-be-healed,0.4729101
http://www.p101.it/en/company/2hire,0.4727435
http://www.bettinggenius.co.uk/brighton-and-hove-albion-vs-stoke-city-free-tips-match-preview,0.47250015
http://www.nufcblog.org/2014/10/bashing-the-bishop-newcastle-united-derek-llambias-and-the-z-list-pr-guru,0.47228664
http://dblp.org/pid/75/296.html,0.47024637
http://wn.com/Offshore_broadband?from=offshorebroadband.com,0.46999398
http://finance-commerce.com/2018/01/iret-sells-medical-office-portfolio-for-368-million,0.4698845
http://sargasso.nl/tag/rijkdom,0.46985933
http://www.capitalspectator.com/us-nonfarm-private-payrolls-march-2013-preview,0.46958548
http://cloud.google.com/solutions/sap-on-google-cloud-disaster-recovery-strategies,0.4693936
http://www.car-insuring.co.uk/help/1117-month_by_month_car_insurance.php,0.46925265
http://www.reallyrocketscience.com/node/tag/itso,0.4690293
http://www.cancer-research-network.com/cervix-cancer/nu6102-is-a-potent-cdk1-and-cdk2-inhibitor/2021-01-21,0.4690252
http://unbounce.com/conversion-rate-optimization/a-fast-web-site-increases-conversions,0.46790892
http://habr.com/en/post/303912,0.46765956
http://prism-break.org/zh-CN/projects/kolab-now,0.4674729
http://www.koopatv.org/2019/04/genius-prosecutor-reveals-crooked-attorney.html,0.46730152
http://metrovanurology.com/content/benign-prostatic-hyperplasia,0.46710166
"http://forums.macresource.com/read.php?1,2438829,2439245,quote=1",0.46657747
http://scottcoopermiami.com/scott-newman-cooper-robertson-lawsuit,0.46615127
http://www.corbeniccamphill.co.uk/post/opening-of-the-new-therapy-building-columba,0.46614522
http://www.yoybuy.com/pd/xIIuhHIBbZ1MBMb9S-9C.html,0.46591705
http://leftbackfooty.com/tag/luca-gagliano,0.4655073
http://royaldutchshellplc.com/2007/10/14/bloomberg-eads-lvmh-michelin-philips-renault-european-equity-preview,0.46520984
http://www.qdoestech.com/2021/01/05/steelseries-arctis-7-wireless-review-one-of-the-best,0.46518904
http://www.coppolacomment.com/2015/07/the-great-greek-bank-drama-act-i.html?showComment=1437158028665,0.46497917
http://esportscommentator.blogspot.com/2015/09,0.46434012
http://silmet-european.eu/news/december-2017-update,0.46428576
http://www.venturenashville.com/eirsystems-maps-capital-raises-for-p-a-g-r-e-prescribing-platform-launch-cms-1872,0.46363485
http://turbinect.com/cheap-bed-and-mattress-brooklyn,0.46269768
http://muse.dillfrog.com/meaning/word/antibiotic,0.46263397
http://www.synonym.com/synonyms/agon,0.46259913
http://smartdnsvpn.com/access-netflix-usa/dd-wrt-wireless-router/dd-wrt-wireless-router-in-somaliland.html,0.46243817
http://uklandpower.com/2020/12/08/learning-from-how-our-allies-armies-are-organized?_wpnonce=bbebed8578&like_comment=85985,0.4619643
http://www.smartatech.com/devops.html,0.46190768
http://forums.shipoffools.com/discussion/comment/327357,0.46138206
http://recordpusher.com/products/scaggs-boz-silk-degrees,0.46101284
http://thekiltedgamer.com,0.46081856
http://blog.fromdoppler.com/como-ser-mas-creativo-en-tus-acciones-de-marketing-online,0.4604271
http://www.newsdemon.com/blog/tag/science,0.45994872
http://www.dslamvien.com/2016/10/loi-ich-cua-ngap.html,0.45977852
http://nickbrowne.coraider.com/2009/01,0.45971292
http://infomutt.com/s/sh/ship_building.html,0.4592373
http://faircompanies.com/videos/amsterdam-hotel-softens-line-between-home-work-incubator,0.45905626
http://gamingandeducationengagementinlearning.com/2012/11/11/game-developer-explores-the-persuasive-power-of-games,0.45875913
http://blog.elhacker.net/2017/02/rusia-detiene-varios-expertos-en-seguridad-acusados-de-traicion.html?action=toggle&dir=open&m=0&toggle=YEARLY-1609455600000&toggleopen=MONTHLY-1485903600000&widgetId=BlogArchive1&widgetType=BlogArchive,0.45874685
http://theworldtrend.com/swipe-left-elon-stans-that-tesla-dating-app-is-a-joke-for-now,0.45869714
http://tech4more.com/right-mezzanine-floor-for-warehousing,0.45831716
http://futureinsight.info/entry/20051025/1130212548,0.458112
http://getappraisals.com/DenverAppraisal,0.45708868
http://www.broadleafpartners.com/2012/04/18/quirky-tales-and-waves-of-change,0.4568091
http://www.gabormelli.com/RKB/computer_science,0.4565146
http://fishinglidokey.com/sarasota-bass-fishing,0.45638812
http://turbinect.com/cheap-firm-foam-mattress,0.45517507
http://www.nj-criminalattorneys.com/shoplifting-prevention,0.45489112
http://www.naimuri.com/how-to-move-forward-with-legacy,0.45482653
http://iacovelli.website/2017/11/14/plfss-2018-amendements-reequilibrer-texte-faveur-plus-aises,0.45473307
http://iftwm.com/maximising-retirement-income,0.4546628
http://www.pennystockdream.com/blog/wpnv-windpower-innovations-inc-saw-a-major-breakout-up-66-3-after-our-penny-stock-newsletter-alerts-subscribe-to-our-trusted-penny-stock-newsletter-platform-today,0.45456958
http://wn.com/Audi_post?from=audipost.com,0.45453966
http://rowenacalvert.co.uk,0.45444596
http://dictionnaire.sensagent.leparisien.fr/po%C4%8D%C3%ADta%C4%8De/sk-sk,0.45418504
http://gamesolutionz.com/best-gpu-for-ryzen-2700x-3700x,0.45407957
http://cloud.google.com/solutions/migrating-mysql-to-cloudsql-concept?hl=zh-tw,0.45357934
http://blau-silber.de/index.php/fitness/shadowboxer,0.45288917
http://www.jointnetworks.com/blog/differences-between-voip-and-volte,0.452464
http://www.productontology.org/doc/Irish_whiskey,0.45232815
http://enviwiki.cz/w/index.php?section=2&title=Technick%C3%BD_sn%C3%ADh&veaction=edit,0.4517762
http://www.vg247.com/2014/10/01/borderlands-the-pre-sequel-turns-the-insanity-up-to-11,0.4516635
http://www.umbrant.com/2021,0.4513882
http://amy-siskind.medium.com/week-12-experts-in-authoritarianism-advise-to-keep-a-list-of-things-subtly-changing-around-you-so-1dd061886793,0.45119792
http://habr.com/en/post/108169,0.45108604
http://aviation-safety.net/wikibase/192734,0.45066077
http://karachi.metblogs.com/tag/technolgy,0.45056286
http://casebitcoin.com/story/new-1b-fund-created-to-buy-btc-with-support-from-one-river-ceo,0.44907326
http://www.dailyoffice2019.com/evening_prayer/2023-10-26,0.44875562
http://blog.radioactiveyak.com/2010/08/beyond-mobiles-android-as-universal.html,0.44808862
http://dblp.org/pid/m/UdiManber.html,0.44779554
http://www.h-i-r.net/2020/08/gmrs-and-you.html,0.44739127
http://sideassets.info/12-easy-to-start-business-ideas-in-hyderabad-with-high-return,0.44731534
http://db-ip.com/170.31.217.74,0.44587284
http://www.thelowdownblog.com/2019/12/how-big-tech-bolstered-its-ai-through.html,0.4457548
http://www.atlanta-ga-carpet-cleaning.com/2020/12/08/obtain-tree-trimming-service-from-certified-and-licensed-company,0.44535
http://jebdickerson.com/sleep-track-on-apple-watch-the-best-sleep-monitor-solution,0.44522613
http://erik-engheim.medium.com/godot-concepts-dda36c3fff91?source=post_internal_links---------1----------------------------,0.44511893
http://stabhi.com/ways-to-make-money-online-in-india,0.44482437
http://www.thedrive.com/the-war-zone/17158/queen-elizabeth-class-carriers-have-woefully-inadequate-close-in-air-defense-capabilities,0.44415128
http://turbinect.com/who-has-good-cheap-mattresses,0.44360244
http://www.bandiki.com/contentaz/Britt-Nicole,0.44334328
http://ozrisk.net/2009/01/15/microsoft-excel-and-treasury-management,0.44290048
http://thetechinfinite.com/2020/10/26/jio-qualcomm-begin-5g-trials-achieve-over-1gbps-speed,0.44277346
http://www.newfireglobal.com/learn/in-the-battle-for-artificial-intelligence-winner-takes-all,0.44243842
http://jobsearcher.com/c/albion-fellows-bacon-center-pzQxEw,0.44237483
http://rim7.com/quotes/life-insurance-atka-term-universal-permanent-and-whole-life-atka-ak,0.4419234
http://smartcityhub.com/sustainability/rotterdam-will-get-europes-largest-smart-grid,0.44164854
http://gadgetlio.com/best-gaming-chair,0.44148892
http://www.northforkvue.com/why-data-has-become-the-most-valuable-asset-on-earth,0.440969
http://blog.gamecraft.org/tag/backgammon,0.44091856
http://marcokuehbauch.com/blog/how-to-overcome-imposter-syndrome-as-a-developer,0.44082296
http://www.buybitcoinbrazil.net,0.44051173
http://thenewshook.com/results.php?cig=true&q=aHR0cHM6Ly93d3cuZm94MTdvbmxpbmUuY29tL25ld3MvbG9jYWwtbmV3cy9taWNoaWdhbi9kYW5hLW5lc3NlbC1qb2lucy1mZWRlcmFsLWxhd3N1aXQtbGF3c3VpdC10by1zYWZlZ3VhcmQtdGlwcGVkLXdvcmtlcnM%3D&urlSubmit=true,0.43966442
http://www.saltwaterkayakfisherman.com/2010/03/it-can-only-get-better.html?showComment=1268987875345,0.43948817
http://www.interon.com.br/academic-program?lightbox=dataItem-kkh39zqd1,0.43940336
http://www.cc.iitd.ernet.in/CSC/index.php?Itemid=156&catid=1%3Alatest-news&id=149%3Anew-disaster-recovery-data-centre&option=com_content&view=article,0.4393904
http://adaoraudoji.com/2018/05/28/vermont-mandates-your-data-privacy,0.43929684
http://forum.icann.org/lists/economic-framework/msg00000.html,0.43895853
http://www.oddsconverter.net,0.4388642
http://zims-fr.kiwix.campusafrica.gos.orange.com/wikipedia_fr_all_maxi/A/Paillasson,0.4384633
http://biznakenya.com/akothee-kenya,0.4378101
http://mexinsurancestore.com/what-you-need-to-know-about-mexico-auto-insurance?replytocom=90856,0.43778843
http://www.christophe-barraud.com/en/morning-brief-12-aout-2020,0.43776113
http://www.bbc.com/future/article/20141009-how-toys-will-shape-future-robots,0.43761295
http://re-plus.seesaa.net/archives/20130504-1.html,0.43745893
http://firearmusernetwork.com/2010/12/01/ar15-vs-ak47-reliability-under-harsh-conditions?_wpnonce=17657a4332&like_comment=3087,0.43714032
http://firearmusernetwork.com/2010/12/01/ar15-vs-ak47-reliability-under-harsh-conditions?_wpnonce=6d5de41c48&like_comment=46267,0.43714032
http://www.lescasinosenlignequebec.ca/roulette.html,0.43696347
http://www.primidi.com/a961_road,0.43669042
http://www.wahyudismt.com/2020/04/capacity-building-tanjungpinang-team.html,0.43657917
http://www.vzlu.cz/en/vzlu-has-significantly-enlarged-its-activities-in-jti-clean-sky-2-c542.html,0.43651238
http://uklandpower.com/2019/07/02/the-importance-of-building-uk-strike-brigades-around-artillery?_wpnonce=1ae8a3eb38&like_comment=50907,0.4364481
http://fr.wn.com/Teus_Olhos_(Original_Latin_Session)_Grant_Nelson,0.43641356
http://www.theoathmovie.com,0.4361789
http://ortopedianew.appspot.com/wiki/Po%C5%9Brednik_ubezpieczeniowy,0.4360516
http://desanderdesilter.com/tag/chemical-dosing-system,0.43602905
http://www.globalwoodmarketsinfo.com/recovery-in-new-zealand-radiata-log-exports-to-china-in-2016,0.43587577
http://nigeriatodaynews.ng/relocate-now-lagos-tells-residents,0.4354785
http://hardywilsonhospital.com?795430251938164457/eisyx2irdcctncumadja1wnvzb5.doggone=,0.43457967
http://tumarcapersonal-articulos.blogspot.com/2014,0.43455675
http://dtf.ru/games/272384-doom-eternal-vyydet-na-nintendo-switch-8-dekabrya?comment=7945669,0.4332016
http://eng.kvast.org/beach-amy,0.43314403
http://www.mi-whole-house-water-filteration.com/uncategorized/the-benefits-of-reverse-osmosis,0.43263158
http://www.immune-source.com/2017/09/precise-shaping-from-the-optical-eyes-is-essential-for-proper-eyesight,0.43250003
http://motomatters.com/comment/53464,0.43199033
http://www.microcontractor.org/blog/category/all,0.43050122
http://brendanwetzel.net/tag/trees,0.43048885
http://wn.com/Offshore_banking_companies?from=offshorebankingcompanies.com,0.4301396
http://rotarybrockville.org/the-house-edge-explained,0.4300472
http://smgsa.ca/Teams/1079/Articles/1780/COVID-19_,0.42989826
http://www.creditos-faciles.es/Prestamos-personales-sin-ingressos-ni-aval-online,0.42989197
http://allcelebritywiki.com/marcus-butler,0.429839
http://theinterleavingeffect.com/p/7-powers-the-foundations-of-business,0.42967698
http://raju.shoutwiki.com/wiki/General_knowledge_trivia,0.428824
http://vlastimildrimal.cz/linhartovy,0.42868966
http://royaldutchshellplc.com/2007/11/07/interfax-rostekhnadzor-finds-22-violations-in-sakhalin-2-pipeline-construction,0.42848974
http://www.towncharts.com/Illinois/Healthcare/Buffalo-village-IL-Healthcare-data.html,0.42799404
http://www.arlandria.org/2011/04,0.42797336
http://www.sherlockbaltimore.com/2019-investitures.html,0.42706037
http://www.mmobomb.com/news/world-tanks-blitz-offers-players-lunar-real-estate,0.42577392
http://learningisf.com/photography-skills,0.42526323
http://www.tikalon.com/blog/blog.php?article=2016/resistor_networks,0.4252541
http://www.bandiki.com/contentaz/Dexys-Midnight-Runners,0.4250426
http://niceatoms.com/produkt/steel,0.4250088
http://spencerdulalwhiteway.org/author/spencerdulalwhiteway,0.42435962
http://www.sonbouvillas.com/villas/marismas-sombra.html,0.42278177
http://www.fblegacy.com/the-best-designers-in-the-fashion,0.42274344
http://royaldutchshellplc.com/2007/09/05/lloyds-list-prospects-for-australias-gorgon-project-brighten,0.42258322
http://www.toucans.net/pan_creation.html,0.42257118
http://royaldutchshellplc.com/2007/04/10/bbc-news-shell-investment-to-secure-jobs,0.42224255
http://businesstrainingvideo.net/the-best-crm-solutions-in-australia,0.42191872
http://royaldutchshellplc.com/2006/03/26/sunday-tribune-nigeria-another-oil-spillage-hits-ogoniland,0.42185616
http://www.reallyrocketscience.com/node/1513,0.4218166
http://ria.ru/20210127/korporatsii-1594795786.html,0.4213484
http://littlesis.org/person/9301-Sheldon_G_Adelson,0.42129236
http://meroveus.home.blog/2020/01/22/flood-call?_wpnonce=ef311f1d64&like_comment=12506,0.42101148
http://isteve.blogspot.com/2010/09/national-merit-semifinalists-by-school.html?showComment=1284914326595,0.42038625
http://lantauconfidential.com/category/broadband,0.41997695
http://www.therustyhub.com/2012/05/team-pony-express.html,0.41885686
http://www.symptoma.com/en/info/cardiac-myxoma,0.41864645
http://pyry.lehdonvirta.com,0.41863084
http://us-reviews.com/general/marpac-llc-reviews-experiences-opinions-complaints,0.41808665
http://www.iwise.com/Jiminy_Cricket,0.417044
http://theblogstack.com/digital-marketing/how-to-grow-your-business-easily,0.41545662
http://www.wikiturkce.com/view_plain.php?lang=en&q=Cycle+sport&sq=Sport,0.41535264
http://www.yankeehacker.com/2010/02/computer-backup.html,0.41472268
http://blog.muschamp.ca/2011/01/07/finally-bought-a-time-capsule,0.41435045
http://peru21.pe/mundo/edward-snowden-usaba-refrigeradora-evitar-chuponeo-112852-noticia,0.41384998
http://theusawire.com/2021/01/44653-pinkerton-joe-biden-echoes-fdr-science-medicine-thats-good-thing,0.41325003
http://wansteadium.com/police-foil-armed-robbery-on-wanstead-high-street,0.41238007
http://sangakaiku.hatenablog.com/entry/10925.html,0.41176024
http://www.historicalstudios.com/studio-directory/name/unique-recording-studios,0.41175497
http://www.ezilon.com/world/health/conditions_and_illnesses/neurological_disorders/laminectomy/index.shtml,0.41171998
http://www.handweb.nl/en/delphi,0.41031307
http://www.towncharts.com/Indiana/Healthcare/Henry-County-IN-Healthcare-data.html,0.41003838
http://untold-arsenal.com/archives/55617,0.40980223
http://zims-en.kiwix.campusafrica.gos.orange.com/wikipedia_en_all_nopic/A/Alcohol_and_Tobacco_Tax_and_Trade_Bureau,0.40931922
http://energiatyhmyrit.real.fi/2016,0.40924728
http://landregistry.data.gov.uk/app/ukhpi?utm_campaign=interactive_tool&utm_content=+interactive_tool&utm_medium=RoS&utm_source=news_page&utm_term=9.30_13_02_18,0.4090016
http://landregistry.data.gov.uk/app/ukhpi?utm_campaign=interactive_tool&utm_content=+interactive_tool&utm_medium=RoS&utm_source=news_page&utm_term=9.30_13_02_19,0.4090016
http://huronperthlakers.ca/Teams/1313,0.40889782
http://happytam.com/2019/01/24/post-1101,0.40877396
http://plasticsurgeryx.com/pennsylvania/mark-p-solomon,0.4085064
http://eurovisionworld.com/esc/eurovision-2019-stage-design-accused-of-plagiarism,0.4085019
http://www.andaluciaescoop.org/cerca-de-9-000-organizaciones-ya-utilizan-el-dominio-coop,0.40838248
http://emri.science.unimelb.edu.au,0.40755656
http://blog.bcbsnc.com/2018/04/unlock-artificial-intelligence-health-care?cmpid=USM_D1524741005,0.4069972
http://www.blog.xbrlxl.com/2011/08,0.40664935
http://xgamingserver.com/7d2d-hosting-server,0.40661365
http://www.clanmoffat.org/Gatherings/2020Scotland/index.html,0.40610176
http://gabapathway.com/pearsons-correlation-coefficient-indicated-that-a-positive-corr,0.40515968
http://climatecrocks.com/2013/10/30/arctic-ice-loss-a-factor-in-weather-extremes-new-study?msg=fail&replytocom=31004&shared=email,0.4048968
http://www.dragonbonegames.co.uk/product/classic-space-crusade-board-board-game,0.4048704
http://www.towncharts.com/Illinois/Economy/60416-Zipcode-IL-Economy-data.html,0.40482894
http://www.religimarole.com/post/ken-ham-seeking-200b-for-rain-machine-to-simulate-biblical-flood,0.4046212
http://www.dragonflydoces.com/2020/07/15,0.4040216
http://insidecroydon.com/2013/12/08/cockney-sparrows-threatened-by-incinerator-says-urban-birder,0.4036078
http://giantsw.com/Training/CourseDescriptions,0.40348586
http://www.simonwalker.org/todays-complex-challenges-need-agile-leadership-approach,0.40344605
http://whatsonpenang.com/mclaren-kicks-start-its-electrified-future-with-the-680-hp-artura-plug-in-hybrid,0.40280432
http://kbsmosina.pl/zakon,0.402351
http://lcm2007.org/tips-on-buying-basketball-shoes,0.4012442
http://www2.politicalbetting.com/index.php/archives/2018/09/30/polling-boost-for-beleaguered-theresa-as-the-tory-conference-opens-in-birmingham,0.40105122
http://jp.eyeka.com/organizations/11-unilever?group=9201,0.40091977
http://blog.pizslacker.org/2009/08,0.3998506
http://365pwords.wordpress.com/category/planet,0.39963233
http://www.keyworddifficultycheck.com/site/tokajwine.hu,0.39958358
http://www.comingsoon.net/movies/news/825779-netflix-orson-welles-final-film,0.39902902
http://soranews24.com/2021/02/20/highest-ever-tokyo-homes-announced-will-be-as-far-from-the-street-as-tip-of-tokyo-tower,0.39902675
http://iro-iro.keeping.jp/mynumber/384887.php,0.3990235
http://www.blind-magazine.com/fr/news/1173/Sunil-Gupta-Brise-Les-Chaines-Par-La-Photographie,0.39878008
http://b-interleukin-ii-44-56.com/index.php?a=detail&g=Wap&id=5454&m=Article,0.39863163
http://short-biography.com/yehuda-levi.htm,0.3977586
http://www.cypress.io/blog/2019/05/22/how-we-improved-network-speed-by-300-in-cypress-3-3-0,0.39759934
http://id.dbpedia.org/page/Formula_Dua,0.3973468
http://theskylark.org/2020/05/01/scotland-and-china-break-new-ground-with-tidal-power,0.39706182
http://jordan-fearn.medium.com?source=post_internal_links---------5----------------------------,0.39629993
http://wn.com/Clockwork_motor,0.39539567
http://www.kalamakeup.com/makeup-hair-styling-services,0.3953193
http://noahpinionblog.blogspot.com/2013/08/a-healthy-side-effect-of-high-frequency.html,0.39519092
http://dict.cn/transfer%20gantry,0.39378214
http://www.mcalcio.com/20-manager-salaries-of-serie-a-roberto-mancini-reigns-supreme/comment-page-1,0.39343083
http://onlineaffiliatewealth.com/tag/how-to-make-money,0.39339843
http://jobsearcher.com/c/kansas-city-chiefs-football-club-w7gx4w,0.39207003
http://www.skateboardershq.com/best-female-skateboarders,0.39182848
http://www.symptoma.at/de/info/mumps-meningitis,0.3909706
http://www.immune-source.com/2017/07/quantitation-of-dna-adducts-could-provide-critical-details-on-the-partnership,0.39042774
http://www.poderecasale.com/en/the-castle-of-gropparello,0.39018083
http://www.wealthsimple.com/en-ca/learn/stock-analysis-how-to,0.38992786
http://behindmlm.com/companies/telexfree/telexfree-bankruptcy-suspended-pending-massachusetts-move,0.38925362
http://defiancetransmission.com/make-your-car-live-longer-vehicle-maintenance-112,0.3881864
http://www.websitekeywordchecker.com/site/navrom.ro,0.38723317
http://zh.unionpedia.org/%E5%B7%AE%E9%80%9F%E5%99%A8,0.38584587
http://roysrants.wordpress.com/tag/federal-courthouse,0.38557836
http://www.sixthward.us/2011/07/greg-hinz-quinn-signs-bill-promising.html,0.38552976
http://www.allinoneguestblog.com/2015/05/microbes-in-your-gut-and-how-they-affect-depression,0.38490477
http://denver.metblogs.com/2008/06/08/hometown-heroes,0.38469347
http://cancercurehere.com?p=10081,0.38463363
http://mercedes-perpignan.com/page/3,0.3843202
http://polizeigesetz-nein.be/rank.htm,0.38312632
http://www.seacrestwolfpreserve.org/types-of-wolves,0.3830167
http://blog.noneck.org/2010/11/08/usa-king-of-banana-republics,0.38280278
http://www.carlbring.se/en/results-now-published-for-the-largest-a-randomized-controlled-trial-for-procrastination,0.38191357
http://www.quotetab.com/quotes/by-daniela-bobadilla,0.38139337
http://www.marclittlemore.com/become-better-software-engineering-manager,0.3800331
http://www.genetherapy.me/gene-therapy-research/engineered-stem-cells-that-evade-immune-detection-could-boost-cell-therapy-and-i-o-fiercebiotech.php,0.37944815
http://socialpathology.blogspot.com/2010/09/sexual-partner-divorce-risk.html?showComment=1597365433531,0.3789497
http://j4mb.org.uk/2017/05/18/sports-minister-tracey-crouch-says-the-fa-could-lose-30m-40m-of-public-funding-if-it-does-not-establish-three-positions-on-the-fa-board-reserved-for-female-members-by-2018,0.3782405
http://foldoc.org/time+division+multiple+access,0.37798193
http://panafricannews.blogspot.com/2016/09/condemnation-hounds-patience-jonathans.html,0.3773822
http://donations.vipulnaik.com/donorDonee.php?donee=University+of+California%2C+Berkeley&donor=Open+Philanthropy,0.37699658
http://n-a-geiser.medium.com?source=post_internal_links---------4----------------------------,0.37570643
http://cabinet.ontheissues.org/Economic/James_Inhofe_Social_Security.htm,0.37529838
http://www.jordanib.com/2020/10/most-expensive-footballer-victor.html,0.37494832
http://www.haayal.co.il/story?LastView=&id=4021,0.37458086
http://royaldutchshellplc.com/2008/05/31/update-1-putin-says-warned-bp-about-russian-risks,0.37391186
http://www.towncharts.com/Washington/Economy/Lake-Stevens-CCD-WA-Economy-data.html,0.3737827
http://lahore.metblogs.com/2008/01/08/prayer-request-for-imran-khans-father,0.37349796
http://www.railwaystationcottages.co.uk/southern-region,0.37261087
http://life.ru/p/1367918,0.37258065
http://www.milapfest.com/news/leela-samson-returns-to-dance-india-2012,0.372213
http://www.diavima.gr/2020/12/homellon-13.html,0.37214652
http://www.ineffableisland.com/2011/07/15-most-famous-cases-of-insurance-fraud.html?showComment=1525180871780,0.37162095
http://economics.com.au/2009/09/30/the-merger-2?_wpnonce=eeff98c8e5&like_comment=4458,0.37017715
http://theasicguy.com/tag/forcecom,0.37009054
http://www.bandiki.com/contentaz/Basshunter,0.36998713
http://www.urdusky.com/soptlight/why-nadia-khan-left-geo.html,0.369709
http://sha3622.blogspot.com/2014,0.36955
http://www.nowynyuk.com/news/846.html,0.3694474
http://blog.stonehenge-stone-circle.co.uk/2013/02,0.36712396
http://www.howspace.com/resources/how-to-facilitate-a-workshop,0.3665073
http://court.ontheissues.org/Governor/Peter_Shumlin_Health_Care.htm,0.3664536
http://www.towncharts.com/Washington/Economy/LaCrosse-town-WA-Economy-data.html,0.36501715
http://newenglandboating.com/new-limits-for-tautog-seabass-in-rhode-island,0.36328226
http://obama.ontheissues.org/2020/Arvin_Vohra_Technology.htm,0.36281788
http://royaldutchshellplc.com/2004/06/10/the-guardian-calpers-demands-review-at-shell,0.36171266
http://www.katharinastieger.ch/angebot,0.36140966
http://hopeopenbible.blogspot.com/2007,0.36134106
http://panafricannews.blogspot.com/2007/03/phrf-makes-breakthrough-on-price.html,0.360735
http://jonathanspezzi.medium.com/its-not-just-flint-this-kentucky-community-is-still-in-a-water-crisis-b177dc9d31b6?source=post_internal_links---------2----------------------------,0.3601325
http://panafricannews.blogspot.com/2020/09/nigeria-urges-vaccine-to-be-available.html,0.35971773
http://www.cenkovice-uvaclava.com/tag/leicester,0.35316628
http://thehearup.com/benefits-of-playing-outdoors/9478,0.35253757
http://wiki.dolphin-emu.org/index.php?direction=prev&oldid=6071&title=Mario_Kart_Wii,0.3523894
http://archive.nflgridirongab.com/2011/10/04/rb-tate-day-to-day-with-groin-injury-suffered-sunday,0.35215783
http://peterbright.blogspot.com/2012/05,0.35053194
http://milkandcookiestories.com/%E7%A5%9E%E5%A5%88%E5%B7%9D%E7%9C%8C/%E6%9D%BE%E7%94%B0%E7%94%BA/%E5%9C%B0%E7%B8%9B%E9%9C%8A%20%E8%89%B2,0.35035485
http://cirosantilli.com/there-is-value-of-tutorials-written-by-beginners,0.3494386
http://stephenthelawyer.com/tag/statutory-interpretation,0.34872466
http://blog.torchx.com/7-ways-simply-your-real-estate-website-to-increase-lead-generation,0.34808403
http://royaldutchshellplc.com/2015/01/21/shell-launches-investigation-into-suspected-north-sea-gas-leak,0.34698918
http://www.towncharts.com/Washington/Economy/99151-Zipcode-WA-Economy-data.html,0.34663457
http://ht.wikiscan.org?menu=about,0.3445793
http://zims-en.kiwix.campusafrica.gos.orange.com/wikipedia_en_all_nopic/A/Sun-Times_Media_Group,0.34260994
http://www.freshgossipswale.com/2020/11/actor-naseeruddin-shah-conferred-with.html,0.34114492
http://b-interleukin-ii-44-56.com/index.php?a=detail&g=Wap&id=5458&m=Article,0.34065664
http://en.wikipedia-on-ipfs.org/wiki/Camden_Market.html,0.33965486
http://valuta.exchange/awg-to-lrd,0.33700377
http://sms305.com/2020/05/12/hamilton-takes-its-shot-by-going-straight-to-disney-a-year-early-review-geek,0.33582753
http://techstuff.news/uncategorized/2021/01/22/elon-musk-is-donating-100m-to-find-the-best-carbon-capture-technology,0.3347575
http://www.costumet.com/misc/taco,0.33443952
http://roysrants.wordpress.com/tag/bonds,0.334078
http://www.firstshowing.net/2009/sam-rockwell-confirms-iron-man-2-casting-details,0.33266822
http://ysehockey.com/Articles/3990/Coach_Announcement,0.33102491
http://2011tax.org/2015/06/19/get-turbotax-free-of-charge,0.33026198
http://qoou.net/how-to-fix-a-ryobi-40v-battery-that-wont-charge,0.32867384
http://www.privatefleet.com.au/blog/2013/10,0.32857555
http://carbon-based-ghg.blogspot.com/2012/09/million-displaced-by-floods-in-india.html,0.32844132
http://wiki-offline.jakearchibald.com/wiki/Treasurer_of_the_United_States,0.3278945
http://mychapchapmarket.com/how-robert-mugabe-became-president-of-zimbabwe-explained,0.32684115
http://www.towncharts.com/Illinois/Economy/Wheeler-village-IL-Economy-data.html,0.32583112
http://fifthperson.com/rising-interest-rates-and-how-it-will-affect-reits-in-singapore,0.32423884
http://www.saenzyvaldes.com?C=S&O=A,0.32399914
http://cloudy.xn--kss37ofhp58n.jp/2018/05/10,0.32278454
http://www.dofaq.co/us/oakland-athletics,0.32268888
http://english.bic.gov.iq/allforsbysect.php?kat=%D8%A7%D9%84%D8%B5%D8%AD%D8%A9,0.32055497
http://dict.cn/He%20puts%20a%20high%20value%20on%20integrity_2E,0.3201263
http://zims-en.kiwix.campusafrica.gos.orange.com/wikipedia_en_all_nopic/A/Superacid,0.319664
http://www.towncharts.com/Wisconsin/Economy/Reeseville-village-WI-Economy-data.html,0.31595615
http://wn.com/Bombardier_Talent,0.31592622
http://blog.bwagy.com/mercedes-answer-to-the-trolley-problem,0.31516096
http://www.fxsolver.com/browse/formulas/Redshift:+1+z+(based+on+wavelength),0.3143026
http://www.drcarmenromano.com/post/team-usa-gymnast-riley-mccusker-to-miss-world-championships-due-to-rhabdomyolysis-diagnosis,0.31361616
http://dict.cn/All%20elastic%20materials%20possess%20this%20property%20to%20a%20certain%20degree_2E,0.31356782
http://www.tooclosetocall.ca/2013/10/october-24th-2013-abacus-poll-shows.html?m=0,0.31242368
http://australiandomainnamenews.com.au/wipo-australian-director-general-applies-for-second-term-in-charge,0.3074488
http://encicloblog.info/professional-development,0.30590096
http://behindmlm.com/companies/ftc-wants-eric-pinkston-held-in-contempt-over-bitcoin-liquidation,0.30386737
http://www.telegraph.co.uk/technology/google/google-doodle/9994312/Leonhard-Euler-mathematicians-306th-birthday-honoured-by-Google-Doodle.html,0.30104092
http://advokat-hjemmeside.com,0.29814327
http://www.outsidetheratrace.com/2012/10/nows-good-time-to-buy-property.html,0.2958657
http://www.haayal.co.il/thread_545877,0.2922892
http://spankingart.org/wiki/Spandex,0.2861182
"http://dict.cn/I%20discovered%20that%20the%20body%20was%20atuning%20fork%20that%20could%20hold%20only%20the%20highest%20of%20frequencies%20that%20the%20densitywould%20allow%20for,%20or%20pull%20one%20back%20into_2E",0.28262067
http://www.cmtc.org/blog/does-your-church-have-an-emergency-and-security-plan,0.27917922
http://cartoonmovement.com/cartoon/laurent-gbagbo-put-trial-icc,0.27803153
http://www.faststartfinance.org/2019/07,0.27548042
http://moonshotsandmustard.com/2020/01/16/the-dominos-keep-on-falling-carlos-beltran-out-as-mets-manager,0.2754714
http://stumblingandmumbling.typepad.com/stumbling_and_mumbling/2012/09/reshuffles-the-brendan-rodgers-problem.html,0.2722789
http://vistagaze.com/cruise/woman-removed-from-alaska-airlines-flight-for-wearing-respirator,0.25574875
http://vineyardsaker.blogspot.com/2008/12/hamas-announces-end-to-truce-with.html,0.254587
http://www.slanteyefortheroundeye.com/2010/04/random-hyundai-car-post.html,0.24787992
http://dict.cn/Valid+need,0.23379385
http://danielclerc.fr/informatique_solitaire.htm,0.21448883
http://www.dui.com/ray-liotta-charged-with-california-dui,0.18696281
http://panafricannews.blogspot.com/2011/06/malema-says-south-africa-must-take-back.html,0.17401361
