url,centroid_sim
http://officeequipmenthub.us/illinois/hazel-crest/office-printer-rental.php,0.80442536
http://officeequipmenthub.us/minnesota/vadnais-heights/printer-rental-services.php,0.79880863
http://officeequipmenthub.us/iowa/asbury/index.php,0.7977952
http://officeequipmenthub.us/nebraska/ralston/office-printer-rental.php,0.79544944
http://officeequipmenthub.us/minnesota/north-mankato/office-printer-rental.php,0.7892612
http://aaaselectplumbing.com/locations/plumbers-fall-creek-tx,0.78784406
http://officeequipmenthub.us/texas/southlake/color-laser-printer.php,0.7854969
http://officeequipmenthub.us/georgia/auburn/laser-printer.php,0.78280175
http://seniorcare-richmond.com/find-assisted-living-homes-in-mechanicsville-va.html,0.7804304
http://www.hjsrealty.co.id/jasa-kontraktor-rumah-tinggal-di-leuwisadeng,0.778564
http://officeequipmenthub.us/minnesota/shorewood/office-printer-lease.php,0.77740115
http://officeequipmenthub.us/colorado/castle-rock/laser-printer-rental.php,0.7760296
http://officeequipmenthub.us/california/jamul/copy-machine-price.php,0.7725346
http://officeequipmenthub.us/georgia/cairo/copier.php,0.7713784
http://officeequipmenthub.us/colorado/aurora/printer-leasing-company.php,0.7710288
http://waterproofingjogjakarta.com/terutama-bagi-anda-yang-mencari-jasa-kontraktor-waterproofing-sika-di-daerah-ngupasanjogjakarta-0822-5959-5960-wa,0.77051723
http://coltucsiasociatii.ro/tag/nerambursabile-fonduri,0.7526128
http://officeequipmenthub.us/minnesota/saint-cloud/copy-machine-lease.php,0.7512381
http://officeequipmenthub.us/maryland/lansdowne/copier-leasing-companies.php,0.74962246
http://seniorcare-greatercincinnati.com/find-assisted-living-homes-in-lebanon-oh.html,0.7475528
http://lauwba.com/detail_it_training.php?id=24,0.745809
http://www.computechtechnologyservices.com/texas-city-texas-onsite-computer-printer-repairs-network-telecom-data-inside-wiring-services,0.742873
http://officeequipmenthub.us/new-york/cortlandt/copy-machine-leasing.php,0.7401117
http://jasapembuatantamanminimalis.com/0823-3617-1505-harga-jasa-pembuatan-taman-per-m2,0.73970073
http://babytoboomer.com/2012/10/15/santa-clause-movie,0.73709404
http://flintservice.org/florida/bellview/concrete-driveway.php,0.73566866
http://flintservice.org/florida/lakeland/cement-driveway-replacement.php,0.73545134
http://www.sovereignhome.co.uk/planning-design,0.7334695
http://flintservice.org/california/pacifica/patio-cement-contractor.php,0.73253787
http://www.cleanscapesenterprise.com/masonry-locust-valley-ny,0.73207283
http://flintservice.org/california/alum-rock/residential-concrete-driveway.php,0.7317389
http://flintservice.org/louisiana/pineville/concrete-addition.php,0.7314092
http://flintservice.org/florida/tavares/cement-driveway.php,0.7289422
http://flintservice.org/florida/maitland/apron-cement-contractor.php,0.72863513
http://www.topsonline.com/contactus,0.7284338
http://flintservice.org/california/upland/residential-concrete-driveway.php,0.72756344
http://flintservice.org/texas/pleasanton/driveway-concrete-contractor.php,0.7270726
http://waterproofingbatam.com/pasang-waterproofing-membrane-bakar-di-sungai-pelunggut-kota-batam-telepon-kami-08-52-71-07-12-10,0.7269908
http://flintservice.org/california/fountain-valley/colored-concrete.php,0.72386676
http://www.noticedwebsites.com/page/2,0.72345746
http://www.lynnwoodyellowpages.com/science/geologic-services/geological-services,0.7230637
http://theluxurytravelbook.com/tailor?destination=italy&region=puglia,0.72200036
http://rhmetalconcepts.com.au/product/eagle,0.7211604
http://epoxylantaitangerang.com/archive/epoxy-lantai-reban,0.7210263
http://flintservice.org/california/la-habra/concrete-driveway-replacement.php,0.7204949
http://www.kapruka.com/srilanka_online_shopping.jsp?m=Iodex,0.71907294
http://flintservice.org/florida/south-miami-heights/concrete-sidewalk.php,0.71887267
http://www.gts-translation.com/services/legal-translation-services/litigation-translation-services,0.7151493
http://membranbakarsurabaya.com/081-294-676-494-telepon-jasa-pasang-membran-bakar-murah-di-daerah-ngagelrejosurabaya,0.7151083
http://babytoboomer.com/2012/03/11/movie-review-a-welcome-nostalgia-trip-from-the-muppets,0.71484643
http://flintservice.org/california/hanford/driveway-concrete-contractor.php,0.7146803
http://www.westernwashingtonyellowpages.com/family-community/childbirth-education-preparation/maternity-services,0.71364206
http://www.waterstarmotors.com/blog/tags/auto-repair,0.71250844
http://smallprintcompany.com/dyslexia,0.7125003
http://www.hozio.com/search-engine-optimization-company-north-bellmore-ny,0.71233547
http://thelocalservices.net/south-carolina/charleston/cement-contractor.php,0.7120311
http://www.amberpieces.com/fine-baltic-amber-bracelet-multi-color-oval-stones-flat-pieces-16-cm-6-inches-gb5625.html,0.70780754
http://www.cityprocontracting.com/services/tiles,0.70473576
http://www.wenatcheeyellowpages.com/airfare-travel/hotels-motels-lodging/hotels,0.70406663
http://wa.orovilleyellowpages.com/hvac-and-plumbing/heat-pumps-retail/heat-pumps-sales-service,0.70379984
http://www.puremedi.store/product/buy-4-mpd-online,0.70342284
http://flintservice.org/california/patterson/concrete-patio.php,0.7023629
http://www.brisevue-gazon-haie.com/INVEST-WORLD-BUSINESS,0.7011318
http://www.westernwashingtonyellowpages.com/construction-building-materials/insulation-materials/insulation-materials-cold-heat-retail,0.70075583
http://www.jdmenginedepotinc.com/product/03-05-infiniti-g35-3-5l-dohc-v6-engine-automatic-ecu-jdm-vq35de,0.69967365
http://maximumpestcontrolservices.com,0.699131
http://german-medical-online.com/Optiplan-GmbH.html,0.6988176
http://www.dui.info/carrollton-dui-lawyer,0.6970587
http://flyscreendoors.net.au/magnetic-screen-door-bradys-lake,0.696828
http://buysell.black/product-category/medicines-treatments/stress-ease,0.6968265
http://viahansaborealis.com/en/destinations/estonia/newslist3589/estonian-hotel-chain-hestia-expanding,0.6949939
http://www.kapruka.com/shops/deliveryProductPreview.jsp?id=grocery001482,0.69251263
http://crawfordnebraska.net/pckoubou/28082hlwmm4s1p614687.htm,0.6915344
http://crawfordnebraska.net/asahiprocureace/931mjvx496-6082.htm,0.6915344
http://www.manualise.com/nl/blog/gebruiksvriendelijkheid/world-usability-day,0.69079655
http://www.kentyellowpages.com/gardening-landscaping/fences-fencing/fence-posts-fittings-supplies,0.6906754
http://produsenringbasket.com/tag/distributor-adidas-shin-instep-guard-wkf-approved-grosir-di-kota-denpasar,0.6895317
http://www.nepic.co.uk/fochemistrygrowthpartnershiptimgmar16,0.68914986
http://www.kentyellowpages.com/sports-fitness-sporting-goods-apparel/health-fitness-clubs/exercise-physical-fitness-centers,0.68622166
http://buysell.black/product-category/toys-kids-and-babies/indoor,0.68571556
http://www.freeradiotune.com/usa/la-grande-1030-fm,0.6852209
http://www.ebi.ac.uk/chebi/searchId.do?chebiId=CHEBI%3A16084,0.6849508
http://www.spokaneyellowpage.com/computers-electronics/audio-visual-equipment-sales-services/audio-visual-equipment-service-repair,0.68403226
http://crowncement.com/financial-indicators,0.6833441
http://membranbakarsurabaya.com/08-12-94-67-64-94-whatsapp-jasa-pasang-membran-waterproofing-di-wilayah-jeparasurabaya,0.68263674
http://www.plumbmasterplumbing.com.au/best-plumber-len-waters-estate,0.6820059
http://www.ezins.com/technology-insurance,0.6817434
http://abqinsuranceagency.com/cyber-liability-insurance-6590.htm,0.6807349
http://evolvapro.com/video-production,0.6793727
http://zupnickassociates.com/employee-engagement-ideas,0.67716956
http://officeequipmentflorida.com/florida/country-club-copy-machine-companies.php,0.677118
http://www.yuhendrikyani.xyz/2019/02/jual-produk-asli-kesehatan-kyani-nitro_7.html,0.6769189
http://www.insuresolutionsgroup.com/auto-insurance-quote.html,0.67580056
http://perfectpressurecleaning.com/pressure-washing-companies-in-lake-belvedere-estates-florida,0.67559385
http://www.absolutecentral.com/2021/01/ddos-guard-to-forfeit-internet-space-occupied-by-parler,0.6755852
http://www.futurewiseresearch.com/healthcare-market-research/Electrophysiology-Laboratory-Devices/3748,0.6739861
http://walkintubsatlantaga.com/2012/01/12/aging-in-place-design-for-atlanta-lawrenceville-dunwoody-buckhead-and-marietta-homes,0.67235553
http://localelectriciancontractor.com/new-jersey/union-city-nj,0.6719295
http://www.stdavidshotels.com/ja/%E7%84%A1%E7%B7%9Alan%E5%88%A9%E7%94%A8%E8%A6%8F%E7%B4%84,0.6716549
http://www.autoaccident.com/ear-trauma.html,0.6711018
http://www.suiteness.com/suites/united-states/ohio/grove-city/comfort-inn-grove-city,0.66933316
http://www.tilecleaningagents.co.uk/services/granite-restoration-service-in-iver,0.66894066
http://www.smartichi.com/2021/02/today-virgo-horoscope-7-2-21.html,0.6680273
http://www.tilecleaningagents.co.uk/services/professional-sandstone-cleaning-in-eton,0.6671475
http://www.suiteness.com/suites/united-states/new-york/new-york/lyric-at-70-pine/1-bedroom-deluxe-2-bath,0.66669273
http://www.saplaw.top/tag/konsultan-hukum-mediasi,0.66650856
http://successive.tech/category/mobile-app-development,0.66497314
http://www.suiteness.com/suites/united-states/minnesota/mankato/microtel-inn-suites-by-wyndham-mankato/standard-room-2-queen-beds,0.6637156
http://www.suiteness.com/suites/united-states/florida/fort-pierce/red-roof-inn-ft-pierce/deluxe-room-2-double-beds-non-smoking,0.6633339
http://www.ednasia.com/tackling-a-nas-replacement,0.66286045
http://www.futurewiseresearch.com/healthcare-market-research/Oxytocic-Pharmaceuticals-Market/4015,0.6627648
http://www.usiinc.com/blog/insulation/important-qualities-look-insulation-company,0.66193646
http://supremefreight.com/category/import,0.66059864
http://sojuzpatent.com/news/nine-sojuzpatent-s-attorneys-and-lawyers-included-in-the-best-lawyers-edition,0.66049147
http://federaldisabilityretirement.wordpress.com/tag/air-traffic-controllers-and-veterans-benefits,0.6603776
http://ftrendering.com.au/locations/rendering-millers-point,0.65860116
http://chemicalcircus.com/product/buy-1g-diamorphine-online,0.6579737
http://almightydemolition.com.au/demolition-adamstown-heights,0.6563504
http://www.suiteness.com/suites/united-states/minnesota/inver-grove-heights/americinn-by-wyndham-inver-grove-heights-minneapolis,0.6550951
http://www.krlawgroup.com/practice-areas/truck-accidents,0.65452164
http://salalahport.com.om/index.php?itemid=148&newsid=116,0.65432394
http://www.handy.com/services/mount-tv?page=5,0.65392655
http://federaldisabilityretirement.wordpress.com/tag/total-and-permanent-disability-retirement-usps,0.65304106
http://www.homemove.biz/Yeg/find-furniture-bank/email-this-page,0.6522502
http://www.jupiterhomesales.com/juno-beach-real-estate.php,0.65160024
http://www.legalhelplineindia.com/legal-documentation-services,0.65117395
http://www.cctfpn.com/2018/04/singer-customer-care-toll-free-number.html,0.65081453
http://bcs-cleaningservices.com/minnesota/belle-plaine/residential-industrial-cleaning.php,0.65081257
http://www.bankingdreams.com/2019/03,0.6498958
http://tutimare.com.cy/listings/page/2,0.64983845
http://www.precontechs.com/maryland-sportsbooks-sports-betting-sites,0.6480801
http://thegreatestrealestateteam.com/real-estate-blog/november-calendar,0.6471243
http://www.bisnow.com/index.php/atlanta/news/construction-development/6-most-anticipated-atlanta-projects-delivering-in-2020-102403,0.64655113
http://www.foreclosure.com/listings/austin-tx/rent-to-own,0.6463108
http://electricians-sa.co.za/electrician-in-meyerton-park,0.6455419
http://jadecomputerservices.com/computer-repair/north-dakota/computer-repair-shop-near-devils-lake-nd,0.64543307
http://www.suiteness.com/suites/united-states/florida/fernandina-beach/the-ritz-carlton-amelia-island/room-1-king-bed-balcony-ocean-view,0.64509976
http://www.punctualplumberdallas.com/blog/famous-plumbers-in-history,0.6446009
http://www.goguild.com/oceancity-md/sage-title,0.64415705
http://tewksburynotary.com/tag/tewksbury-ma-notary-public,0.6437061
http://mcxcommoditycalls.com/tag/todays-mcx-commodity-live-calls,0.64341575
http://www.suiteness.com/suites/united-states/florida/fort-lauderdale/the-westin-fort-lauderdale-beach-resort/presidential-suite-1-king-bed-ocean-view-corner,0.6432271
http://sarasotabradenton.com,0.6402962
http://www.handy.com/services/home-cleaning/new-york/fort-greene,0.6398232
http://bcs-cleaningservices.com/minnesota/cambridge/residential-janitorial-cleaning-services.php,0.63972735
http://realestate.sabor.com/TX/Kerrville,0.6388047
http://sarasotabradenton.com/dashboard,0.6386156
http://www.fnphyaba.gov.ng/index.php/directorate/clinical/medical/harvey-road-clinic,0.6375843
http://www.suiteness.com/suites/united-states/texas/el-paso/comfort-suites-el-paso-airport,0.6363662
http://www.plummwater.com/Filter-Housings,0.6361833
http://www.silverair.com/private-jet-charters/private-jet-charter-flights-atlantic-city-acy-silver-air,0.6360284
http://www.pccl.at/en,0.63592315
http://wildfireengineeringsupply.com/product/directional-control-valves,0.63568664
http://www.3dprinteddebris.com/listing/852590785/carlos-white-feather-hathcock-legendary,0.63540673
http://www.callingdallas.com/glossary-of-international-calling-terms,0.6350573
http://emdadservice.com/%D8%AA%D8%B9%D9%85%DB%8C%D8%B1-%D9%84%D8%A8%D8%A7%D8%B3%D8%B4%D9%88%DB%8C%DB%8C-%D8%AF%D9%88%D9%88,0.63498926
http://sarasotacrew.org/mediamain/press-releases/spring-2018/plant-spring-invitational,0.6347995
http://www.instanttaxsolutions.com/content/locations/alabama/gadsden,0.6346581
http://federaldisabilityretirement.wordpress.com/2014/05/13,0.6344934
http://investa.com/category/experts/ed-hyman,0.63439745
http://solarsolutionscentral.com/solutions,0.6343243
http://razzolink.com/tres-pinos,0.6338556
http://www.phlebotomycareers.net/phlebotomy-schools-florida,0.6337457
http://billiards2u.com/pool-table-movers-mesa,0.63372964
http://new-life-counseling-oklahoma.com/blog/2021/01/08/cognitive-functioning-huperzine-a-copy-copy-3,0.63365865
http://staragri.com/Strategy/GlobalAdvantage.aspx,0.6335063
http://www.onthehouse.com/show-notes-sparkling-glass-and-wood-furniture,0.63341343
http://www.logolynx.com/topic/millennial,0.633245
http://www.findlocalhelpnow.com/kitchen-remodels.html,0.63314617
http://baxi-boilers.net/twyford/baxi-combi-boilers,0.63227975
http://realestate.sabor.com/homes-for-sale/231-E-KINGS-HWY-San-Antonio-TX-78212-310586735,0.6318303
http://www.maryland-trenchless.com/city/sewer_lateral_point_repairs/Gaithersburg.html,0.6310018
http://temecula-carpetcleaning.com/2018/09,0.6306422
http://www.uscablingpros.com/gray-ga-pro-onsite-cabling-for-voice-data-networks-low-voltage-solutions,0.6290201
http://www.freeradiotune.com/jamaica/listen-to-radio-jamaica-94-fm,0.62869966
http://www.londonwaterdamage.co.uk/water-damage-restoration/woodford-green-essex-ig8,0.6281564
http://www.handy.com/services/home-cleaning/new-york/financial-district,0.6279946
http://officeequipmentflorida.com/florida/doral-copy-machine-lease.php,0.62701595
http://prohousekeepers.com/blog/7-healthy-cleaning-traditions-everyone-can-learn-about-from-different-cultures,0.62500566
http://sanrocycles.com/shop-2/hercules/roadeo/hercules-roadeo-turner-discbrake?add_to_wishlist=2279,0.62422967
http://realestate.sabor.com/AgentSearch/KeltonDay-15575889,0.62395346
http://loftlivingroyaloak.com/lofts-in-royal-oak-michigan/lofts-11,0.6238538
http://www.roofingquotes.co.uk/in/the-hythe,0.62374973
http://www.gamelife.com/league-of-legends/ss-vs-blg-top-vs-jdg-2019-lpl-spring-split-matches-recap,0.6237046
http://www.smartichi.com/2021/01/andhra-pradesh-mysterious-disease-grips.html,0.62368
http://www.sarasotacrew.org/aboutusmain/ourimpact/alumni/2010,0.6235497
http://www.careerjobtech.com/2020/07/aptitude-questions-for-competitive-exams_21.html,0.62314343
http://www.suiteness.com/suites/united-states/tennessee/nashville/dream-nashville,0.6229492
http://alphakleen.sg/cleaning-services/upholstery-cleaning-singapore,0.6212083
http://www.handy.com/services/home-cleaning/los-angeles/melrose-hill,0.62118304
http://buyfrompg.com/real-estate-blog/avoid-planting-these-trees,0.62090594
http://www.vari.cz/en/about-us,0.6198508
http://dlklocksmiths.co.uk/locksmith-alphamstone,0.6190703
http://sarasotacrew.org/menujoinus/youth-rowing/middle-school,0.6189848
http://www.suiteness.com/suites/united-states/texas/irving/features/Kitchenette,0.6188327
http://www.onsitein60.com/locations/it-support-philadelphia,0.61824095
http://www.homeyou.com/carpet-cleaning-cost,0.6179106
http://www.nvre.com.au/2-3-heidelberg-avenue-newington-nsw-5400669,0.6178785
http://rachelcaldwelldental.com/cosmetic-dentistry,0.6177616
http://www.foreclosure.com/listings/salome-az,0.61764735
http://ineedemergencyplumbingservice.com/south-dakota/brandon-sd,0.61756456
http://dubaipt.com/benefits-of-self-defense-101,0.6172911
http://www.thenailbarbyanisha.com/services/opi-shatter-each,0.61715305
http://souffrontengineering.com/40-year-inspection-company,0.6169642
http://b1maidclean.com/colorado/lafayette-co,0.615955
http://canadianstoreguide.com/iamgold-corp-customer-service-phone-numbers,0.61583304
http://www.suffolkoil.com/home-heating-oil-west-bay-shore-ny,0.6156819
http://www.housmanpartners.com/locations/homes-for-sale-in-west-paducah-ky,0.61546004
http://www.yellowboxweb.com/web-design-carter-tn,0.6152488
http://xperttexas.com/breckenridge/tpo-roofing-replacement.html,0.6138549
http://remitradar.com/CurrencyConverter/Convert?amount=5000&from=EUR&to=INR,0.61385196
http://kairos-nekretnine.hr/en/realestate/2937/apartment-32-m2-for-rent-rijeka-vojak,0.61359257
http://www.henryherbert.com/tag/tweed-wedding-suit,0.6129792
http://moistyling.co.za/burglar-bars-duncanville,0.61291546
http://agrifica.co.za/irrigation-suppliers-kyalami,0.61244905
http://bcs-cleaningservices.com/minnesota/blaine/commercial-deep-cleaning-services.php,0.61127657
http://zhillerlaw.com/band-trademark-scotus,0.6111342
http://easydumpsterrental.com/iowa/dumpster-rental-cedar-rapids-ia,0.6099453
http://servicemaster-dcs.com/sharon-wi,0.609434
http://www.ati-aca.org/about-us/who-we-are,0.60925233
http://diprimahomes.com/st-charles-homes-for-sale,0.6085329
http://www.londonwaterdamage.co.uk/residential-flood-repair/new-kent-road-london-se1,0.6081706
http://westpac.banklocationmaps.com/au/queensland,0.60774934
http://dlklocksmiths.co.uk/locksmith-much-hadham,0.60726964
http://nigerianfinder.com/airtel-nigeria-customer-care-contacts,0.60690874
http://callingtoronto.com/send-money-toronto-ontario,0.60668445
http://www.yellowpagesofafrica.com/companies/morocco/shoes-manufactures,0.6065333
http://www.yellowpagesofafrica.com/companies/zimbabwe/food-industries,0.60646605
http://www.chameleonwebservices.co.uk/contact-us/privacy-policy,0.60645676
http://waroofservices.com.au/services/asbestos-removal-perth,0.6062703
http://realestate.sabor.com/landlots-for-sale/5750-BECK-RD-San-Antonio-TX-78263-311008086,0.605999
http://realestate.sabor.com/homes-for-sale/1214-Sheffield-Rd-Seguin-TX-78155-310241098,0.605277
http://www.rufusguitarshop.com/product/taylor-314ce-v-class,0.6052116
http://blog.whitesidemanor.com/2014/01/attorney-general-holder-responds.html,0.6048103
http://keepitlocal.net.au/electrolux-clothes-dryer-repair-keilor-lodge-vic,0.6042968
http://www.eliteproservers.com/process-server-silver-lake-ca,0.6036297
http://www.cheaplocksmithphiladelphia.com/emergency-locksmith-malaga-nj,0.60333425
http://www.pandatagroup.com/blog/cat/elt,0.60278696
http://fundcapitalamerica.com,0.6027154
http://www.silverair.com/private-jet-charters/private-jet-charter-flights-spencer-spw-silver-air,0.60267586
http://callanexpert.live/page/tips-finding-good-green-roof-roofing-contractor-higginsville-missouri-site-estimate-vJMd65Krq-Wp,0.60242856
http://gloucesterseamlessgutters.com/kensington,0.6021794
http://ayomahir.com/jasaeditfototermurah/2019/12/jasa-ganti-background-foto-murah-kota-binjai.html,0.6019582
http://www.idnfinancials.com/company/industry/plantation-9,0.60188335
http://www.orlandovillas.com/florida_guide/lakeridge-winery-and-vineyar-events.aspx,0.6013453
http://openformula.uk?C=N%3BO%3DA,0.6004897
http://www.iloveshelling.com/blog/2011/02/09/how-to-restore-color-to-your-seashells-tutorial?replytocom=63760,0.59996927
http://www.winapambudi.com/bakti-sosial-organisasi-akupresurep3ai-bandung-terhadap-masyarakat-di-ciwidey,0.59986115
http://investor.quinstreet.com/index.php/sec-filings/sec-filing/10-k/0001193125-12-366660,0.5996267
http://www.mydubaistay.com/blogs?tag=/dubai+holiday+apartments,0.5994852
http://wolfstreet.com/2020/07/20/ok-the-zoo-has-gone-nuts-fraudulent-press-release-of-buyout-nearly-triples-stock-price-of-soon-to-be-bankrupt-shale-oil-driller-briefly,0.5983869
http://h1bdata.info/index.php?city=&em=RADIANT+DIGITAL+SOLUTIONS+INC&job=SOFTWARE+DEVELOPER&year=2020,0.5983714
http://www.strathlachlan.co.uk/location/dunoon,0.5980344
http://www.yellowpagesofafrica.com/companies/guinea/temporary-work-interim,0.59760284
http://id.org.za/home-renovations-rietondale,0.59759295
http://h1bdata.info/index.php?city=&em=SALESFORCECOM+INC&job=SENIOR+OFFENSIVE+SECURITY+RESEARCHER&year=2020,0.59748304
http://federaldisabilityretirement.wordpress.com/tag/the-difficult-plight-of-a-postal-employee-with-a-serious-medical-condition,0.5955241
http://www.webuyhousesnowinwashington.com/blog/cash-offer-for-your-house-in-seattle-or-tacoma,0.5945714
http://www.helis.com/database/news/high-altitude-ansat,0.59410584
http://www.blendhub.com/innovative-businesses-are-social,0.59358704
http://sellmyforms.com/library/495559516-sample-letter-for-complaint-to-probate,0.59306824
http://blog.whitesidemanor.com/2014/02/supreme-court-ruled-dealers-not.html,0.59217536
http://www.certvalue.com/soc-2-certification-in-barbados,0.58972263
http://proagent.hr/en/realestate/80/commercial-property-120-m2-for-sale-buje,0.589481
http://www.intellidockers.com,0.58946514
http://patigeni.com/proteksi-kebakaran-untuk-industri-kimia-yang-paling-efektif,0.58875966
http://brantford.properties/brantfordrealestate/2601-56-forest-manor-rd-toronto-ontario-m2j-1m6-22559075,0.5887511
http://www.bernardbuyshouses.com/home/sell-my-house-fast-canterbury-ct,0.588555
http://www.translationindubai.com/professional-legal-translation-services-from-errors-perspective,0.5884069
http://redlandsseamlessgutters.com/redlands,0.58779365
http://h1bdata.info/index.php?city=&em=AMAZON+&job=SALES+ANALYST+II,0.58744746
http://sojuzpatent.com/news/1206_1085,0.58721554
http://windows-installation.com/wooden-windows-installation-moreno-valley-ca,0.5872004
http://www.howardandarca.com/areas-we-serve/douglasville-criminal-defense,0.5867858
http://www.webmedjugorje.com/index.php/croats-xm-in-croatia-and-bosnia-and-herzegovina-xm/croatian-national-treasure/croatian-folk-dance-and-song/1814-sword-dances,0.58661866
http://www.chiropractorz.uk/norwich.html,0.58651173
http://www.cctvmalaysia.my/hikvision/cctv-wireless,0.58634603
http://privateinvestigator-cheshire.co.uk/chorlton-lane,0.5862943
http://gutterguardking.com.au/eastwood,0.58607453
http://accidentdatacenter.com/us/colorado/denver-co,0.58595395
http://www.treemasters-tree-service.com/richland-hills-tree-service-near-me,0.5858909
http://ibxservices.com/prevent-water-damage-caused-by-winter-weather,0.58562595
http://www.home-hunts.com/destinations/france/languedoc/property-for-sale-carcassonne,0.58533895
http://www.divinebalance.com.au/modalities,0.5847901
http://www.yourlongislandbankruptcylawyer.com/debt-consolidation-west-sayville,0.5844737
http://www.grandrapidshomesforsale.com/grand-rapids,0.58324623
http://idrweoneinfo.net/trik-bermain-roulette-online-agar-mudah-menang,0.5821626
http://ojosantafe.ojospa.com/uncategorized/notes-from-the-road-alonso-rael-property,0.5814624
http://www.milesfranklin.com/black-decade,0.57988495
http://www.plasteringwirral.com/artex-removal.html,0.5797037
http://www.bestbathtubfinish.com/bathtub-refinishing-and-bathtub-reglazing-in-decatur-al,0.57966995
http://www.webpronews.com/groundhog-day-prediction-to-be-streamed-live-online,0.57957006
http://renewhr.com/financial-services,0.5779383
http://tamatelandscaping.com/category/ponds-and-waterfeatures,0.5765593
http://www.sentinelportraits.com/tag/cobbosscecountee-lake,0.57639754
http://win-vector.com/2016/03/24/more-on-npm-leftpad,0.5763975
http://theskylive.com/sky/stars/hr-3115-star,0.5757538
http://planetechusa.com/poe-lighting-advancements-illuminate-cities-of-the-future,0.5753673
http://www.certvalue.com/fcc-certification-in-panama,0.5753294
http://primediaonline.co.za/construction-west-beach,0.5725872
http://www.lawncarecamas.com/leaf-clean-up-vancouver-wa,0.57187665
http://federaldisabilityretirement.wordpress.com/tag/eligibility-criteria-for-disability-under-fers-and-csrs-laws,0.5711769
http://perfmar.com/european-cars-on-display-at-saratoga-auto-museum,0.57064056
http://boleccionistas-coleccionistas.blogspot.com/2020/08,0.5706306
http://www.cctvmalaysia.my/hikvision/hikvision-aac,0.57055277
http://ourairports.com/airports/ZWSH,0.5705407
http://korel.com/plans/R1255L,0.5701931
http://cremweb.shoalhaven.nsw.gov.au/index.php/help-a-information/69-the-shoalhaven-cemeteries/shoalhaven-memorial-gardens-lawn-cemetery/chapel-and-crematoirum-new/chapel-facilities/93-slideshow-tips,0.5686331
http://www.lepore-ca.com,0.56838185
http://www.jetdirectmortgage.com/mortgage-company-lakeview,0.568246
http://www.ejvision.co.uk/cctv-installation-wilstone,0.5681143
http://smallforsenate.com/2019-cadillac-pickup-truck-release-date-interior-price,0.56770325
http://ahre.be/en/bien/un-bien-en?d=3596UBI,0.5675645
http://korel.com/plans/R1321L,0.5658697
http://puridunia.com/luis-marandi-gave-a-befitting-reply-hemant-sarkar-should-not-stop-raping-then-wear-bangles/481799,0.56535256
http://wvaccidentlawyer.org/2013/09/30/ruptured-airline-injures-gas-well-worker,0.56454647
http://www.photoblog.com/frankhphillips/2017/01/22/the-carousel-of-progress,0.5644109
http://psmag.com/economics/buying-fewer-cars-driving-fewer-miles-buying-less-gas-70121,0.5643225
http://www.uk-business-services.co.uk/search.htm?Town=Fordingbridge,0.56389904
http://www.landcentury.com/land-for-sale/florida/0.23-acres-for-sale-in-port-charlotte-fl-121553,0.5631495
http://antminers9.com.au/product-tag/obelisk-sc1-georgia,0.5631107
http://www.backmarket.co.uk/second-hand-iphone-4-32-gb-black-foreign-operator/1261.html,0.5625813
http://www.garagedoorguruny.com/garage-door-installation-port-washington-north,0.56236684
http://www.layupshot.com/jersey/chris-bosh-07,0.5619927
http://www.idnfinancials.com/bbkp/pt-bank-bukopin-tbk,0.5619143
http://www.xplsolutions.com/shippers/harihar/transport-services/163734/book-truck-online,0.5611407
http://www.kolkatabazardecor.co.in,0.56092846
http://www.southernvanhire.co.uk/hampshire/vehicle-rental-in-fleet,0.56059015
http://chittendendental.com/cosmetic-dentistry-is-more-affordable-than-you-think,0.56007063
http://movetomaricopaaz.com/2014/09/21/what-is-hard-water-in-arizona,0.5598343
http://doncasterbathrooms.com/17-december-2019-christmas-video,0.5598098
http://www.divorcemag.com/directory/crystal-l-orgill,0.5593053
http://b1biocleaners.com/colorado/greenwood-village-co,0.5580298
http://h1bdata.info/index.php?city=MIAMI&em=AMAZON+&job=&year=2020,0.55720913
http://www.nedive.com/trip/Roatan-2021,0.5568636
http://stoneagecontractors.com/read-these-tips-for-a-home-improvement-success,0.5565922
http://b1biocleaners.com/texas/edinburg-tx,0.5564866
http://www.apexdampandwalltiesltd.co.uk/condensation-specialist-ormskirk-2,0.55620944
http://350philadelphia.org/2017/03/12/marcellus-shale-a-blessing-or-a-curse,0.55521125
http://formatchangearchive.com/boom-102-9-becomes-classix,0.5545016
http://moncleroutletsales.com/young-america-insurance-company-online-payment,0.55386823
http://privatedetective-aylesbury.co.uk/thornborough,0.55323875
http://www.calculatorschool.com/TaxCalculator/NewZealand.aspx,0.5519613
http://www.saint-malo-boutique.com/losangeleshotelsreview/hotels-los-angeles-hotels-for-sale-cheap,0.55184054
http://www.yellowpagesofafrica.com/companies/burundi/restaurants-bars,0.551207
http://www.mindgroom.com/career-counselling-in-maharashtra,0.55119467
http://www.twoyengineering.com,0.55067503
http://chinesebaptist.us/654916,0.5502331
http://www.crimevictimservices.org/our-services.html,0.54868895
http://ipfinder.io/80.95.240.0,0.5464073
http://dealbreaker.com/2007/02/opening-bell-2-1-07,0.5460628
http://forsalecalgary.com/blog.html/categories/history,0.54480267
http://goldenvalue.ae/project/town-square,0.542109
http://agarwalfastwaypackers.com/packers-and-movers-Paravoor-Kerala,0.5417299
http://classybangaloreescorts.com/locations/koramangala.html,0.5416913
http://www.pestpatrolonline.net/how-to-get-rid-of-spider-mites,0.5408379
http://www.indonesiagreenfurniture.com/about-us,0.5406358
http://www.newsbytesapp.com/news/business/ultratech-jp-associates-landmark-cement-deal/story,0.53955823
http://b1biocleaners.com/maryland/laurel-md,0.53792953
http://www.dreamerspuertorico.com/faq,0.53762215
http://phone.report/connecticut/203-839,0.53745544
http://boleccionistas-coleccionistas.blogspot.com/2014/09,0.536567
http://igcd.net/vehicle.php?id=12516,0.5364567
http://redbarnfinefurniture.com/l/harston/kitchen-company,0.53558135
http://medianegotiator.net/broca,0.5333216
http://www.murphysafterhours.com,0.53253156
http://www.friends1st.co.uk/christian-dating-feedback/value-for-money,0.5325315
http://www.kennelswigan.co.uk/2015/07/kennels-chorley,0.53109217
http://ecofusionflooring.com/ecofusion-manufacturing-the-best-bamboo-flooring-for-san-francisco-homes-and-businesses,0.5310422
http://florafinder.org/Species/Prunella_vulgaris.php,0.5308558
http://starlite-campbell.com/product/552795,0.5307262
http://www.fxkart.com/singapore-dollar-sgd-exchange-rates-in-banga.aspx,0.5296978
http://www.salemlutheranrockford.org/texas-am-sap-calculator-ap-courses,0.5279382
http://www.subbarealestate.com/property/home-for-sale-in-rose-villa,0.527667
http://rojaslawgroup.com/2020/09/08/after-a-multi-vehicle-car-accident-in-tampa-florida,0.5266687
http://www.chimeramotors.com/upholstery,0.5264579
http://www.watermanlibrary.com/online-library-resources,0.5256815
http://kingrichards.com/category-products/555/St-Matthias-the-Apostle,0.5251275
http://www.webpronews.com/celia-cruz-queen-of-salsa-gets-a-google-doodle,0.5250508
http://ibostoncarservice.com/boston-to-greenwich-car-service,0.525043
http://www.immigration.ca/other-australia-services,0.5234372
http://www.mycountrymobile.com/2020/06/21/microsoft-lync-3cx,0.5232867
http://brokespromise.com.au/appliance-repair-moreland-west-3055,0.5210278
http://www.mohneystowinginc.net/missouri/raymore-mo,0.5204617
http://www.egrabow.com/AVCA/index.php?v=1911&varr=%5B4015%2C3721%5D,0.5199332
http://www.bathroomdesignandsupply.co.uk/bathroom-tiles-in-atherton,0.5198055
http://mary--cummins.blogspot.com,0.51742554
http://981.jp/r5543.html,0.51729405
http://www.usbeachnetwork.net/2019/06/casa-del-sol-condo-for-sale-gulf-shores_14.html,0.5162709
http://www.usbeachnetwork.net/2019/05/pensacola-condo-for-sale-at-harbour.html,0.5160625
http://www.immigration.ca/tag/unemployment,0.51546705
http://www.preludeevents.com/portfolio/international-congress-event,0.51528823
http://vcfencing.com/tag/palisade-fencing-western-cape,0.5131389
http://midori-global.com/products/better-pdf-exporter-for-jira/data-center/export-samples,0.5131229
http://b1janitorialservice.com/illinois/naperville-il,0.512926
http://www.towncharts.com/Illinois/Housing/61872-Zipcode-IL-Housing-data.html,0.5127778
http://embeddedschool.in/raspberry-pi-vs-arduino,0.5118616
http://lawprofitability.com/2010/09/03/outsource-3,0.5101892
http://constructionequipmentreviews.com/cat-parts/new-height-with-caterpillar,0.51002574
http://www.marham.pk/doctors/mian-channu/general-physician,0.5092387
http://forevervent.com/minneapolis-air-duct-cleaning-services,0.509209
http://www.ninepeakssolutions.com/aboutus/the-mountains/washington,0.5082186
http://www.rochestersubway.com/topics/2014/01/tell-senator-robach-we-actually-want-safer-streets,0.5074524
http://greentigerproductions.com/match-wifes/59822/79053/29305/Lick-pussy-in-Moreno-Valley-California,0.5031979
http://www.lknlistings.com/property-search,0.5029589
http://propeciaf.com/small-bedroom-decorating-ideas-diy/716/diy-bedroom-decor-step-by-step-bedroom-design-ideas-photo-gallery,0.5027636
http://madeleinehicks.com.au/houses-for-sale-stafford,0.4998776
http://rainbow-reservoirs.co.za,0.499538
http://sellmyforms.com/radio/radio-support-agreement,0.49927315
http://www.alzheimers.net/resources/iowa/charter-oak,0.49809408
http://www.beechrestorations.com/category/painting-services,0.49689513
http://bethesdashortsale.com/germantown-md,0.49546146
http://injurylawyer360.com/ivc-filter-lawyer-in-willow-city-texas-78675,0.49152604
http://www.hairandface.it/wabi-sabi-by-shuji,0.49089092
http://www.peoplefinders.com/name/aaron-corter/ca,0.49017334
http://www.acecriminalattorneys.com/best-strategies-for-a-san-fernando-court-dui-case,0.4881202
http://weinerpublic.com,0.48809478
http://www.towncharts.com/Illinois/Housing/60115-Zipcode-IL-Housing-data.html,0.48808283
http://dellabellaphotography.com/service-areas/wedding-photography-winsted-ct,0.48690766
http://set.solar/mn/east-bethel/benefits-of-home-solar-panels.php,0.486117
http://madeleinehicks.com.au/lutwyche-rentals,0.48585892
http://www.epodiatrists.com/podiatrists-colfax-iowa,0.4853388
http://energyoutlet.com/texas/whitewright-electricity-rates-energy-plans,0.48431283
http://ppblawyers.com/dui-drunk-driving-attorneys-lawyers,0.4833299
http://id.org.za/burglar/burglar-guards-minnebron,0.48290986
http://www.servpronorthleoncounty.com/blog/post/81025/mold-removal-remediation/why-you-need-professionals-for-mold-damage-restoration-to-your-centerville-home,0.4791383
http://set.solar/mn/kasota/benefits-of-home-solar-panels.php,0.47794002
http://www.epodiatrists.com/podiatrists-whitman-nebraska,0.47776178
http://www.hopetv.org/shows/crossconnection/blog/post/go/2011-12-25/jesus-is-the-king/100'dhwp%22ihbz,0.47589982
http://liftlocal.com/customer-calls,0.4755687
http://thetrailerboy.com/virginia/rice-custom-trailers,0.4754334
http://jackfmcasper.com/watch-kanye-west-holds-sunday-service-in-cody-wyoming,0.4747783
http://www.dynadot.com/domain/camera.html,0.47442782
http://set.solar/mn/baldwin/home-solar-system-cost.php,0.47417974
http://www.howardshousecleaning.com/maid-service-hollywood,0.4741491
http://set.solar/mn/pine-springs/solar-panel-providers-near-me.php,0.4696216
http://set.solar/mn/blakeley/cost-to-install-solar-roof.php,0.46637368
http://www.basketballinsiders.com/looking-at-the-nba-draft-the-no-8-picks,0.46636423
http://www.peoplefinders.com/name/raquel-paredes/pa,0.46573284
http://www.epodiatrists.com/podiatrists-cheboygan-michigan,0.46482506
http://www.imedix.com/doctor/dr-robert-w-sears?filter=answers-comments,0.4635746
http://topastrologerguru.com/black-magic-specialist-liverpool,0.46295434
http://www.peninsularwar200.org/category/tree-services,0.46292472
http://royaldutchshellplc.com/2007/09/18/vanguard-nigeria-bayelsa-house-summons-shell,0.4629047
http://phone.report/district-of-columbia/202-828,0.44666272
http://www.brazil-land-sales.com/2019/06/how-water-leakage-can-affect-your-carpet,0.43977728
http://www.epodiatrists.com/podiatrists-blue-point-new-york,0.43371552
http://www.peoplefinders.com/name/tree-heartwood/nc,0.4283864
http://glints.com/vn/opportunities/jobs/sales-representative/9659b777-999e-4f39-ab8c-b84b2c318856,0.3964709
